datetime,symbol,open,high,low,close,volume
2026-09-09 11:23:00,FX:XAUUSD,4403.89,4404.9,4403.75,4404.88,228.0
2026-09-09 11:24:00,FX:XAUUSD,4404.88,4406.12,4404.69,4405.91,483.0
2026-09-09 11:25:00,FX:XAUUSD,4405.91,4407.03,4405.91,4406.64,443.0
2026-09-09 11:26:00,FX:XAUUSD,4406.64,4408.36,4406.5,4407.89,445.0
2026-09-09 11:27:00,FX:XAUUSD,4407.89,4409.02,4407.57,4408.82,398.0
2026-09-09 11:28:00,FX:XAUUSD,4408.82,4408.9,4407.39,4408.22,389.0
2026-09-09 11:29:00,FX:XAUUSD,4408.22,4408.57,4407.36,4408.14,476.0
2026-09-09 11:30:00,FX:XAUUSD,4408.14,4408.37,4405.84,4406.06,597.0
2026-09-09 11:31:00,FX:XAUUSD,4406.06,4407.26,4405.59,4406.53,533.0
2026-09-09 11:32:00,FX:XAUUSD,4406.53,4407.02,4405.82,4406.95,542.0
2026-09-09 11:33:00,FX:XAUUSD,4406.95,4407.69,4406.95,4407.04,465.0
2026-09-09 11:34:00,FX:XAUUSD,4407.04,4407.04,4404.41,4404.65,483.0
2026-09-09 11:35:00,FX:XAUUSD,4404.65,4404.66,4403.83,4404.44,444.0
2026-09-09 11:36:00,FX:XAUUSD,4404.44,4404.53,4403.41,4403.98,404.0
2026-09-09 11:37:00,FX:XAUUSD,4403.98,4404.27,4403.22,4403.62,386.0
2026-09-09 11:38:00,FX:XAUUSD,4403.62,4405.45,4403.56,4404.6,552.0
2026-09-09 11:39:00,FX:XAUUSD,4404.6,4404.76,4403.52,4404.69,440.0
2026-09-09 11:40:00,FX:XAUUSD,4404.69,4405.85,4404.65,4405.51,343.0
2026-09-09 11:41:00,FX:XAUUSD,4405.51,4405.76,4404.65,4404.99,491.0
2026-09-09 11:42:00,FX:XAUUSD,4404.99,4406.9,4404.89,4406.41,548.0
2026-09-09 11:43:00,FX:XAUUSD,4406.41,4406.89,4404.98,4406.0,481.0
2026-09-09 11:44:00,FX:XAUUSD,4406.0,4406.08,4405.09,4405.36,376.0
2026-09-09 11:45:00,FX:XAUUSD,4405.36,4406.33,4404.96,4405.04,481.0
2026-09-09 11:46:00,FX:XAUUSD,4405.04,4405.07,4403.47,4403.48,504.0
2026-09-09 11:47:00,FX:XAUUSD,4403.48,4404.07,4403.25,4403.82,329.0
2026-09-09 11:48:00,FX:XAUUSD,4403.82,4405.3,4403.64,4405.23,370.0
2026-09-09 11:49:00,FX:XAUUSD,4405.23,4414.53,4405.22,4413.81,2516.0
2026-09-09 11:50:00,FX:XAUUSD,4413.81,4415.2,4412.49,4413.06,2576.0
2026-09-09 11:51:00,FX:XAUUSD,4413.06,4413.32,4409.0,4409.14,1449.0
2026-09-09 11:52:00,FX:XAUUSD,4409.14,4412.2,4408.61,4410.01,894.0
2026-09-09 11:53:00,FX:XAUUSD,4410.01,4410.64,4408.76,4409.25,655.0
2026-09-09 11:54:00,FX:XAUUSD,4409.25,4409.25,4406.72,4407.0,539.0
2026-09-09 11:55:00,FX:XAUUSD,4407.0,4407.1,4405.82,4406.67,651.0
2026-09-09 11:56:00,FX:XAUUSD,4406.67,4407.71,4406.49,4407.1,520.0
2026-09-09 11:57:00,FX:XAUUSD,4407.1,4408.32,4407.1,4407.74,419.0
2026-09-09 11:58:00,FX:XAUUSD,4407.74,4408.48,4406.82,4406.87,650.0
2026-09-09 11:59:00,FX:XAUUSD,4406.87,4407.71,4406.38,4407.34,431.0
2026-09-09 12:00:00,FX:XAUUSD,4407.34,4409.33,4407.25,4408.73,754.0
2026-09-09 12:01:00,FX:XAUUSD,4408.73,4408.73,4406.52,4406.56,657.0
2026-09-09 12:02:00,FX:XAUUSD,4406.56,4407.22,4405.93,4406.06,668.0
2026-09-09 12:03:00,FX:XAUUSD,4406.06,4407.16,4404.89,4405.05,677.0
2026-09-09 12:04:00,FX:XAUUSD,4405.05,4405.14,4403.14,4404.06,699.0
2026-09-09 12:05:00,FX:XAUUSD,4404.06,4405.75,4403.31,4403.58,762.0
2026-09-09 12:06:00,FX:XAUUSD,4403.58,4404.55,4401.43,4401.46,725.0
2026-09-09 12:07:00,FX:XAUUSD,4401.46,4403.02,4400.86,4402.99,713.0
2026-09-09 12:08:00,FX:XAUUSD,4402.99,4403.93,4401.45,4401.81,671.0
2026-09-09 12:09:00,FX:XAUUSD,4401.81,4403.26,4400.85,4403.26,647.0
2026-09-09 12:10:00,FX:XAUUSD,4403.26,4404.66,4403.22,4404.08,587.0
2026-09-09 12:11:00,FX:XAUUSD,4404.08,4404.7,4402.82,4403.1,619.0
2026-09-09 12:12:00,FX:XAUUSD,4403.1,4403.33,4400.5,4400.53,672.0
2026-09-09 12:13:00,FX:XAUUSD,4400.53,4401.02,4399.79,4399.79,507.0
2026-09-09 12:14:00,FX:XAUUSD,4399.79,4399.96,4399.07,4399.19,515.0
2026-09-09 12:15:00,FX:XAUUSD,4399.19,4399.55,4398.14,4398.75,588.0
2026-09-09 12:16:00,FX:XAUUSD,4398.75,4400.24,4397.56,4397.7,824.0
2026-09-09 12:17:00,FX:XAUUSD,4397.7,4397.97,4397.05,4397.65,607.0
2026-09-09 12:18:00,FX:XAUUSD,4397.65,4398.77,4396.86,4397.46,565.0
2026-09-09 12:19:00,FX:XAUUSD,4397.46,4397.78,4395.92,4396.63,544.0
2026-09-09 12:20:00,FX:XAUUSD,4396.63,4400.25,4394.83,4400.11,1330.0
2026-09-09 12:21:00,FX:XAUUSD,4400.11,4400.33,4397.84,4399.38,802.0
2026-09-09 12:22:00,FX:XAUUSD,4399.38,4399.68,4398.01,4398.13,613.0
2026-09-09 12:23:00,FX:XAUUSD,4398.13,4398.49,4395.74,4396.57,784.0
2026-09-09 12:24:00,FX:XAUUSD,4396.57,4396.91,4394.79,4396.84,817.0
2026-09-09 12:25:00,FX:XAUUSD,4396.84,4396.98,4394.3,4394.45,851.0
2026-09-09 12:26:00,FX:XAUUSD,4394.45,4394.95,4394.02,4394.66,700.0
2026-09-09 12:27:00,FX:XAUUSD,4394.66,4396.65,4394.32,4394.81,675.0
2026-09-09 12:28:00,FX:XAUUSD,4394.81,4396.16,4394.33,4394.36,591.0
2026-09-09 12:29:00,FX:XAUUSD,4394.36,4395.46,4393.52,4393.72,590.0
2026-09-09 12:30:00,FX:XAUUSD,4393.72,4393.88,4391.79,4392.68,1101.0
2026-09-09 12:31:00,FX:XAUUSD,4392.68,4394.48,4392.68,4393.09,665.0
2026-09-09 12:32:00,FX:XAUUSD,4393.09,4395.51,4392.44,4395.12,744.0
2026-09-09 12:33:00,FX:XAUUSD,4395.12,4396.44,4394.62,4395.91,560.0
2026-09-09 12:34:00,FX:XAUUSD,4395.91,4397.2,4395.61,4396.28,614.0
2026-09-09 12:35:00,FX:XAUUSD,4396.28,4397.53,4395.71,4395.72,576.0
2026-09-09 12:36:00,FX:XAUUSD,4395.72,4397.6,4394.67,4396.77,1026.0
2026-09-09 12:37:00,FX:XAUUSD,4396.77,4396.78,4393.98,4394.83,660.0
2026-09-09 12:38:00,FX:XAUUSD,4394.83,4394.83,4392.48,4393.12,669.0
2026-09-09 12:39:00,FX:XAUUSD,4393.12,4393.28,4390.89,4391.22,710.0
2026-09-09 12:40:00,FX:XAUUSD,4391.22,4392.84,4390.82,4392.5,571.0
2026-09-09 12:41:00,FX:XAUUSD,4392.5,4393.71,4391.48,4392.66,751.0
2026-09-09 12:42:00,FX:XAUUSD,4392.66,4393.54,4391.06,4392.41,634.0
2026-09-09 12:43:00,FX:XAUUSD,4392.41,4394.31,4391.63,4393.68,758.0
2026-09-09 12:44:00,FX:XAUUSD,4393.68,4395.67,4393.16,4395.43,581.0
2026-09-09 12:45:00,FX:XAUUSD,4395.43,4399.76,4395.34,4398.85,838.0
2026-09-09 12:46:00,FX:XAUUSD,4398.85,4399.53,4397.59,4398.32,468.0
2026-09-09 12:47:00,FX:XAUUSD,4398.32,4398.9,4397.85,4398.76,533.0
2026-09-09 12:48:00,FX:XAUUSD,4398.76,4399.33,4398.01,4398.3,353.0
2026-09-09 12:49:00,FX:XAUUSD,4398.3,4398.4,4396.97,4397.26,434.0
2026-09-09 12:50:00,FX:XAUUSD,4397.26,4397.26,4396.02,4396.98,370.0
2026-09-09 12:51:00,FX:XAUUSD,4396.98,4397.56,4396.46,4396.49,541.0
2026-09-09 12:52:00,FX:XAUUSD,4396.49,4398.17,4396.2,4397.87,535.0
2026-09-09 12:53:00,FX:XAUUSD,4397.87,4398.81,4396.54,4396.8,482.0
2026-09-09 12:54:00,FX:XAUUSD,4396.8,4398.99,4396.57,4398.39,607.0
2026-09-09 12:55:00,FX:XAUUSD,4398.39,4398.99,4398.22,4398.93,433.0
2026-09-09 12:56:00,FX:XAUUSD,4398.93,4400.2,4398.87,4400.2,417.0
2026-09-09 12:57:00,FX:XAUUSD,4400.2,4402.1,4400.18,4401.94,513.0
2026-09-09 12:58:00,FX:XAUUSD,4401.94,4402.26,4401.21,4401.35,482.0
2026-09-09 12:59:00,FX:XAUUSD,4401.35,4401.39,4399.78,4400.08,488.0
2026-09-09 13:00:00,FX:XAUUSD,4400.08,4404.55,4398.59,4404.38,1731.0
2026-09-09 13:01:00,FX:XAUUSD,4404.38,4404.51,4402.85,4403.94,1062.0
2026-09-09 13:02:00,FX:XAUUSD,4403.94,4407.15,4403.64,4407.13,1079.0
2026-09-09 13:03:00,FX:XAUUSD,4407.13,4408.31,4404.02,4404.83,1012.0
2026-09-09 13:04:00,FX:XAUUSD,4404.83,4407.35,4404.61,4407.06,978.0
2026-09-09 13:05:00,FX:XAUUSD,4407.06,4408.64,4406.77,4408.3,973.0
2026-09-09 13:06:00,FX:XAUUSD,4408.3,4409.55,4408.3,4409.16,643.0
2026-09-09 13:07:00,FX:XAUUSD,4409.16,4409.18,4407.42,4408.79,800.0
2026-09-09 13:08:00,FX:XAUUSD,4408.79,4410.44,4408.13,4408.32,736.0
2026-09-09 13:09:00,FX:XAUUSD,4408.32,4410.53,4408.22,4409.78,761.0
2026-09-09 13:10:00,FX:XAUUSD,4409.78,4411.06,4409.55,4411.04,686.0
2026-09-09 13:11:00,FX:XAUUSD,4411.04,4413.48,4410.58,4410.85,1026.0
2026-09-09 13:12:00,FX:XAUUSD,4410.85,4411.93,4409.99,4411.8,881.0
2026-09-09 13:13:00,FX:XAUUSD,4411.8,4412.81,4410.91,4411.94,625.0
2026-09-09 13:14:00,FX:XAUUSD,4411.94,4413.41,4410.91,4413.19,734.0
2026-09-09 13:15:00,FX:XAUUSD,4413.19,4414.03,4411.4,4412.59,966.0
2026-09-09 13:16:00,FX:XAUUSD,4412.59,4413.05,4410.76,4410.84,775.0
2026-09-09 13:17:00,FX:XAUUSD,4410.84,4413.25,4410.84,4412.47,808.0
2026-09-09 13:18:00,FX:XAUUSD,4412.47,4413.49,4412.07,4413.03,626.0
2026-09-09 13:19:00,FX:XAUUSD,4413.03,4417.62,4413.01,4417.25,1051.0
2026-09-09 13:20:00,FX:XAUUSD,4417.25,4417.62,4414.44,4417.37,789.0
2026-09-09 13:21:00,FX:XAUUSD,4417.37,4419.42,4416.1,4418.01,1050.0
2026-09-09 13:22:00,FX:XAUUSD,4418.01,4420.36,4416.75,4419.1,1018.0
2026-09-09 13:23:00,FX:XAUUSD,4419.1,4423.22,4418.74,4423.0,980.0
2026-09-09 13:24:00,FX:XAUUSD,4423.0,4427.85,4422.72,4427.59,1281.0
2026-09-09 13:25:00,FX:XAUUSD,4427.59,4430.11,4425.34,4426.11,1006.0
2026-09-09 13:26:00,FX:XAUUSD,4426.11,4427.73,4426.11,4427.01,660.0
2026-09-09 13:27:00,FX:XAUUSD,4427.01,4428.49,4426.82,4428.08,805.0
2026-09-09 13:28:00,FX:XAUUSD,4428.08,4430.07,4427.76,4428.41,1091.0
2026-09-09 13:29:00,FX:XAUUSD,4428.41,4430.39,4427.44,4429.32,1091.0
2026-09-09 13:30:00,FX:XAUUSD,4429.32,4433.87,4428.85,4431.81,2589.0
2026-09-09 13:31:00,FX:XAUUSD,4431.81,4432.11,4428.06,4430.29,2213.0
2026-09-09 13:32:00,FX:XAUUSD,4430.29,4434.04,4429.3,4429.46,2253.0
2026-09-09 13:33:00,FX:XAUUSD,4429.46,4432.93,4428.82,4432.16,1846.0
2026-09-09 13:34:00,FX:XAUUSD,4432.16,4432.73,4430.02,4430.48,1708.0
2026-09-09 13:35:00,FX:XAUUSD,4430.48,4430.61,4427.21,4427.71,1906.0
2026-09-09 13:36:00,FX:XAUUSD,4427.71,4428.56,4425.79,4427.27,1992.0
2026-09-09 13:37:00,FX:XAUUSD,4427.27,4428.19,4423.97,4426.01,1516.0
2026-09-09 13:38:00,FX:XAUUSD,4426.01,4426.43,4423.18,4426.1,1618.0
2026-09-09 13:39:00,FX:XAUUSD,4426.1,4426.17,4419.7,4421.28,1784.0
2026-09-09 13:40:00,FX:XAUUSD,4421.28,4421.97,4418.86,4419.97,1782.0
2026-09-09 13:41:00,FX:XAUUSD,4419.97,4420.15,4418.12,4418.25,1684.0
2026-09-09 13:42:00,FX:XAUUSD,4418.25,4418.31,4414.13,4414.74,1657.0
2026-09-09 13:43:00,FX:XAUUSD,4414.74,4416.21,4412.8,4414.86,1501.0
2026-09-09 13:44:00,FX:XAUUSD,4414.86,4418.33,4414.37,4417.14,1447.0
2026-09-09 13:45:00,FX:XAUUSD,4417.14,4419.51,4416.48,4416.85,1727.0
2026-09-09 13:46:00,FX:XAUUSD,4416.85,4420.38,4415.93,4420.3,1717.0
2026-09-09 13:47:00,FX:XAUUSD,4420.3,4420.34,4417.98,4418.89,1557.0
2026-09-09 13:48:00,FX:XAUUSD,4418.89,4419.56,4416.82,4418.7,1197.0
2026-09-09 13:49:00,FX:XAUUSD,4418.7,4421.32,4418.37,4421.15,1367.0
2026-09-09 13:50:00,FX:XAUUSD,4421.15,4423.67,4419.53,4421.52,1465.0
2026-09-09 13:51:00,FX:XAUUSD,4421.52,4422.92,4419.65,4420.46,1258.0
2026-09-09 13:52:00,FX:XAUUSD,4420.46,4420.81,4417.76,4418.09,1235.0
2026-09-09 13:53:00,FX:XAUUSD,4418.09,4420.31,4417.46,4418.37,1126.0
2026-09-09 13:54:00,FX:XAUUSD,4418.37,4418.78,4415.38,4416.27,1183.0
2026-09-09 13:55:00,FX:XAUUSD,4416.27,4416.75,4411.55,4413.26,1519.0
2026-09-09 13:56:00,FX:XAUUSD,4413.26,4413.76,4411.64,4412.45,1534.0
2026-09-09 13:57:00,FX:XAUUSD,4412.45,4412.92,4411.26,4412.44,1573.0
2026-09-09 13:58:00,FX:XAUUSD,4412.44,4413.14,4410.65,4412.31,1354.0
2026-09-09 13:59:00,FX:XAUUSD,4412.31,4415.4,4412.31,4414.93,1318.0
2026-09-09 14:00:00,FX:XAUUSD,4414.93,4416.72,4414.29,4416.41,1987.0
2026-09-09 14:01:00,FX:XAUUSD,4416.41,4418.36,4414.37,4417.94,1461.0
2026-09-09 14:02:00,FX:XAUUSD,4417.94,4420.55,4417.09,4420.51,1322.0
2026-09-09 14:03:00,FX:XAUUSD,4420.51,4423.83,4419.66,4423.74,1502.0
2026-09-09 14:04:00,FX:XAUUSD,4423.74,4424.37,4422.55,4423.56,1582.0
2026-09-09 14:05:00,FX:XAUUSD,4423.56,4428.59,4423.53,4425.74,1554.0
2026-09-09 14:06:00,FX:XAUUSD,4425.74,4425.94,4422.92,4424.34,1393.0
2026-09-09 14:07:00,FX:XAUUSD,4424.34,4424.42,4421.74,4423.53,986.0
2026-09-09 14:08:00,FX:XAUUSD,4423.53,4423.89,4421.73,4422.47,912.0
2026-09-09 14:09:00,FX:XAUUSD,4422.47,4423.14,4420.93,4422.07,956.0
2026-09-09 14:10:00,FX:XAUUSD,4422.07,4422.86,4420.59,4421.74,990.0
2026-09-09 14:11:00,FX:XAUUSD,4421.74,4422.36,4420.12,4421.12,994.0
2026-09-09 14:12:00,FX:XAUUSD,4421.12,4421.46,4417.74,4418.13,1085.0
2026-09-09 14:13:00,FX:XAUUSD,4418.13,4419.92,4417.82,4419.1,1033.0
2026-09-09 14:14:00,FX:XAUUSD,4419.1,4423.55,4419.01,4423.25,1100.0
2026-09-09 14:15:00,FX:XAUUSD,4423.25,4423.31,4419.26,4420.34,1474.0
2026-09-09 14:16:00,FX:XAUUSD,4420.34,4420.34,4414.89,4416.33,1942.0
2026-09-09 14:17:00,FX:XAUUSD,4416.33,4419.27,4415.89,4418.78,1994.0
2026-09-09 14:18:00,FX:XAUUSD,4418.78,4418.78,4416.35,4417.09,1699.0
2026-09-09 14:19:00,FX:XAUUSD,4417.09,4417.46,4413.91,4416.81,1381.0
2026-09-09 14:20:00,FX:XAUUSD,4416.81,4417.28,4413.79,4414.38,1462.0
2026-09-09 14:21:00,FX:XAUUSD,4414.38,4415.48,4413.08,4413.39,1180.0
2026-09-09 14:22:00,FX:XAUUSD,4413.39,4414.45,4412.56,4413.55,1312.0
2026-09-09 14:23:00,FX:XAUUSD,4413.55,4415.56,4412.96,4414.86,1420.0
2026-09-09 14:24:00,FX:XAUUSD,4414.86,4415.38,4409.82,4410.49,2041.0
2026-09-09 14:25:00,FX:XAUUSD,4410.49,4416.5,4410.14,4416.35,2160.0
2026-09-09 14:26:00,FX:XAUUSD,4416.35,4420.0,4416.02,4419.6,1649.0
2026-09-09 14:27:00,FX:XAUUSD,4419.6,4422.56,4419.53,4420.78,1670.0
2026-09-09 14:28:00,FX:XAUUSD,4420.78,4424.1,4420.77,4423.79,1622.0
2026-09-09 14:29:00,FX:XAUUSD,4423.79,4426.02,4423.39,4425.85,1340.0
2026-09-09 14:30:00,FX:XAUUSD,4425.85,4425.93,4423.8,4424.05,1107.0
2026-09-09 14:31:00,FX:XAUUSD,4424.05,4424.27,4421.86,4423.0,1085.0
2026-09-09 14:32:00,FX:XAUUSD,4423.0,4423.49,4420.91,4422.28,1146.0
2026-09-09 14:33:00,FX:XAUUSD,4422.28,4422.76,4420.35,4422.29,1122.0
2026-09-09 14:34:00,FX:XAUUSD,4422.29,4422.82,4420.89,4422.82,1065.0
2026-09-09 14:35:00,FX:XAUUSD,4422.82,4425.41,4422.59,4424.66,1184.0
2026-09-09 14:36:00,FX:XAUUSD,4424.66,4425.16,4424.21,4425.06,954.0
2026-09-09 14:37:00,FX:XAUUSD,4425.06,4425.13,4423.07,4423.07,847.0
2026-09-09 14:38:00,FX:XAUUSD,4423.07,4425.13,4422.62,4423.66,1011.0
2026-09-09 14:39:00,FX:XAUUSD,4423.66,4426.99,4423.65,4426.03,1238.0
2026-09-09 14:40:00,FX:XAUUSD,4426.03,4426.39,4423.25,4424.08,1169.0
2026-09-09 14:41:00,FX:XAUUSD,4424.08,4425.23,4423.04,4423.93,1058.0
2026-09-09 14:42:00,FX:XAUUSD,4423.93,4424.02,4421.51,4422.02,889.0
2026-09-09 14:43:00,FX:XAUUSD,4422.02,4422.1,4419.87,4420.3,973.0
2026-09-09 14:44:00,FX:XAUUSD,4420.3,4421.5,4418.54,4418.78,937.0
2026-09-09 14:45:00,FX:XAUUSD,4418.78,4420.53,4417.92,4420.48,899.0
2026-09-09 14:46:00,FX:XAUUSD,4420.48,4420.92,4418.73,4420.47,1113.0
2026-09-09 14:47:00,FX:XAUUSD,4420.47,4422.27,4420.4,4422.17,1108.0
2026-09-09 14:48:00,FX:XAUUSD,4422.17,4422.22,4420.63,4421.11,1211.0
2026-09-09 14:49:00,FX:XAUUSD,4421.11,4421.76,4419.82,4420.7,1151.0
2026-09-09 14:50:00,FX:XAUUSD,4420.7,4422.66,4419.84,4422.12,1432.0
2026-09-09 14:51:00,FX:XAUUSD,4422.12,4422.38,4421.02,4421.72,1438.0
2026-09-09 14:52:00,FX:XAUUSD,4421.72,4423.5,4419.76,4419.87,990.0
2026-09-09 14:53:00,FX:XAUUSD,4419.87,4421.52,4419.78,4420.2,1127.0
2026-09-09 14:54:00,FX:XAUUSD,4420.2,4421.69,4419.25,4419.34,765.0
2026-09-09 14:55:00,FX:XAUUSD,4419.34,4420.41,4416.26,4416.68,974.0
2026-09-09 14:56:00,FX:XAUUSD,4416.68,4417.96,4415.61,4416.3,945.0
2026-09-09 14:57:00,FX:XAUUSD,4416.3,4418.05,4415.99,4417.11,917.0
2026-09-09 14:58:00,FX:XAUUSD,4417.11,4417.8,4414.84,4417.39,889.0
2026-09-09 14:59:00,FX:XAUUSD,4417.39,4418.7,4416.43,4418.67,680.0
2026-09-09 15:00:00,FX:XAUUSD,4418.67,4432.08,4418.03,4427.94,2062.0
2026-09-09 15:01:00,FX:XAUUSD,4427.94,4430.91,4404.98,4407.08,5463.0
2026-09-09 15:02:00,FX:XAUUSD,4407.08,4413.96,4399.81,4400.27,4555.0
2026-09-09 15:03:00,FX:XAUUSD,4400.27,4403.51,4397.93,4401.7,3974.0
2026-09-09 15:04:00,FX:XAUUSD,4401.7,4402.37,4394.28,4394.9,3681.0
2026-09-09 15:05:00,FX:XAUUSD,4394.9,4398.28,4382.35,4383.63,4037.0
2026-09-09 15:06:00,FX:XAUUSD,4383.63,4390.5,4379.91,4385.67,4121.0
2026-09-09 15:07:00,FX:XAUUSD,4385.67,4394.74,4384.92,4394.48,3098.0
2026-09-09 15:08:00,FX:XAUUSD,4394.48,4395.14,4391.23,4394.84,2348.0
2026-09-09 15:09:00,FX:XAUUSD,4394.84,4395.03,4387.52,4391.11,2444.0
2026-09-09 15:10:00,FX:XAUUSD,4391.11,4392.48,4386.58,4390.12,2833.0
2026-09-09 15:11:00,FX:XAUUSD,4390.12,4390.14,4383.14,4383.14,3001.0
2026-09-09 15:12:00,FX:XAUUSD,4383.14,4388.91,4381.8,4382.87,3313.0
2026-09-09 15:13:00,FX:XAUUSD,4382.87,4389.95,4382.72,4386.24,2735.0
2026-09-09 15:14:00,FX:XAUUSD,4386.24,4391.48,4386.09,4389.91,2375.0
2026-09-09 15:15:00,FX:XAUUSD,4389.91,4391.3,4385.33,4389.47,3080.0
2026-09-09 15:16:00,FX:XAUUSD,4389.47,4393.3,4388.14,4391.36,2805.0
2026-09-09 15:17:00,FX:XAUUSD,4391.36,4391.83,4383.07,4386.44,2412.0
2026-09-09 15:18:00,FX:XAUUSD,4386.44,4388.68,4383.73,4383.81,2006.0
2026-09-09 15:19:00,FX:XAUUSD,4383.81,4384.88,4379.54,4384.56,2064.0
2026-09-09 15:20:00,FX:XAUUSD,4384.56,4388.28,4384.04,4386.7,1877.0
2026-09-09 15:21:00,FX:XAUUSD,4386.7,4387.07,4380.82,4381.89,2310.0
2026-09-09 15:22:00,FX:XAUUSD,4381.89,4383.49,4375.18,4375.88,2487.0
2026-09-09 15:23:00,FX:XAUUSD,4375.88,4379.8,4374.99,4379.49,2642.0
2026-09-09 15:24:00,FX:XAUUSD,4379.49,4383.45,4377.7,4383.45,2026.0
2026-09-09 15:25:00,FX:XAUUSD,4383.45,4389.89,4382.55,4389.56,2355.0
2026-09-09 15:26:00,FX:XAUUSD,4389.56,4390.27,4386.84,4389.75,2223.0
2026-09-09 15:27:00,FX:XAUUSD,4389.75,4392.11,4388.42,4390.69,2290.0
2026-09-09 15:28:00,FX:XAUUSD,4390.69,4393.43,4390.34,4393.13,1853.0
2026-09-09 15:29:00,FX:XAUUSD,4393.13,4395.38,4392.45,4394.55,1633.0
2026-09-09 15:30:00,FX:XAUUSD,4394.55,4397.6,4392.95,4396.64,1951.0
2026-09-09 15:31:00,FX:XAUUSD,4396.64,4396.93,4392.77,4392.77,1682.0
2026-09-09 15:32:00,FX:XAUUSD,4392.77,4397.61,4392.45,4397.43,1991.0
2026-09-09 15:33:00,FX:XAUUSD,4397.43,4398.31,4396.55,4398.09,1741.0
2026-09-09 15:34:00,FX:XAUUSD,4398.09,4401.32,4397.74,4400.75,1539.0
2026-09-09 15:35:00,FX:XAUUSD,4400.75,4402.6,4400.31,4402.57,1797.0
2026-09-09 15:36:00,FX:XAUUSD,4402.57,4406.85,4402.09,4406.62,1744.0
2026-09-09 15:37:00,FX:XAUUSD,4406.62,4406.62,4402.6,4402.65,1353.0
2026-09-09 15:38:00,FX:XAUUSD,4402.65,4402.67,4400.25,4401.54,1440.0
2026-09-09 15:39:00,FX:XAUUSD,4401.54,4407.12,4397.62,4406.26,2464.0
2026-09-09 15:40:00,FX:XAUUSD,4406.26,4407.06,4399.33,4402.2,2822.0
2026-09-09 15:41:00,FX:XAUUSD,4402.2,4404.08,4400.68,4402.33,2013.0
2026-09-09 15:42:00,FX:XAUUSD,4402.33,4402.73,4400.77,4401.7,1629.0
2026-09-09 15:43:00,FX:XAUUSD,4401.7,4403.78,4401.28,4403.36,1177.0
2026-09-09 15:44:00,FX:XAUUSD,4403.36,4404.64,4402.65,4403.01,1621.0
2026-09-09 15:45:00,FX:XAUUSD,4403.01,4404.04,4402.32,4402.86,1823.0
2026-09-09 15:46:00,FX:XAUUSD,4402.86,4404.43,4402.5,4404.28,1786.0
2026-09-09 15:47:00,FX:XAUUSD,4404.28,4404.76,4401.82,4401.82,1469.0
2026-09-09 15:48:00,FX:XAUUSD,4401.82,4402.81,4400.44,4400.49,1308.0
2026-09-09 15:49:00,FX:XAUUSD,4400.49,4403.08,4398.97,4402.11,1133.0
2026-09-09 15:50:00,FX:XAUUSD,4402.11,4407.21,4401.82,4406.05,1251.0
2026-09-09 15:51:00,FX:XAUUSD,4406.05,4406.37,4404.73,4405.16,1177.0
2026-09-09 15:52:00,FX:XAUUSD,4405.16,4405.49,4400.72,4401.13,1154.0
2026-09-09 15:53:00,FX:XAUUSD,4401.13,4401.99,4400.29,4400.69,1081.0
2026-09-09 15:54:00,FX:XAUUSD,4400.69,4401.43,4399.46,4401.29,1014.0
2026-09-09 15:55:00,FX:XAUUSD,4401.29,4401.29,4399.55,4399.59,760.0
2026-09-09 15:56:00,FX:XAUUSD,4399.59,4400.39,4399.07,4400.01,932.0
2026-09-09 15:57:00,FX:XAUUSD,4400.01,4400.44,4398.35,4398.72,967.0
2026-09-09 15:58:00,FX:XAUUSD,4398.72,4400.45,4397.95,4399.44,829.0
2026-09-09 15:59:00,FX:XAUUSD,4399.44,4399.62,4398.02,4398.49,889.0
2026-09-09 16:00:00,FX:XAUUSD,4398.49,4398.7,4396.84,4398.17,1077.0
2026-09-09 16:01:00,FX:XAUUSD,4398.17,4398.89,4397.11,4397.98,1183.0
2026-09-09 16:02:00,FX:XAUUSD,4397.98,4400.75,4397.23,4399.71,966.0
2026-09-09 16:03:00,FX:XAUUSD,4399.71,4401.94,4399.12,4401.58,1090.0
2026-09-09 16:04:00,FX:XAUUSD,4401.58,4403.05,4401.25,4402.48,1019.0
2026-09-09 16:05:00,FX:XAUUSD,4402.48,4402.5,4399.98,4400.78,1146.0
2026-09-09 16:06:00,FX:XAUUSD,4400.78,4401.15,4398.09,4399.4,1286.0
2026-09-09 16:07:00,FX:XAUUSD,4399.4,4400.11,4397.37,4397.66,740.0
2026-09-09 16:08:00,FX:XAUUSD,4397.66,4400.3,4394.83,4396.38,2294.0
2026-09-09 16:09:00,FX:XAUUSD,4396.38,4397.19,4394.81,4395.59,1555.0
2026-09-09 16:10:00,FX:XAUUSD,4395.59,4397.33,4394.92,4395.89,1156.0
2026-09-09 16:11:00,FX:XAUUSD,4395.89,4396.85,4394.91,4396.02,1111.0
2026-09-09 16:12:00,FX:XAUUSD,4396.02,4396.59,4395.52,4396.08,987.0
2026-09-09 16:13:00,FX:XAUUSD,4396.08,4398.68,4395.72,4398.38,941.0
2026-09-09 16:14:00,FX:XAUUSD,4398.38,4398.62,4397.81,4397.82,586.0
2026-09-09 16:15:00,FX:XAUUSD,4397.82,4398.29,4394.58,4395.6,1178.0
2026-09-09 16:16:00,FX:XAUUSD,4395.6,4396.19,4394.06,4394.42,810.0
2026-09-09 16:17:00,FX:XAUUSD,4394.42,4394.92,4392.32,4392.79,1004.0
2026-09-09 16:18:00,FX:XAUUSD,4392.79,4393.08,4391.85,4391.86,707.0
2026-09-09 16:19:00,FX:XAUUSD,4391.86,4395.0,4391.53,4393.3,903.0
2026-09-09 16:20:00,FX:XAUUSD,4393.3,4395.11,4393.16,4393.77,664.0
2026-09-09 16:21:00,FX:XAUUSD,4393.77,4395.74,4393.28,4395.54,693.0
2026-09-09 16:22:00,FX:XAUUSD,4395.54,4395.58,4394.24,4394.83,538.0
2026-09-09 16:23:00,FX:XAUUSD,4394.83,4396.56,4394.15,4396.1,711.0
2026-09-09 16:24:00,FX:XAUUSD,4396.1,4398.59,4395.25,4398.59,768.0
2026-09-09 16:25:00,FX:XAUUSD,4398.59,4402.39,4398.53,4401.58,1133.0
2026-09-09 16:26:00,FX:XAUUSD,4401.58,4402.17,4399.96,4400.53,781.0
2026-09-09 16:27:00,FX:XAUUSD,4400.53,4402.23,4400.37,4401.97,790.0
2026-09-09 16:28:00,FX:XAUUSD,4401.97,4402.01,4400.02,4400.03,517.0
2026-09-09 16:29:00,FX:XAUUSD,4400.03,4401.66,4399.81,4401.6,589.0
2026-09-09 16:30:00,FX:XAUUSD,4401.6,4401.74,4398.78,4399.89,893.0
2026-09-09 16:31:00,FX:XAUUSD,4399.89,4401.38,4399.78,4401.37,711.0
2026-09-09 16:32:00,FX:XAUUSD,4401.37,4403.15,4400.28,4403.1,687.0
2026-09-09 16:33:00,FX:XAUUSD,4403.1,4403.7,4402.15,4402.98,595.0
2026-09-09 16:34:00,FX:XAUUSD,4402.98,4403.56,4402.26,4402.59,603.0
2026-09-09 16:35:00,FX:XAUUSD,4402.59,4404.03,4401.32,4401.89,553.0
2026-09-09 16:36:00,FX:XAUUSD,4401.89,4402.16,4400.18,4401.05,607.0
2026-09-09 16:37:00,FX:XAUUSD,4401.05,4401.07,4399.41,4399.46,524.0
2026-09-09 16:38:00,FX:XAUUSD,4399.46,4401.53,4399.08,4400.51,624.0
2026-09-09 16:39:00,FX:XAUUSD,4400.51,4404.16,4400.45,4403.93,705.0
2026-09-09 16:40:00,FX:XAUUSD,4403.93,4404.46,4403.15,4403.28,631.0
2026-09-09 16:41:00,FX:XAUUSD,4403.28,4404.81,4403.28,4403.98,732.0
2026-09-09 16:42:00,FX:XAUUSD,4403.98,4405.64,4403.96,4405.31,493.0
2026-09-09 16:43:00,FX:XAUUSD,4405.31,4407.6,4405.2,4406.75,519.0
2026-09-09 16:44:00,FX:XAUUSD,4406.75,4407.74,4406.32,4407.2,549.0
2026-09-09 16:45:00,FX:XAUUSD,4407.2,4407.88,4406.74,4407.34,690.0
2026-09-09 16:46:00,FX:XAUUSD,4407.34,4408.03,4407.33,4407.86,574.0
2026-09-09 16:47:00,FX:XAUUSD,4407.86,4408.37,4406.68,4408.06,693.0
2026-09-09 16:48:00,FX:XAUUSD,4408.06,4409.09,4405.94,4406.77,606.0
2026-09-09 16:49:00,FX:XAUUSD,4406.77,4408.0,4406.48,4406.75,462.0
2026-09-09 16:50:00,FX:XAUUSD,4406.75,4407.78,4406.02,4406.93,613.0
2026-09-09 16:51:00,FX:XAUUSD,4406.93,4407.25,4405.6,4406.24,541.0
2026-09-09 16:52:00,FX:XAUUSD,4406.24,4407.26,4405.72,4405.99,524.0
2026-09-09 16:53:00,FX:XAUUSD,4405.99,4406.25,4405.43,4406.13,415.0
2026-09-09 16:54:00,FX:XAUUSD,4406.13,4407.32,4405.96,4407.16,386.0
2026-09-09 16:55:00,FX:XAUUSD,4407.16,4407.75,4406.31,4406.98,545.0
2026-09-09 16:56:00,FX:XAUUSD,4406.98,4408.86,4406.97,4407.95,473.0
2026-09-09 16:57:00,FX:XAUUSD,4407.95,4408.76,4407.71,4408.51,469.0
2026-09-09 16:58:00,FX:XAUUSD,4408.51,4409.5,4408.17,4408.92,495.0
2026-09-09 16:59:00,FX:XAUUSD,4408.92,4410.27,4408.35,4409.25,484.0
2026-09-09 17:00:00,FX:XAUUSD,4409.25,4411.06,4408.7,4410.21,585.0
2026-09-09 17:01:00,FX:XAUUSD,4410.21,4411.05,4409.0,4410.0,573.0
2026-09-09 17:02:00,FX:XAUUSD,4410.0,4413.93,4409.22,4413.31,1825.0
2026-09-09 17:03:00,FX:XAUUSD,4413.31,4413.37,4410.86,4412.09,973.0
2026-09-09 17:04:00,FX:XAUUSD,4412.09,4413.44,4411.69,4412.91,873.0
2026-09-09 17:05:00,FX:XAUUSD,4412.91,4415.56,4412.7,4415.42,749.0
2026-09-09 17:06:00,FX:XAUUSD,4415.42,4419.4,4415.24,4418.1,1269.0
2026-09-09 17:07:00,FX:XAUUSD,4418.1,4418.31,4416.48,4418.19,803.0
2026-09-09 17:08:00,FX:XAUUSD,4418.19,4419.5,4418.03,4418.83,833.0
2026-09-09 17:09:00,FX:XAUUSD,4418.83,4420.43,4418.02,4418.33,873.0
2026-09-09 17:10:00,FX:XAUUSD,4418.33,4418.49,4416.85,4417.77,819.0
2026-09-09 17:11:00,FX:XAUUSD,4417.77,4418.71,4415.94,4417.12,819.0
2026-09-09 17:12:00,FX:XAUUSD,4417.12,4417.79,4415.66,4415.78,664.0
2026-09-09 17:13:00,FX:XAUUSD,4415.78,4417.25,4415.38,4417.23,704.0
2026-09-09 17:14:00,FX:XAUUSD,4417.23,4419.07,4416.29,4416.51,936.0
2026-09-09 17:15:00,FX:XAUUSD,4416.51,4417.18,4415.0,4416.4,812.0
2026-09-09 17:16:00,FX:XAUUSD,4416.4,4417.22,4415.33,4416.54,621.0
2026-09-09 17:17:00,FX:XAUUSD,4416.54,4418.03,4415.81,4417.48,577.0
2026-09-09 17:18:00,FX:XAUUSD,4417.48,4418.42,4416.94,4417.94,642.0
2026-09-09 17:19:00,FX:XAUUSD,4417.94,4417.96,4416.09,4416.12,574.0
2026-09-09 17:20:00,FX:XAUUSD,4416.12,4417.6,4415.9,4417.16,510.0
2026-09-09 17:21:00,FX:XAUUSD,4417.16,4418.47,4416.9,4418.14,520.0
2026-09-09 17:22:00,FX:XAUUSD,4418.14,4418.46,4417.41,4418.23,453.0
2026-09-09 17:23:00,FX:XAUUSD,4418.23,4418.46,4417.47,4417.78,522.0
2026-09-09 17:24:00,FX:XAUUSD,4417.78,4418.24,4415.56,4418.09,807.0
2026-09-09 17:25:00,FX:XAUUSD,4418.09,4419.66,4417.69,4419.25,575.0
2026-09-09 17:26:00,FX:XAUUSD,4419.25,4420.3,4418.85,4419.36,637.0
2026-09-09 17:27:00,FX:XAUUSD,4419.36,4420.45,4418.08,4419.24,592.0
2026-09-09 17:28:00,FX:XAUUSD,4419.24,4419.5,4416.62,4416.65,770.0
2026-09-09 17:29:00,FX:XAUUSD,4416.65,4417.5,4414.16,4414.7,1200.0
2026-09-09 17:30:00,FX:XAUUSD,4414.7,4414.92,4413.21,4414.01,942.0
2026-09-09 17:31:00,FX:XAUUSD,4414.01,4414.5,4412.49,4413.34,708.0
2026-09-09 17:32:00,FX:XAUUSD,4413.34,4414.38,4412.9,4412.97,496.0
2026-09-09 17:33:00,FX:XAUUSD,4412.97,4413.87,4412.8,4413.57,517.0
2026-09-09 17:34:00,FX:XAUUSD,4413.57,4413.57,4411.59,4412.52,609.0
2026-09-09 17:35:00,FX:XAUUSD,4412.52,4412.87,4411.92,4412.73,355.0
2026-09-09 17:36:00,FX:XAUUSD,4412.73,4413.66,4412.66,4412.86,377.0
2026-09-09 17:37:00,FX:XAUUSD,4412.86,4414.58,4412.53,4412.88,475.0
2026-09-09 17:38:00,FX:XAUUSD,4412.88,4413.05,4412.05,4412.98,530.0
2026-09-09 17:39:00,FX:XAUUSD,4412.98,4413.25,4412.56,4413.17,428.0
2026-09-09 17:40:00,FX:XAUUSD,4413.17,4415.73,4413.17,4415.71,523.0
2026-09-09 17:41:00,FX:XAUUSD,4415.71,4416.41,4415.16,4416.41,367.0
2026-09-09 17:42:00,FX:XAUUSD,4416.41,4417.18,4415.89,4416.29,441.0
2026-09-09 17:43:00,FX:XAUUSD,4416.29,4416.29,4413.49,4413.57,454.0
2026-09-09 17:44:00,FX:XAUUSD,4413.57,4414.64,4413.55,4413.63,375.0
2026-09-09 17:45:00,FX:XAUUSD,4413.63,4414.22,4413.35,4413.52,479.0
2026-09-09 17:46:00,FX:XAUUSD,4413.52,4414.88,4413.3,4414.86,379.0
2026-09-09 17:47:00,FX:XAUUSD,4414.86,4415.13,4413.82,4414.02,309.0
2026-09-09 17:48:00,FX:XAUUSD,4414.02,4414.41,4413.73,4413.92,294.0
2026-09-09 17:49:00,FX:XAUUSD,4413.92,4414.11,4413.4,4413.59,318.0
2026-09-09 17:50:00,FX:XAUUSD,4413.59,4414.63,4413.33,4414.62,305.0
2026-09-09 17:51:00,FX:XAUUSD,4414.62,4414.87,4413.48,4414.65,308.0
2026-09-09 17:52:00,FX:XAUUSD,4414.65,4415.18,4414.35,4415.02,224.0
2026-09-09 17:53:00,FX:XAUUSD,4415.02,4416.01,4414.96,4415.31,348.0
2026-09-09 17:54:00,FX:XAUUSD,4415.31,4416.13,4414.38,4415.09,390.0
2026-09-09 17:55:00,FX:XAUUSD,4415.09,4415.85,4414.9,4415.75,284.0
2026-09-09 17:56:00,FX:XAUUSD,4415.75,4416.14,4415.35,4415.55,306.0
2026-09-09 17:57:00,FX:XAUUSD,4415.55,4416.32,4415.49,4416.05,254.0
2026-09-09 17:58:00,FX:XAUUSD,4416.05,4416.41,4416.05,4416.35,166.0
2026-09-09 17:59:00,FX:XAUUSD,4416.35,4416.39,4415.33,4416.04,246.0
2026-09-09 18:00:00,FX:XAUUSD,4416.04,4418.51,4415.83,4417.67,664.0
2026-09-09 18:01:00,FX:XAUUSD,4417.67,4418.98,4416.88,4417.38,530.0
2026-09-09 18:02:00,FX:XAUUSD,4417.38,4418.12,4416.72,4416.81,457.0
2026-09-09 18:03:00,FX:XAUUSD,4416.81,4418.0,4416.06,4417.54,390.0
2026-09-09 18:04:00,FX:XAUUSD,4417.54,4418.53,4416.8,4418.48,340.0
2026-09-09 18:05:00,FX:XAUUSD,4418.48,4418.98,4417.38,4417.55,476.0
2026-09-09 18:06:00,FX:XAUUSD,4417.55,4418.35,4417.17,4418.3,415.0
2026-09-09 18:07:00,FX:XAUUSD,4418.3,4418.45,4415.97,4416.4,491.0
2026-09-09 18:08:00,FX:XAUUSD,4416.4,4416.65,4415.78,4415.99,704.0
2026-09-09 18:09:00,FX:XAUUSD,4415.99,4418.45,4415.99,4418.1,393.0
2026-09-09 18:10:00,FX:XAUUSD,4418.1,4418.84,4417.79,4417.87,348.0
2026-09-09 18:11:00,FX:XAUUSD,4417.87,4419.21,4417.67,4419.0,399.0
2026-09-09 18:12:00,FX:XAUUSD,4419.0,4421.48,4418.93,4421.09,502.0
2026-09-09 18:13:00,FX:XAUUSD,4421.09,4421.1,4420.4,4420.85,397.0
2026-09-09 18:14:00,FX:XAUUSD,4420.85,4420.91,4419.49,4420.3,525.0
2026-09-09 18:15:00,FX:XAUUSD,4420.3,4420.42,4419.47,4419.83,443.0
2026-09-09 18:16:00,FX:XAUUSD,4419.83,4419.95,4417.65,4419.43,470.0
2026-09-09 18:17:00,FX:XAUUSD,4419.43,4420.61,4419.15,4420.1,361.0
2026-09-09 18:18:00,FX:XAUUSD,4420.1,4420.1,4419.59,4419.84,281.0
2026-09-09 18:19:00,FX:XAUUSD,4419.84,4419.86,4418.26,4419.04,330.0
2026-09-09 18:20:00,FX:XAUUSD,4419.04,4419.46,4418.53,4418.66,375.0
2026-09-09 18:21:00,FX:XAUUSD,4418.66,4419.42,4418.65,4419.24,590.0
2026-09-09 18:22:00,FX:XAUUSD,4419.24,4419.62,4418.49,4418.96,702.0
2026-09-09 18:23:00,FX:XAUUSD,4418.96,4419.27,4417.27,4417.28,460.0
2026-09-09 18:24:00,FX:XAUUSD,4417.28,4417.8,4417.02,4417.51,348.0
2026-09-09 18:25:00,FX:XAUUSD,4417.51,4417.98,4416.77,4417.66,378.0
2026-09-09 18:26:00,FX:XAUUSD,4417.66,4417.89,4416.66,4417.09,335.0
2026-09-09 18:27:00,FX:XAUUSD,4417.09,4417.89,4417.05,4417.32,461.0
2026-09-09 18:28:00,FX:XAUUSD,4417.32,4417.55,4416.63,4416.72,551.0
2026-09-09 18:29:00,FX:XAUUSD,4416.72,4417.93,4416.72,4417.89,485.0
2026-09-09 18:30:00,FX:XAUUSD,4417.89,4418.32,4416.33,4416.67,452.0
2026-09-09 18:31:00,FX:XAUUSD,4416.67,4416.67,4414.19,4414.84,698.0
2026-09-09 18:32:00,FX:XAUUSD,4414.84,4415.52,4413.65,4415.41,783.0
2026-09-09 18:33:00,FX:XAUUSD,4415.41,4416.82,4415.08,4415.62,639.0
2026-09-09 18:34:00,FX:XAUUSD,4415.62,4415.97,4414.71,4414.96,705.0
2026-09-09 18:35:00,FX:XAUUSD,4414.96,4415.59,4414.42,4414.75,470.0
2026-09-09 18:36:00,FX:XAUUSD,4414.75,4415.25,4413.91,4414.43,436.0
2026-09-09 18:37:00,FX:XAUUSD,4414.43,4414.46,4413.39,4413.91,433.0
2026-09-09 18:38:00,FX:XAUUSD,4413.91,4415.31,4413.91,4414.93,412.0
2026-09-09 18:39:00,FX:XAUUSD,4414.93,4415.6,4414.35,4414.84,588.0
2026-09-09 18:40:00,FX:XAUUSD,4414.84,4416.5,4414.68,4416.05,466.0
2026-09-09 18:41:00,FX:XAUUSD,4416.05,4416.43,4412.13,4412.14,572.0
2026-09-09 18:42:00,FX:XAUUSD,4412.14,4412.33,4410.13,4410.13,405.0
2026-09-09 18:43:00,FX:XAUUSD,4410.13,4410.91,4410.12,4410.68,351.0
2026-09-09 18:44:00,FX:XAUUSD,4410.68,4410.73,4409.48,4409.81,455.0
2026-09-09 18:45:00,FX:XAUUSD,4409.81,4410.11,4409.05,4409.65,503.0
2026-09-09 18:46:00,FX:XAUUSD,4409.65,4409.84,4408.23,4409.03,459.0
2026-09-09 18:47:00,FX:XAUUSD,4409.03,4409.04,4406.87,4407.94,622.0
2026-09-09 18:48:00,FX:XAUUSD,4407.94,4407.94,4406.52,4407.07,742.0
2026-09-09 18:49:00,FX:XAUUSD,4407.07,4407.37,4406.28,4406.44,782.0
2026-09-09 18:50:00,FX:XAUUSD,4406.44,4407.54,4405.35,4407.4,797.0
2026-09-09 18:51:00,FX:XAUUSD,4407.4,4407.77,4406.27,4406.65,755.0
2026-09-09 18:52:00,FX:XAUUSD,4406.65,4406.82,4405.29,4405.62,741.0
2026-09-09 18:53:00,FX:XAUUSD,4405.62,4406.37,4405.45,4405.92,784.0
2026-09-09 18:54:00,FX:XAUUSD,4405.92,4406.11,4404.99,4405.67,808.0
2026-09-09 18:55:00,FX:XAUUSD,4405.67,4407.0,4405.66,4405.95,630.0
2026-09-09 18:56:00,FX:XAUUSD,4405.95,4406.54,4402.92,4403.13,702.0
2026-09-09 18:57:00,FX:XAUUSD,4403.13,4403.58,4401.57,4402.2,574.0
2026-09-09 18:58:00,FX:XAUUSD,4402.2,4402.74,4401.77,4401.77,547.0
2026-09-09 18:59:00,FX:XAUUSD,4401.77,4403.29,4401.77,4403.08,497.0
2026-09-09 19:00:00,FX:XAUUSD,4403.08,4404.1,4402.55,4403.21,827.0
2026-09-09 19:01:00,FX:XAUUSD,4403.21,4403.21,4399.04,4399.29,1096.0
2026-09-09 19:02:00,FX:XAUUSD,4399.29,4399.93,4396.86,4397.24,917.0
2026-09-09 19:03:00,FX:XAUUSD,4397.24,4398.91,4396.86,4398.38,881.0
2026-09-09 19:04:00,FX:XAUUSD,4398.38,4398.88,4397.27,4398.31,768.0
2026-09-09 19:05:00,FX:XAUUSD,4398.31,4399.5,4396.85,4397.62,960.0
2026-09-09 19:06:00,FX:XAUUSD,4397.62,4398.36,4397.19,4398.02,503.0
2026-09-09 19:07:00,FX:XAUUSD,4398.02,4400.08,4397.94,4399.02,592.0
2026-09-09 19:08:00,FX:XAUUSD,4399.02,4399.28,4398.16,4398.74,490.0
2026-09-09 19:09:00,FX:XAUUSD,4398.74,4399.69,4397.52,4399.13,596.0
2026-09-09 19:10:00,FX:XAUUSD,4399.13,4399.6,4398.32,4398.62,546.0
2026-09-09 19:11:00,FX:XAUUSD,4398.62,4399.12,4397.82,4398.78,438.0
2026-09-09 19:12:00,FX:XAUUSD,4398.78,4398.83,4397.48,4397.79,584.0
2026-09-09 19:13:00,FX:XAUUSD,4397.79,4398.42,4396.99,4398.34,419.0
2026-09-09 19:14:00,FX:XAUUSD,4398.34,4400.53,4397.84,4400.19,708.0
2026-09-09 19:15:00,FX:XAUUSD,4400.19,4401.38,4399.07,4400.12,721.0
2026-09-09 19:16:00,FX:XAUUSD,4400.12,4400.12,4399.05,4399.12,498.0
2026-09-09 19:17:00,FX:XAUUSD,4399.12,4400.15,4398.46,4399.53,593.0
2026-09-09 19:18:00,FX:XAUUSD,4399.53,4401.39,4399.51,4401.24,496.0
2026-09-09 19:19:00,FX:XAUUSD,4401.24,4402.25,4401.13,4401.88,444.0
2026-09-09 19:20:00,FX:XAUUSD,4401.88,4402.43,4401.59,4402.43,476.0
2026-09-09 19:21:00,FX:XAUUSD,4402.43,4403.9,4402.19,4403.53,401.0
2026-09-09 19:22:00,FX:XAUUSD,4403.53,4403.97,4401.88,4403.97,468.0
2026-09-09 19:23:00,FX:XAUUSD,4403.97,4404.79,4403.75,4404.65,348.0
2026-09-09 19:24:00,FX:XAUUSD,4404.65,4404.8,4404.22,4404.43,279.0
2026-09-09 19:25:00,FX:XAUUSD,4404.43,4404.72,4404.1,4404.36,304.0
2026-09-09 19:26:00,FX:XAUUSD,4404.36,4404.36,4402.03,4402.33,436.0
2026-09-09 19:27:00,FX:XAUUSD,4402.33,4402.46,4401.23,4401.63,399.0
2026-09-09 19:28:00,FX:XAUUSD,4401.63,4401.64,4400.35,4400.58,535.0
2026-09-09 19:29:00,FX:XAUUSD,4400.58,4400.72,4399.47,4399.5,363.0
2026-09-09 19:30:00,FX:XAUUSD,4399.5,4400.83,4398.41,4400.1,643.0
2026-09-09 19:31:00,FX:XAUUSD,4400.1,4400.57,4399.54,4400.55,427.0
2026-09-09 19:32:00,FX:XAUUSD,4400.55,4400.79,4398.77,4399.09,331.0
2026-09-09 19:33:00,FX:XAUUSD,4399.09,4399.64,4398.7,4398.79,282.0
2026-09-09 19:34:00,FX:XAUUSD,4398.79,4399.37,4398.73,4398.85,280.0
2026-09-09 19:35:00,FX:XAUUSD,4398.85,4398.92,4397.51,4397.75,358.0
2026-09-09 19:36:00,FX:XAUUSD,4397.75,4397.94,4396.17,4396.46,512.0
2026-09-09 19:37:00,FX:XAUUSD,4396.46,4396.6,4395.75,4395.76,257.0
2026-09-09 19:38:00,FX:XAUUSD,4395.76,4397.07,4395.58,4396.64,310.0
2026-09-09 19:39:00,FX:XAUUSD,4396.64,4398.03,4396.64,4397.3,349.0
2026-09-09 19:40:00,FX:XAUUSD,4397.3,4397.59,4396.18,4396.97,505.0
2026-09-09 19:41:00,FX:XAUUSD,4396.97,4398.04,4396.35,4396.87,386.0
2026-09-09 19:42:00,FX:XAUUSD,4396.87,4397.87,4396.78,4397.05,481.0
2026-09-09 19:43:00,FX:XAUUSD,4397.05,4399.28,4396.87,4399.26,551.0
2026-09-09 19:44:00,FX:XAUUSD,4399.26,4399.92,4398.78,4399.8,503.0
2026-09-09 19:45:00,FX:XAUUSD,4399.8,4401.55,4399.8,4400.51,669.0
2026-09-09 19:46:00,FX:XAUUSD,4400.51,4400.66,4399.57,4399.8,413.0
2026-09-09 19:47:00,FX:XAUUSD,4399.8,4401.17,4399.8,4399.84,665.0
2026-09-09 19:48:00,FX:XAUUSD,4399.84,4401.07,4399.71,4400.34,491.0
2026-09-09 19:49:00,FX:XAUUSD,4400.34,4401.13,4400.17,4400.24,420.0
2026-09-09 19:50:00,FX:XAUUSD,4400.24,4400.29,4397.28,4397.32,742.0
2026-09-09 19:51:00,FX:XAUUSD,4397.32,4398.3,4396.25,4398.17,453.0
2026-09-09 19:52:00,FX:XAUUSD,4398.17,4399.68,4398.17,4399.04,508.0
2026-09-09 19:53:00,FX:XAUUSD,4399.04,4399.57,4398.66,4399.04,486.0
2026-09-09 19:54:00,FX:XAUUSD,4399.04,4400.73,4398.57,4398.91,898.0
2026-09-09 19:55:00,FX:XAUUSD,4398.91,4399.54,4398.24,4399.36,1147.0
2026-09-09 19:56:00,FX:XAUUSD,4399.36,4400.05,4398.81,4399.11,643.0
2026-09-09 19:57:00,FX:XAUUSD,4399.11,4399.71,4397.69,4397.69,575.0
2026-09-09 19:58:00,FX:XAUUSD,4397.69,4399.23,4397.64,4398.55,677.0
2026-09-09 19:59:00,FX:XAUUSD,4398.55,4399.51,4398.32,4399.13,1274.0
2026-09-09 20:00:00,FX:XAUUSD,4399.13,4399.33,4397.84,4398.63,496.0
2026-09-09 20:01:00,FX:XAUUSD,4398.63,4398.67,4397.02,4397.59,193.0
2026-09-09 20:02:00,FX:XAUUSD,4397.59,4398.17,4397.48,4397.91,166.0
2026-09-09 20:03:00,FX:XAUUSD,4397.91,4398.23,4397.14,4397.19,181.0
2026-09-09 20:04:00,FX:XAUUSD,4397.19,4397.19,4396.04,4396.76,268.0
2026-09-09 20:05:00,FX:XAUUSD,4396.76,4397.35,4396.36,4397.32,201.0
2026-09-09 20:06:00,FX:XAUUSD,4397.32,4397.33,4396.7,4396.91,147.0
2026-09-09 20:07:00,FX:XAUUSD,4396.91,4397.05,4396.51,4396.68,147.0
2026-09-09 20:08:00,FX:XAUUSD,4396.68,4396.98,4396.68,4396.85,85.0
2026-09-09 20:09:00,FX:XAUUSD,4396.85,4397.1,4396.77,4397.02,112.0
2026-09-09 20:10:00,FX:XAUUSD,4397.02,4397.77,4396.83,4397.57,166.0
2026-09-09 20:11:00,FX:XAUUSD,4397.57,4397.84,4397.54,4397.76,96.0
2026-09-09 20:12:00,FX:XAUUSD,4397.76,4398.14,4397.68,4398.04,131.0
2026-09-09 20:13:00,FX:XAUUSD,4398.04,4398.31,4397.22,4397.43,116.0
2026-09-09 20:14:00,FX:XAUUSD,4397.43,4397.49,4397.17,4397.24,83.0
2026-09-09 20:15:00,FX:XAUUSD,4397.24,4397.45,4396.36,4396.48,118.0
2026-09-09 20:16:00,FX:XAUUSD,4396.48,4396.67,4395.9,4396.05,160.0
2026-09-09 20:17:00,FX:XAUUSD,4396.05,4396.16,4395.89,4395.97,117.0
2026-09-09 20:18:00,FX:XAUUSD,4395.97,4396.2,4395.9,4395.95,108.0
2026-09-09 20:19:00,FX:XAUUSD,4395.95,4395.95,4394.24,4394.49,379.0
2026-09-09 20:20:00,FX:XAUUSD,4394.49,4394.56,4393.45,4393.99,444.0
2026-09-09 20:21:00,FX:XAUUSD,4393.99,4394.29,4393.43,4393.62,96.0
2026-09-09 20:22:00,FX:XAUUSD,4393.62,4394.73,4393.58,4394.64,151.0
2026-09-09 20:23:00,FX:XAUUSD,4394.64,4394.85,4394.21,4394.79,93.0
2026-09-09 20:24:00,FX:XAUUSD,4394.79,4394.93,4394.63,4394.89,74.0
2026-09-09 20:25:00,FX:XAUUSD,4394.89,4395.69,4394.89,4395.67,97.0
2026-09-09 20:26:00,FX:XAUUSD,4395.67,4395.93,4395.38,4395.56,110.0
2026-09-09 20:27:00,FX:XAUUSD,4395.56,4395.69,4395.15,4395.2,106.0
2026-09-09 20:28:00,FX:XAUUSD,4395.2,4395.2,4393.76,4393.89,127.0
2026-09-09 20:29:00,FX:XAUUSD,4393.89,4394.79,4393.89,4394.69,108.0
2026-09-09 20:30:00,FX:XAUUSD,4394.69,4395.63,4394.69,4395.53,153.0
2026-09-09 20:31:00,FX:XAUUSD,4395.53,4397.58,4395.46,4397.51,193.0
2026-09-09 20:32:00,FX:XAUUSD,4397.51,4397.51,4397.04,4397.23,78.0
2026-09-09 20:33:00,FX:XAUUSD,4397.23,4397.37,4397.1,4397.35,81.0
2026-09-09 20:34:00,FX:XAUUSD,4397.35,4397.35,4396.18,4397.18,164.0
2026-09-09 20:35:00,FX:XAUUSD,4397.18,4399.64,4397.05,4399.5,181.0
2026-09-09 20:36:00,FX:XAUUSD,4399.5,4400.85,4399.47,4400.62,175.0
2026-09-09 20:37:00,FX:XAUUSD,4400.62,4400.62,4399.48,4399.49,143.0
2026-09-09 20:38:00,FX:XAUUSD,4399.49,4399.82,4399.21,4399.21,123.0
2026-09-09 20:39:00,FX:XAUUSD,4399.21,4399.93,4398.58,4399.41,165.0
2026-09-09 20:40:00,FX:XAUUSD,4399.41,4399.51,4398.86,4399.23,176.0
2026-09-09 20:41:00,FX:XAUUSD,4399.23,4399.54,4398.68,4399.42,109.0
2026-09-09 20:42:00,FX:XAUUSD,4399.42,4399.53,4399.29,4399.52,98.0
2026-09-09 20:43:00,FX:XAUUSD,4399.52,4399.94,4399.21,4399.21,113.0
2026-09-09 20:44:00,FX:XAUUSD,4399.21,4400.32,4399.2,4400.06,157.0
2026-09-09 20:45:00,FX:XAUUSD,4400.06,4400.95,4399.84,4399.9,170.0
2026-09-09 20:46:00,FX:XAUUSD,4399.9,4400.57,4399.66,4400.34,152.0
2026-09-09 20:47:00,FX:XAUUSD,4400.34,4400.34,4399.68,4399.95,93.0
2026-09-09 20:48:00,FX:XAUUSD,4399.95,4399.95,4399.39,4399.65,139.0
2026-09-09 20:49:00,FX:XAUUSD,4399.65,4400.11,4399.3,4400.01,104.0
2026-09-09 20:50:00,FX:XAUUSD,4400.01,4400.35,4399.59,4399.93,142.0
2026-09-09 20:51:00,FX:XAUUSD,4399.93,4400.29,4399.46,4399.72,134.0
2026-09-09 20:52:00,FX:XAUUSD,4399.72,4400.18,4399.46,4399.95,134.0
2026-09-09 20:53:00,FX:XAUUSD,4399.95,4400.53,4399.69,4400.34,128.0
2026-09-09 20:54:00,FX:XAUUSD,4400.34,4400.34,4399.7,4400.23,133.0
2026-09-09 20:55:00,FX:XAUUSD,4400.23,4400.88,4400.13,4400.44,223.0
2026-09-09 20:56:00,FX:XAUUSD,4400.44,4400.78,4399.58,4399.58,155.0
2026-09-09 20:57:00,FX:XAUUSD,4399.58,4400.85,4399.58,4400.83,162.0
2026-09-09 20:58:00,FX:XAUUSD,4400.83,4401.89,4400.59,4401.82,200.0
2026-09-09 20:59:00,FX:XAUUSD,4401.82,4402.95,4400.85,4400.87,257.0
2026-09-09 22:01:00,FX:XAUUSD,4400.87,4405.89,4400.87,4404.81,186.0
2026-09-09 22:02:00,FX:XAUUSD,4404.81,4405.79,4404.23,4404.9,130.0
2026-09-09 22:03:00,FX:XAUUSD,4404.9,4406.25,4404.88,4404.99,241.0
2026-09-09 22:04:00,FX:XAUUSD,4404.99,4405.36,4404.48,4405.22,85.0
2026-09-09 22:05:00,FX:XAUUSD,4405.22,4405.41,4403.85,4404.09,147.0
2026-09-09 22:06:00,FX:XAUUSD,4404.09,4404.25,4403.18,4403.48,135.0
2026-09-09 22:07:00,FX:XAUUSD,4403.48,4403.96,4403.4,4403.67,241.0
2026-09-09 22:08:00,FX:XAUUSD,4403.67,4404.32,4403.51,4403.99,135.0
2026-09-09 22:09:00,FX:XAUUSD,4403.99,4404.89,4403.84,4404.48,181.0
2026-09-09 22:10:00,FX:XAUUSD,4404.48,4404.5,4402.57,4402.59,157.0
2026-09-09 22:11:00,FX:XAUUSD,4402.59,4406.08,4402.52,4405.36,205.0
2026-09-09 22:12:00,FX:XAUUSD,4405.36,4405.38,4404.24,4404.97,136.0
2026-09-09 22:13:00,FX:XAUUSD,4404.97,4404.97,4403.5,4403.69,192.0
2026-09-09 22:14:00,FX:XAUUSD,4403.69,4403.78,4402.68,4402.92,83.0
2026-09-09 22:15:00,FX:XAUUSD,4402.92,4403.27,4402.51,4402.8,99.0
2026-09-09 22:16:00,FX:XAUUSD,4402.8,4402.81,4402.22,4402.5,92.0
2026-09-09 22:17:00,FX:XAUUSD,4402.5,4403.16,4402.13,4402.99,137.0
2026-09-09 22:18:00,FX:XAUUSD,4402.99,4404.2,4402.91,4404.19,90.0
2026-09-09 22:19:00,FX:XAUUSD,4404.19,4404.32,4402.7,4403.24,134.0
2026-09-09 22:20:00,FX:XAUUSD,4403.24,4403.36,4402.92,4403.0,87.0
2026-09-09 22:21:00,FX:XAUUSD,4403.0,4403.1,4402.14,4402.43,128.0
2026-09-09 22:22:00,FX:XAUUSD,4402.43,4402.51,4401.46,4401.82,122.0
2026-09-09 22:23:00,FX:XAUUSD,4401.82,4401.82,4401.17,4401.47,75.0
2026-09-09 22:24:00,FX:XAUUSD,4401.47,4401.75,4401.16,4401.75,74.0
2026-09-09 22:25:00,FX:XAUUSD,4401.75,4402.01,4401.19,4401.98,108.0
2026-09-09 22:26:00,FX:XAUUSD,4401.98,4402.99,4401.89,4401.89,150.0
2026-09-09 22:27:00,FX:XAUUSD,4401.89,4401.95,4400.68,4401.01,134.0
2026-09-09 22:28:00,FX:XAUUSD,4401.01,4401.25,4400.5,4400.6,116.0
2026-09-09 22:29:00,FX:XAUUSD,4400.6,4402.66,4400.33,4402.32,175.0
2026-09-09 22:30:00,FX:XAUUSD,4402.32,4403.44,4401.93,4402.57,210.0
2026-09-09 22:31:00,FX:XAUUSD,4402.57,4402.65,4402.01,4402.02,76.0
2026-09-09 22:32:00,FX:XAUUSD,4402.02,4403.81,4401.43,4403.7,239.0
2026-09-09 22:33:00,FX:XAUUSD,4403.7,4403.77,4402.74,4402.9,265.0
2026-09-09 22:34:00,FX:XAUUSD,4402.9,4403.75,4402.33,4402.33,368.0
2026-09-09 22:35:00,FX:XAUUSD,4402.33,4403.18,4400.92,4400.92,287.0
2026-09-09 22:36:00,FX:XAUUSD,4400.92,4400.97,4399.99,4400.93,223.0
2026-09-09 22:37:00,FX:XAUUSD,4400.93,4401.14,4399.85,4400.31,115.0
2026-09-09 22:38:00,FX:XAUUSD,4400.31,4400.73,4399.84,4400.36,132.0
2026-09-09 22:39:00,FX:XAUUSD,4400.36,4400.59,4399.96,4400.32,140.0
2026-09-09 22:40:00,FX:XAUUSD,4400.32,4400.91,4400.18,4400.68,150.0
2026-09-09 22:41:00,FX:XAUUSD,4400.68,4401.1,4399.98,4400.9,100.0
2026-09-09 22:42:00,FX:XAUUSD,4400.9,4401.39,4400.34,4400.86,196.0
2026-09-09 22:43:00,FX:XAUUSD,4400.86,4402.54,4400.38,4401.41,250.0
2026-09-09 22:44:00,FX:XAUUSD,4401.41,4401.46,4401.0,4401.31,67.0
2026-09-09 22:45:00,FX:XAUUSD,4401.31,4401.59,4400.5,4400.57,246.0
2026-09-09 22:46:00,FX:XAUUSD,4400.57,4400.87,4399.8,4400.75,200.0
2026-09-09 22:47:00,FX:XAUUSD,4400.75,4400.91,4399.4,4400.0,197.0
2026-09-09 22:48:00,FX:XAUUSD,4400.0,4400.9,4397.7,4398.11,347.0
2026-09-09 22:49:00,FX:XAUUSD,4398.11,4400.26,4398.11,4400.18,306.0
2026-09-09 22:50:00,FX:XAUUSD,4400.18,4400.39,4399.2,4399.81,174.0
2026-09-09 22:51:00,FX:XAUUSD,4399.81,4400.05,4399.29,4399.52,152.0
2026-09-09 22:52:00,FX:XAUUSD,4399.52,4399.88,4399.02,4399.08,94.0
2026-09-09 22:53:00,FX:XAUUSD,4399.08,4399.5,4398.84,4399.16,126.0
2026-09-09 22:54:00,FX:XAUUSD,4399.16,4399.34,4398.6,4398.68,94.0
2026-09-09 22:55:00,FX:XAUUSD,4398.68,4398.87,4398.09,4398.33,140.0
2026-09-09 22:56:00,FX:XAUUSD,4398.33,4398.56,4397.78,4397.94,126.0
2026-09-09 22:57:00,FX:XAUUSD,4397.94,4398.09,4397.69,4398.09,98.0
2026-09-09 22:58:00,FX:XAUUSD,4398.09,4400.19,4398.02,4399.77,209.0
2026-09-09 22:59:00,FX:XAUUSD,4399.77,4401.15,4399.6,4399.74,243.0
2026-09-09 23:01:00,FX:XAUUSD,4401.53,4402.33,4400.97,4401.38,264.0
2026-09-09 23:02:00,FX:XAUUSD,4401.38,4402.01,4400.78,4401.53,200.0
2026-09-09 23:03:00,FX:XAUUSD,4401.53,4402.92,4401.42,4402.92,136.0
2026-09-09 23:04:00,FX:XAUUSD,4402.92,4403.11,4402.22,4402.72,171.0
2026-09-09 23:05:00,FX:XAUUSD,4402.72,4402.76,4402.24,4402.24,85.0
2026-09-09 23:06:00,FX:XAUUSD,4402.24,4402.66,4400.57,4400.89,195.0
2026-09-09 23:07:00,FX:XAUUSD,4400.89,4401.64,4399.86,4401.06,301.0
2026-09-09 23:08:00,FX:XAUUSD,4401.06,4401.25,4399.06,4399.81,340.0
2026-09-09 23:09:00,FX:XAUUSD,4399.81,4400.12,4398.35,4400.07,391.0
2026-09-09 23:10:00,FX:XAUUSD,4400.07,4401.24,4399.72,4401.08,309.0
2026-09-09 23:11:00,FX:XAUUSD,4401.08,4401.62,4399.95,4401.42,205.0
2026-09-09 23:12:00,FX:XAUUSD,4401.42,4402.07,4401.24,4402.0,135.0
2026-09-09 23:13:00,FX:XAUUSD,4402.0,4402.47,4400.51,4400.51,159.0
2026-09-09 23:14:00,FX:XAUUSD,4400.51,4400.64,4400.15,4400.6,90.0
2026-09-09 23:15:00,FX:XAUUSD,4400.6,4400.6,4399.48,4399.73,171.0
2026-09-09 23:16:00,FX:XAUUSD,4399.73,4400.0,4399.06,4399.26,125.0
2026-09-09 23:17:00,FX:XAUUSD,4399.26,4399.35,4398.04,4399.1,272.0
2026-09-09 23:18:00,FX:XAUUSD,4399.1,4402.33,4399.1,4401.85,363.0
2026-09-09 23:19:00,FX:XAUUSD,4401.85,4402.26,4399.92,4400.04,191.0
2026-09-09 23:20:00,FX:XAUUSD,4400.04,4400.7,4399.5,4400.7,148.0
2026-09-09 23:21:00,FX:XAUUSD,4400.7,4401.4,4400.61,4400.8,135.0
2026-09-09 23:22:00,FX:XAUUSD,4400.8,4401.01,4399.89,4400.16,106.0
2026-09-09 23:23:00,FX:XAUUSD,4400.16,4400.16,4397.82,4398.03,140.0
2026-09-09 23:24:00,FX:XAUUSD,4398.03,4398.29,4396.99,4397.43,164.0
2026-09-09 23:25:00,FX:XAUUSD,4397.43,4398.63,4396.56,4398.04,286.0
2026-09-09 23:26:00,FX:XAUUSD,4398.04,4400.1,4397.94,4399.05,240.0
2026-09-09 23:27:00,FX:XAUUSD,4399.05,4399.12,4396.78,4397.01,341.0
2026-09-09 23:28:00,FX:XAUUSD,4397.01,4397.02,4395.73,4396.51,365.0
2026-09-09 23:29:00,FX:XAUUSD,4396.51,4397.91,4396.41,4397.71,200.0
2026-09-09 23:30:00,FX:XAUUSD,4397.71,4399.21,4396.88,4398.1,345.0
2026-09-09 23:31:00,FX:XAUUSD,4398.1,4398.22,4396.97,4397.01,148.0
2026-09-09 23:32:00,FX:XAUUSD,4397.01,4397.01,4394.84,4394.91,263.0
2026-09-09 23:33:00,FX:XAUUSD,4394.91,4395.21,4393.87,4394.88,329.0
2026-09-09 23:34:00,FX:XAUUSD,4394.88,4395.36,4393.81,4394.11,271.0
2026-09-09 23:35:00,FX:XAUUSD,4394.11,4394.72,4393.77,4394.18,145.0
2026-09-09 23:36:00,FX:XAUUSD,4394.18,4394.81,4393.92,4394.72,92.0
2026-09-09 23:37:00,FX:XAUUSD,4394.72,4394.77,4393.83,4394.29,107.0
2026-09-09 23:38:00,FX:XAUUSD,4394.29,4394.38,4393.37,4393.65,100.0
2026-09-09 23:39:00,FX:XAUUSD,4393.65,4394.41,4393.62,4394.04,128.0
2026-09-09 23:40:00,FX:XAUUSD,4394.04,4394.26,4393.87,4394.02,109.0
2026-09-09 23:41:00,FX:XAUUSD,4394.02,4394.05,4393.35,4393.35,107.0
2026-09-09 23:42:00,FX:XAUUSD,4393.35,4393.94,4393.35,4393.81,103.0
2026-09-09 23:43:00,FX:XAUUSD,4393.81,4393.85,4393.3,4393.66,105.0
2026-09-09 23:44:00,FX:XAUUSD,4393.66,4394.34,4393.63,4394.31,107.0
2026-09-09 23:45:00,FX:XAUUSD,4394.31,4394.7,4393.61,4394.27,315.0
2026-09-09 23:46:00,FX:XAUUSD,4394.27,4394.91,4393.72,4394.85,351.0
2026-09-09 23:47:00,FX:XAUUSD,4394.85,4395.24,4394.16,4394.42,297.0
2026-09-09 23:48:00,FX:XAUUSD,4394.42,4394.42,4393.4,4393.58,168.0
2026-09-09 23:49:00,FX:XAUUSD,4393.58,4394.37,4393.57,4394.14,171.0
2026-09-09 23:50:00,FX:XAUUSD,4394.14,4394.18,4393.4,4394.02,132.0
2026-09-09 23:51:00,FX:XAUUSD,4394.02,4394.88,4393.92,4394.63,189.0
2026-09-09 23:52:00,FX:XAUUSD,4394.63,4394.7,4393.5,4393.8,238.0
2026-09-09 23:53:00,FX:XAUUSD,4393.8,4394.9,4393.8,4394.54,217.0
2026-09-09 23:54:00,FX:XAUUSD,4394.54,4394.78,4394.08,4394.3,145.0
2026-09-09 23:55:00,FX:XAUUSD,4394.3,4394.3,4393.79,4394.09,135.0
2026-09-09 23:56:00,FX:XAUUSD,4394.09,4394.7,4394.08,4394.36,104.0
2026-09-09 23:57:00,FX:XAUUSD,4394.36,4394.37,4393.37,4393.6,207.0
2026-09-09 23:58:00,FX:XAUUSD,4393.6,4393.89,4393.1,4393.84,243.0
2026-09-09 23:59:00,FX:XAUUSD,4393.84,4394.15,4393.73,4394.13,185.0
2026-09-10 00:00:00,FX:XAUUSD,4394.13,4394.25,4391.71,4392.06,777.0
2026-09-10 00:01:00,FX:XAUUSD,4392.06,4392.54,4390.93,4391.09,465.0
2026-09-10 00:02:00,FX:XAUUSD,4391.09,4391.16,4389.79,4390.16,404.0
2026-09-10 00:03:00,FX:XAUUSD,4390.16,4391.35,4389.65,4391.17,448.0
2026-09-10 00:04:00,FX:XAUUSD,4391.17,4392.18,4391.17,4392.06,294.0
2026-09-10 00:05:00,FX:XAUUSD,4392.06,4392.1,4390.86,4391.08,259.0
2026-09-10 00:06:00,FX:XAUUSD,4391.08,4391.5,4390.06,4391.5,403.0
2026-09-10 00:07:00,FX:XAUUSD,4391.5,4393.25,4391.47,4392.18,261.0
2026-09-10 00:08:00,FX:XAUUSD,4392.18,4392.18,4390.44,4390.91,308.0
2026-09-10 00:09:00,FX:XAUUSD,4390.91,4394.24,4390.84,4393.74,353.0
2026-09-10 00:10:00,FX:XAUUSD,4393.74,4394.56,4392.98,4394.55,336.0
2026-09-10 00:11:00,FX:XAUUSD,4394.55,4397.04,4393.96,4396.04,464.0
2026-09-10 00:12:00,FX:XAUUSD,4396.04,4396.68,4395.99,4396.14,394.0
2026-09-10 00:13:00,FX:XAUUSD,4396.14,4397.01,4395.16,4395.63,393.0
2026-09-10 00:14:00,FX:XAUUSD,4395.63,4395.82,4394.34,4394.93,496.0
2026-09-10 00:15:00,FX:XAUUSD,4394.93,4397.43,4394.37,4397.17,565.0
2026-09-10 00:16:00,FX:XAUUSD,4397.17,4397.55,4396.6,4397.01,403.0
2026-09-10 00:17:00,FX:XAUUSD,4397.01,4397.5,4396.04,4396.47,310.0
2026-09-10 00:18:00,FX:XAUUSD,4396.47,4398.44,4396.45,4398.21,389.0
2026-09-10 00:19:00,FX:XAUUSD,4398.21,4398.28,4396.11,4396.65,405.0
2026-09-10 00:20:00,FX:XAUUSD,4396.65,4397.72,4396.53,4397.0,413.0
2026-09-10 00:21:00,FX:XAUUSD,4397.0,4397.94,4396.62,4397.26,402.0
2026-09-10 00:22:00,FX:XAUUSD,4397.26,4397.61,4395.94,4395.96,462.0
2026-09-10 00:23:00,FX:XAUUSD,4395.96,4396.53,4395.35,4395.91,428.0
2026-09-10 00:24:00,FX:XAUUSD,4395.91,4396.34,4395.63,4395.85,327.0
2026-09-10 00:25:00,FX:XAUUSD,4395.85,4396.61,4394.75,4394.93,529.0
2026-09-10 00:26:00,FX:XAUUSD,4394.93,4395.28,4394.44,4394.59,457.0
2026-09-10 00:27:00,FX:XAUUSD,4394.59,4397.5,4394.18,4395.14,503.0
2026-09-10 00:28:00,FX:XAUUSD,4395.14,4396.01,4394.25,4394.53,557.0
2026-09-10 00:29:00,FX:XAUUSD,4394.53,4394.55,4392.17,4392.84,475.0
2026-09-10 00:30:00,FX:XAUUSD,4392.84,4395.02,4392.49,4394.97,492.0
2026-09-10 00:31:00,FX:XAUUSD,4394.97,4394.97,4392.98,4393.03,381.0
2026-09-10 00:32:00,FX:XAUUSD,4393.03,4393.44,4392.11,4392.72,420.0
2026-09-10 00:33:00,FX:XAUUSD,4392.72,4392.76,4392.05,4392.09,340.0
2026-09-10 00:34:00,FX:XAUUSD,4392.09,4394.58,4391.36,4394.57,537.0
2026-09-10 00:35:00,FX:XAUUSD,4394.57,4395.75,4394.57,4395.02,439.0
2026-09-10 00:36:00,FX:XAUUSD,4395.02,4396.88,4394.87,4396.44,437.0
2026-09-10 00:37:00,FX:XAUUSD,4396.44,4397.74,4396.21,4396.25,442.0
2026-09-10 00:38:00,FX:XAUUSD,4396.25,4397.72,4396.07,4397.36,402.0
2026-09-10 00:39:00,FX:XAUUSD,4397.36,4398.62,4397.32,4398.31,430.0
2026-09-10 00:40:00,FX:XAUUSD,4398.31,4399.98,4398.31,4399.37,481.0
2026-09-10 00:41:00,FX:XAUUSD,4399.37,4399.44,4397.69,4397.73,521.0
2026-09-10 00:42:00,FX:XAUUSD,4397.73,4398.51,4396.42,4398.15,559.0
2026-09-10 00:43:00,FX:XAUUSD,4398.15,4400.1,4397.89,4399.98,407.0
2026-09-10 00:44:00,FX:XAUUSD,4399.98,4401.5,4399.96,4400.92,384.0
2026-09-10 00:45:00,FX:XAUUSD,4400.92,4401.05,4399.53,4399.61,590.0
2026-09-10 00:46:00,FX:XAUUSD,4399.61,4399.92,4398.78,4399.2,380.0
2026-09-10 00:47:00,FX:XAUUSD,4399.2,4399.26,4397.83,4398.57,370.0
2026-09-10 00:48:00,FX:XAUUSD,4398.57,4400.37,4398.57,4400.23,441.0
2026-09-10 00:49:00,FX:XAUUSD,4400.23,4400.65,4399.84,4399.93,356.0
2026-09-10 00:50:00,FX:XAUUSD,4399.93,4400.0,4397.9,4398.71,745.0
2026-09-10 00:51:00,FX:XAUUSD,4398.71,4401.68,4398.71,4401.29,594.0
2026-09-10 00:52:00,FX:XAUUSD,4401.29,4402.43,4401.03,4402.08,564.0
2026-09-10 00:53:00,FX:XAUUSD,4402.08,4404.37,4401.81,4404.11,376.0
2026-09-10 00:54:00,FX:XAUUSD,4404.11,4404.86,4402.44,4402.61,465.0
2026-09-10 00:55:00,FX:XAUUSD,4402.61,4403.18,4402.2,4403.13,340.0
2026-09-10 00:56:00,FX:XAUUSD,4403.13,4403.46,4402.48,4402.9,496.0
2026-09-10 00:57:00,FX:XAUUSD,4402.9,4403.57,4402.1,4403.31,517.0
2026-09-10 00:58:00,FX:XAUUSD,4403.31,4403.39,4400.74,4400.88,565.0
2026-09-10 00:59:00,FX:XAUUSD,4400.88,4402.65,4400.59,4400.98,914.0
2026-09-10 01:00:00,FX:XAUUSD,4400.98,4406.24,4399.97,4406.24,1874.0
2026-09-10 01:01:00,FX:XAUUSD,4406.24,4408.94,4405.54,4406.69,1912.0
2026-09-10 01:02:00,FX:XAUUSD,4406.69,4410.66,4406.33,4409.95,1214.0
2026-09-10 01:03:00,FX:XAUUSD,4409.95,4413.07,4409.72,4412.71,963.0
2026-09-10 01:04:00,FX:XAUUSD,4412.71,4412.73,4408.32,4409.06,632.0
2026-09-10 01:05:00,FX:XAUUSD,4409.06,4409.27,4407.88,4409.2,676.0
2026-09-10 01:06:00,FX:XAUUSD,4409.2,4410.72,4408.6,4410.41,747.0
2026-09-10 01:07:00,FX:XAUUSD,4410.41,4415.72,4409.91,4415.72,906.0
2026-09-10 01:08:00,FX:XAUUSD,4415.72,4417.44,4415.2,4416.96,726.0
2026-09-10 01:09:00,FX:XAUUSD,4416.96,4418.75,4414.91,4418.02,810.0
2026-09-10 01:10:00,FX:XAUUSD,4418.02,4419.11,4416.59,4418.3,870.0
2026-09-10 01:11:00,FX:XAUUSD,4418.3,4418.6,4413.67,4414.11,788.0
2026-09-10 01:12:00,FX:XAUUSD,4414.11,4414.25,4412.96,4413.83,649.0
2026-09-10 01:13:00,FX:XAUUSD,4413.83,4415.48,4413.51,4414.16,791.0
2026-09-10 01:14:00,FX:XAUUSD,4414.16,4414.24,4411.7,4412.75,696.0
2026-09-10 01:15:00,FX:XAUUSD,4412.75,4414.01,4411.54,4413.51,832.0
2026-09-10 01:16:00,FX:XAUUSD,4413.51,4414.4,4411.43,4412.78,994.0
2026-09-10 01:17:00,FX:XAUUSD,4412.78,4413.84,4411.69,4413.09,1058.0
2026-09-10 01:18:00,FX:XAUUSD,4413.09,4415.87,4412.92,4415.69,934.0
2026-09-10 01:19:00,FX:XAUUSD,4415.69,4416.42,4413.48,4415.15,924.0
2026-09-10 01:20:00,FX:XAUUSD,4415.15,4415.15,4411.84,4412.24,1063.0
2026-09-10 01:21:00,FX:XAUUSD,4412.24,4412.24,4410.49,4411.52,1060.0
2026-09-10 01:22:00,FX:XAUUSD,4411.52,4414.14,4410.85,4414.04,830.0
2026-09-10 01:23:00,FX:XAUUSD,4414.04,4414.77,4412.3,4413.59,898.0
2026-09-10 01:24:00,FX:XAUUSD,4413.59,4415.32,4412.06,4412.46,764.0
2026-09-10 01:25:00,FX:XAUUSD,4412.46,4416.33,4412.33,4415.5,863.0
2026-09-10 01:26:00,FX:XAUUSD,4415.5,4416.49,4413.87,4413.98,896.0
2026-09-10 01:27:00,FX:XAUUSD,4413.98,4414.5,4411.69,4411.76,760.0
2026-09-10 01:28:00,FX:XAUUSD,4411.76,4412.29,4411.07,4411.72,769.0
2026-09-10 01:29:00,FX:XAUUSD,4411.72,4412.5,4410.24,4410.44,764.0
2026-09-10 01:30:00,FX:XAUUSD,4410.44,4410.95,4408.12,4408.38,967.0
2026-09-10 01:31:00,FX:XAUUSD,4408.38,4410.21,4407.68,4409.26,1071.0
2026-09-10 01:32:00,FX:XAUUSD,4409.26,4409.31,4407.38,4408.09,864.0
2026-09-10 01:33:00,FX:XAUUSD,4408.09,4408.15,4405.64,4406.31,875.0
2026-09-10 01:34:00,FX:XAUUSD,4406.31,4408.04,4405.22,4407.99,878.0
2026-09-10 01:35:00,FX:XAUUSD,4407.99,4408.98,4407.57,4407.97,904.0
2026-09-10 01:36:00,FX:XAUUSD,4407.97,4409.94,4407.9,4409.71,962.0
2026-09-10 01:37:00,FX:XAUUSD,4409.71,4410.21,4408.48,4409.47,769.0
2026-09-10 01:38:00,FX:XAUUSD,4409.47,4410.52,4407.16,4407.34,949.0
2026-09-10 01:39:00,FX:XAUUSD,4407.34,4407.34,4406.15,4407.2,1003.0
2026-09-10 01:40:00,FX:XAUUSD,4407.2,4410.33,4407.13,4409.75,942.0
2026-09-10 01:41:00,FX:XAUUSD,4409.75,4410.06,4408.68,4408.68,894.0
2026-09-10 01:42:00,FX:XAUUSD,4408.68,4409.44,4408.29,4408.57,816.0
2026-09-10 01:43:00,FX:XAUUSD,4408.57,4409.07,4407.4,4408.7,809.0
2026-09-10 01:44:00,FX:XAUUSD,4408.7,4410.5,4407.86,4410.07,992.0
2026-09-10 01:45:00,FX:XAUUSD,4410.07,4410.65,4408.94,4410.64,840.0
2026-09-10 01:46:00,FX:XAUUSD,4410.64,4412.99,4410.33,4412.95,724.0
2026-09-10 01:47:00,FX:XAUUSD,4412.95,4414.37,4412.59,4412.67,823.0
2026-09-10 01:48:00,FX:XAUUSD,4412.67,4413.83,4410.82,4411.99,1146.0
2026-09-10 01:49:00,FX:XAUUSD,4411.99,4413.77,4411.37,4413.14,919.0
2026-09-10 01:50:00,FX:XAUUSD,4413.14,4414.42,4411.84,4412.94,973.0
2026-09-10 01:51:00,FX:XAUUSD,4412.94,4413.44,4409.72,4410.03,1313.0
2026-09-10 01:52:00,FX:XAUUSD,4410.03,4410.94,4409.31,4409.55,817.0
2026-09-10 01:53:00,FX:XAUUSD,4409.55,4410.35,4409.31,4409.72,607.0
2026-09-10 01:54:00,FX:XAUUSD,4409.72,4410.18,4408.23,4408.77,794.0
2026-09-10 01:55:00,FX:XAUUSD,4408.77,4413.05,4408.71,4411.54,1022.0
2026-09-10 01:56:00,FX:XAUUSD,4411.54,4412.38,4409.8,4409.82,800.0
2026-09-10 01:57:00,FX:XAUUSD,4409.82,4410.45,4407.95,4409.69,896.0
2026-09-10 01:58:00,FX:XAUUSD,4409.69,4410.86,4407.96,4410.49,786.0
2026-09-10 01:59:00,FX:XAUUSD,4410.49,4412.36,4410.42,4412.12,755.0
2026-09-10 02:00:00,FX:XAUUSD,4412.12,4413.63,4411.53,4412.89,1021.0
2026-09-10 02:01:00,FX:XAUUSD,4412.89,4415.25,4412.87,4413.56,917.0
2026-09-10 02:02:00,FX:XAUUSD,4413.56,4414.94,4412.93,4414.89,786.0
2026-09-10 02:03:00,FX:XAUUSD,4414.89,4418.01,4414.89,4416.77,774.0
2026-09-10 02:04:00,FX:XAUUSD,4416.77,4417.51,4414.65,4414.94,924.0
2026-09-10 02:05:00,FX:XAUUSD,4414.94,4417.94,4414.21,4417.93,818.0
2026-09-10 02:06:00,FX:XAUUSD,4417.93,4418.76,4415.79,4415.8,735.0
2026-09-10 02:07:00,FX:XAUUSD,4415.8,4416.7,4415.26,4416.08,754.0
2026-09-10 02:08:00,FX:XAUUSD,4416.08,4418.27,4415.89,4418.27,638.0
2026-09-10 02:09:00,FX:XAUUSD,4418.27,4418.72,4416.07,4416.44,598.0
2026-09-10 02:10:00,FX:XAUUSD,4416.44,4417.02,4414.62,4416.3,755.0
2026-09-10 02:11:00,FX:XAUUSD,4416.3,4417.13,4413.97,4414.09,905.0
2026-09-10 02:12:00,FX:XAUUSD,4414.09,4414.17,4411.97,4413.47,770.0
2026-09-10 02:13:00,FX:XAUUSD,4413.47,4415.32,4413.42,4414.88,629.0
2026-09-10 02:14:00,FX:XAUUSD,4414.88,4415.5,4413.89,4413.91,643.0
2026-09-10 02:15:00,FX:XAUUSD,4413.91,4414.63,4411.58,4411.72,407.0
2026-09-10 02:16:00,FX:XAUUSD,4411.72,4411.72,4409.01,4409.05,508.0
2026-09-10 02:17:00,FX:XAUUSD,4409.05,4409.71,4408.03,4409.46,517.0
2026-09-10 02:18:00,FX:XAUUSD,4409.46,4410.35,4408.04,4409.03,427.0
2026-09-10 02:19:00,FX:XAUUSD,4409.03,4409.74,4408.41,4409.59,288.0
2026-09-10 02:20:00,FX:XAUUSD,4409.59,4410.99,4408.75,4410.94,347.0
2026-09-10 02:21:00,FX:XAUUSD,4410.94,4411.42,4408.63,4408.87,407.0
2026-09-10 02:22:00,FX:XAUUSD,4408.87,4412.2,4408.87,4412.14,442.0
2026-09-10 02:23:00,FX:XAUUSD,4412.14,4413.67,4411.95,4413.48,367.0
2026-09-10 02:24:00,FX:XAUUSD,4413.48,4413.86,4411.48,4412.78,463.0
2026-09-10 02:25:00,FX:XAUUSD,4412.78,4413.73,4412.42,4412.69,404.0
2026-09-10 02:26:00,FX:XAUUSD,4412.69,4412.87,4412.17,4412.59,309.0
2026-09-10 02:27:00,FX:XAUUSD,4412.59,4414.26,4412.37,4414.22,480.0
2026-09-10 02:28:00,FX:XAUUSD,4414.22,4416.26,4413.75,4415.57,527.0
2026-09-10 02:29:00,FX:XAUUSD,4415.57,4417.64,4415.2,4416.97,556.0
2026-09-10 02:30:00,FX:XAUUSD,4416.97,4417.72,4413.16,4414.73,1211.0
2026-09-10 02:31:00,FX:XAUUSD,4414.73,4414.84,4412.88,4414.04,710.0
2026-09-10 02:32:00,FX:XAUUSD,4414.04,4414.07,4412.65,4412.81,462.0
2026-09-10 02:33:00,FX:XAUUSD,4412.81,4413.12,4411.0,4411.77,687.0
2026-09-10 02:34:00,FX:XAUUSD,4411.77,4416.18,4411.43,4415.82,845.0
2026-09-10 02:35:00,FX:XAUUSD,4415.82,4416.22,4414.54,4415.06,776.0
2026-09-10 02:36:00,FX:XAUUSD,4415.06,4416.16,4414.41,4414.61,510.0
2026-09-10 02:37:00,FX:XAUUSD,4414.61,4415.68,4414.34,4415.6,557.0
2026-09-10 02:38:00,FX:XAUUSD,4415.6,4418.84,4415.03,4417.44,739.0
2026-09-10 02:39:00,FX:XAUUSD,4417.44,4420.35,4417.44,4418.4,980.0
2026-09-10 02:40:00,FX:XAUUSD,4418.4,4420.81,4418.33,4419.35,512.0
2026-09-10 02:41:00,FX:XAUUSD,4419.35,4419.37,4417.57,4417.77,507.0
2026-09-10 02:42:00,FX:XAUUSD,4417.77,4420.8,4417.73,4419.33,588.0
2026-09-10 02:43:00,FX:XAUUSD,4419.33,4420.04,4418.42,4418.74,455.0
2026-09-10 02:44:00,FX:XAUUSD,4418.74,4419.01,4417.25,4418.07,433.0
2026-09-10 02:45:00,FX:XAUUSD,4418.07,4418.11,4417.3,4417.85,544.0
2026-09-10 02:46:00,FX:XAUUSD,4417.85,4418.03,4416.95,4417.74,457.0
2026-09-10 02:47:00,FX:XAUUSD,4417.74,4419.26,4417.38,4418.28,406.0
2026-09-10 02:48:00,FX:XAUUSD,4418.28,4418.33,4416.75,4417.54,582.0
2026-09-10 02:49:00,FX:XAUUSD,4417.54,4417.87,4416.7,4417.84,396.0
2026-09-10 02:50:00,FX:XAUUSD,4417.84,4419.0,4416.05,4418.14,566.0
2026-09-10 02:51:00,FX:XAUUSD,4418.14,4420.16,4418.03,4420.01,464.0
2026-09-10 02:52:00,FX:XAUUSD,4420.01,4420.71,4418.8,4419.69,568.0
2026-09-10 02:53:00,FX:XAUUSD,4419.69,4420.61,4419.69,4420.13,471.0
2026-09-10 02:54:00,FX:XAUUSD,4420.13,4420.77,4419.75,4420.55,400.0
2026-09-10 02:55:00,FX:XAUUSD,4420.55,4420.55,4419.26,4419.87,505.0
2026-09-10 02:56:00,FX:XAUUSD,4419.87,4419.88,4417.94,4418.19,497.0
2026-09-10 02:57:00,FX:XAUUSD,4418.19,4419.31,4417.88,4418.74,471.0
2026-09-10 02:58:00,FX:XAUUSD,4418.74,4418.78,4417.35,4418.0,433.0
2026-09-10 02:59:00,FX:XAUUSD,4418.0,4419.52,4417.59,4419.31,460.0
2026-09-10 03:00:00,FX:XAUUSD,4419.31,4420.68,4418.64,4419.91,786.0
2026-09-10 03:01:00,FX:XAUUSD,4419.91,4420.04,4419.15,4419.49,424.0
2026-09-10 03:02:00,FX:XAUUSD,4419.49,4419.77,4418.3,4418.3,482.0
2026-09-10 03:03:00,FX:XAUUSD,4418.3,4418.36,4415.47,4416.99,617.0
2026-09-10 03:04:00,FX:XAUUSD,4416.99,4418.3,4416.83,4417.54,645.0
2026-09-10 03:05:00,FX:XAUUSD,4417.54,4417.54,4415.31,4416.21,541.0
2026-09-10 03:06:00,FX:XAUUSD,4416.21,4416.21,4414.9,4415.12,432.0
2026-09-10 03:07:00,FX:XAUUSD,4415.12,4416.13,4414.41,4414.41,551.0
2026-09-10 03:08:00,FX:XAUUSD,4414.41,4414.81,4411.58,4412.53,531.0
2026-09-10 03:09:00,FX:XAUUSD,4412.53,4413.94,4411.74,4413.26,722.0
2026-09-10 03:10:00,FX:XAUUSD,4413.26,4416.14,4413.18,4415.5,759.0
2026-09-10 03:11:00,FX:XAUUSD,4415.5,4416.61,4414.69,4414.7,499.0
2026-09-10 03:12:00,FX:XAUUSD,4414.7,4414.87,4413.58,4414.61,756.0
2026-09-10 03:13:00,FX:XAUUSD,4414.61,4414.61,4413.18,4413.38,544.0
2026-09-10 03:14:00,FX:XAUUSD,4413.38,4413.45,4412.25,4412.57,521.0
2026-09-10 03:15:00,FX:XAUUSD,4412.57,4413.66,4412.34,4412.89,512.0
2026-09-10 03:16:00,FX:XAUUSD,4412.89,4413.0,4412.38,4412.75,398.0
2026-09-10 03:17:00,FX:XAUUSD,4412.75,4414.15,4412.24,4414.15,518.0
2026-09-10 03:18:00,FX:XAUUSD,4414.15,4414.73,4413.24,4413.34,393.0
2026-09-10 03:19:00,FX:XAUUSD,4413.34,4414.57,4413.24,4414.26,380.0
2026-09-10 03:20:00,FX:XAUUSD,4414.26,4414.88,4414.08,4414.24,343.0
2026-09-10 03:21:00,FX:XAUUSD,4414.24,4414.24,4412.02,4412.39,428.0
2026-09-10 03:22:00,FX:XAUUSD,4412.39,4412.39,4411.45,4411.57,351.0
2026-09-10 03:23:00,FX:XAUUSD,4411.57,4412.62,4411.5,4412.61,369.0
2026-09-10 03:24:00,FX:XAUUSD,4412.61,4413.2,4412.19,4412.19,405.0
2026-09-10 03:25:00,FX:XAUUSD,4412.19,4412.58,4411.46,4411.94,529.0
2026-09-10 03:26:00,FX:XAUUSD,4411.94,4411.94,4409.67,4410.43,587.0
2026-09-10 03:27:00,FX:XAUUSD,4410.43,4410.72,4409.21,4410.63,516.0
2026-09-10 03:28:00,FX:XAUUSD,4410.63,4410.64,4409.51,4409.57,427.0
2026-09-10 03:29:00,FX:XAUUSD,4409.57,4410.52,4409.52,4410.11,635.0
2026-09-10 03:30:00,FX:XAUUSD,4410.11,4411.38,4409.63,4411.25,440.0
2026-09-10 03:31:00,FX:XAUUSD,4411.25,4412.05,4410.68,4412.05,401.0
2026-09-10 03:32:00,FX:XAUUSD,4412.05,4412.48,4411.58,4412.48,302.0
2026-09-10 03:33:00,FX:XAUUSD,4412.48,4412.6,4410.68,4411.96,414.0
2026-09-10 03:34:00,FX:XAUUSD,4411.96,4412.21,4411.15,4411.35,311.0
2026-09-10 03:35:00,FX:XAUUSD,4411.35,4411.35,4409.87,4409.87,278.0
2026-09-10 03:36:00,FX:XAUUSD,4409.87,4410.08,4409.51,4409.87,234.0
2026-09-10 03:37:00,FX:XAUUSD,4409.87,4410.26,4409.63,4409.94,248.0
2026-09-10 03:38:00,FX:XAUUSD,4409.94,4410.08,4408.51,4409.17,406.0
2026-09-10 03:39:00,FX:XAUUSD,4409.17,4409.17,4408.06,4408.69,313.0
2026-09-10 03:40:00,FX:XAUUSD,4408.69,4408.71,4407.66,4408.11,331.0
2026-09-10 03:41:00,FX:XAUUSD,4408.11,4408.25,4407.12,4407.41,310.0
2026-09-10 03:42:00,FX:XAUUSD,4407.41,4408.54,4407.28,4407.91,214.0
2026-09-10 03:43:00,FX:XAUUSD,4407.91,4408.47,4407.31,4407.48,197.0
2026-09-10 03:44:00,FX:XAUUSD,4407.48,4407.98,4407.14,4407.91,145.0
2026-09-10 03:45:00,FX:XAUUSD,4407.91,4408.69,4407.91,4408.4,205.0
2026-09-10 03:46:00,FX:XAUUSD,4408.4,4409.32,4408.4,4409.18,240.0
2026-09-10 03:47:00,FX:XAUUSD,4409.18,4409.4,4408.37,4408.79,278.0
2026-09-10 03:48:00,FX:XAUUSD,4408.79,4409.58,4408.5,4408.53,319.0
2026-09-10 03:49:00,FX:XAUUSD,4408.53,4409.95,4408.48,4408.99,412.0
2026-09-10 03:50:00,FX:XAUUSD,4408.99,4408.99,4406.81,4407.3,333.0
2026-09-10 03:51:00,FX:XAUUSD,4407.3,4407.9,4407.3,4407.74,161.0
2026-09-10 03:52:00,FX:XAUUSD,4407.74,4407.84,4406.95,4407.51,189.0
2026-09-10 03:53:00,FX:XAUUSD,4407.51,4408.0,4407.12,4407.96,177.0
2026-09-10 03:54:00,FX:XAUUSD,4407.96,4408.37,4407.85,4407.95,150.0
2026-09-10 03:55:00,FX:XAUUSD,4407.95,4408.21,4407.7,4407.93,150.0
2026-09-10 03:56:00,FX:XAUUSD,4407.93,4408.78,4407.68,4408.38,229.0
2026-09-10 03:57:00,FX:XAUUSD,4408.38,4409.61,4407.82,4409.36,196.0
2026-09-10 03:58:00,FX:XAUUSD,4409.36,4409.36,4408.15,4408.85,188.0
2026-09-10 03:59:00,FX:XAUUSD,4408.85,4409.32,4408.85,4409.14,144.0
2026-09-10 04:00:00,FX:XAUUSD,4409.14,4410.05,4409.14,4409.61,294.0
2026-09-10 04:01:00,FX:XAUUSD,4409.61,4410.74,4409.54,4410.27,302.0
2026-09-10 04:02:00,FX:XAUUSD,4410.27,4410.7,4409.33,4410.14,312.0
2026-09-10 04:03:00,FX:XAUUSD,4410.14,4411.06,4409.96,4410.92,202.0
2026-09-10 04:04:00,FX:XAUUSD,4410.92,4412.97,4410.88,4412.96,288.0
2026-09-10 04:05:00,FX:XAUUSD,4412.96,4413.22,4412.38,4413.03,223.0
2026-09-10 04:06:00,FX:XAUUSD,4413.03,4414.13,4412.91,4413.95,195.0
2026-09-10 04:07:00,FX:XAUUSD,4413.95,4414.09,4413.62,4413.66,155.0
2026-09-10 04:08:00,FX:XAUUSD,4413.66,4413.71,4412.63,4412.73,277.0
2026-09-10 04:09:00,FX:XAUUSD,4412.73,4413.22,4412.48,4413.06,254.0
2026-09-10 04:10:00,FX:XAUUSD,4413.06,4413.61,4412.85,4413.56,198.0
2026-09-10 04:11:00,FX:XAUUSD,4413.56,4415.27,4413.43,4414.98,309.0
2026-09-10 04:12:00,FX:XAUUSD,4414.98,4415.49,4414.39,4414.65,234.0
2026-09-10 04:13:00,FX:XAUUSD,4414.65,4415.03,4413.92,4414.16,265.0
2026-09-10 04:14:00,FX:XAUUSD,4414.16,4414.39,4413.41,4414.02,232.0
2026-09-10 04:15:00,FX:XAUUSD,4414.02,4414.36,4413.75,4414.0,167.0
2026-09-10 04:16:00,FX:XAUUSD,4414.0,4414.86,4414.0,4414.56,208.0
2026-09-10 04:17:00,FX:XAUUSD,4414.56,4414.76,4414.05,4414.57,127.0
2026-09-10 04:18:00,FX:XAUUSD,4414.57,4415.14,4414.27,4414.72,213.0
2026-09-10 04:19:00,FX:XAUUSD,4414.72,4414.74,4414.32,4414.67,125.0
2026-09-10 04:20:00,FX:XAUUSD,4414.67,4415.49,4413.91,4414.04,244.0
2026-09-10 04:21:00,FX:XAUUSD,4414.04,4414.42,4413.58,4414.03,185.0
2026-09-10 04:22:00,FX:XAUUSD,4414.03,4414.75,4413.78,4414.75,129.0
2026-09-10 04:23:00,FX:XAUUSD,4414.75,4415.02,4414.02,4414.76,180.0
2026-09-10 04:24:00,FX:XAUUSD,4414.76,4414.98,4413.66,4413.89,252.0
2026-09-10 04:25:00,FX:XAUUSD,4413.89,4414.72,4413.42,4413.89,308.0
2026-09-10 04:26:00,FX:XAUUSD,4413.89,4414.32,4413.79,4414.2,97.0
2026-09-10 04:27:00,FX:XAUUSD,4414.2,4414.24,4412.8,4412.88,185.0
2026-09-10 04:28:00,FX:XAUUSD,4412.88,4413.14,4412.47,4412.67,137.0
2026-09-10 04:29:00,FX:XAUUSD,4412.67,4412.76,4410.69,4411.65,248.0
2026-09-10 04:30:00,FX:XAUUSD,4411.65,4412.99,4411.32,4412.69,384.0
2026-09-10 04:31:00,FX:XAUUSD,4412.69,4413.66,4412.68,4413.06,294.0
2026-09-10 04:32:00,FX:XAUUSD,4413.06,4413.06,4411.74,4412.01,217.0
2026-09-10 04:33:00,FX:XAUUSD,4412.01,4412.02,4410.72,4410.76,193.0
2026-09-10 04:34:00,FX:XAUUSD,4410.76,4410.99,4410.61,4410.99,135.0
2026-09-10 04:35:00,FX:XAUUSD,4410.99,4410.99,4410.08,4410.67,116.0
2026-09-10 04:36:00,FX:XAUUSD,4410.67,4411.33,4409.93,4410.7,316.0
2026-09-10 04:37:00,FX:XAUUSD,4410.7,4410.7,4409.83,4409.83,241.0
2026-09-10 04:38:00,FX:XAUUSD,4409.83,4409.83,4407.71,4408.45,257.0
2026-09-10 04:39:00,FX:XAUUSD,4408.45,4408.62,4408.07,4408.09,205.0
2026-09-10 04:40:00,FX:XAUUSD,4408.09,4408.55,4406.51,4406.75,374.0
2026-09-10 04:41:00,FX:XAUUSD,4406.75,4407.11,4405.93,4406.33,268.0
2026-09-10 04:42:00,FX:XAUUSD,4406.33,4406.67,4405.55,4406.0,290.0
2026-09-10 04:43:00,FX:XAUUSD,4406.0,4406.46,4405.42,4406.15,159.0
2026-09-10 04:44:00,FX:XAUUSD,4406.15,4406.94,4405.88,4406.63,261.0
2026-09-10 04:45:00,FX:XAUUSD,4406.63,4407.24,4406.35,4407.19,352.0
2026-09-10 04:46:00,FX:XAUUSD,4407.19,4407.49,4406.82,4407.42,147.0
2026-09-10 04:47:00,FX:XAUUSD,4407.42,4408.77,4407.22,4408.77,137.0
2026-09-10 04:48:00,FX:XAUUSD,4408.77,4409.43,4408.57,4408.92,284.0
2026-09-10 04:49:00,FX:XAUUSD,4408.92,4409.51,4408.71,4409.51,160.0
2026-09-10 04:50:00,FX:XAUUSD,4409.51,4411.63,4409.38,4410.38,378.0
2026-09-10 04:51:00,FX:XAUUSD,4410.38,4411.05,4409.68,4410.46,400.0
2026-09-10 04:52:00,FX:XAUUSD,4410.46,4410.46,4408.94,4409.21,206.0
2026-09-10 04:53:00,FX:XAUUSD,4409.21,4409.21,4407.59,4408.05,277.0
2026-09-10 04:54:00,FX:XAUUSD,4408.05,4408.13,4407.02,4407.14,206.0
2026-09-10 04:55:00,FX:XAUUSD,4407.14,4407.57,4406.73,4407.4,262.0
2026-09-10 04:56:00,FX:XAUUSD,4407.4,4408.78,4407.25,4407.88,268.0
2026-09-10 04:57:00,FX:XAUUSD,4407.88,4408.19,4407.29,4408.06,205.0
2026-09-10 04:58:00,FX:XAUUSD,4408.06,4408.26,4407.81,4408.02,116.0
2026-09-10 04:59:00,FX:XAUUSD,4408.02,4408.56,4407.97,4408.38,246.0
2026-09-10 05:00:00,FX:XAUUSD,4408.38,4410.33,4408.11,4409.55,520.0
2026-09-10 05:01:00,FX:XAUUSD,4409.55,4411.18,4409.03,4411.17,318.0
2026-09-10 05:02:00,FX:XAUUSD,4411.17,4411.76,4410.77,4411.01,343.0
2026-09-10 05:03:00,FX:XAUUSD,4411.01,4411.39,4410.22,4410.82,283.0
2026-09-10 05:04:00,FX:XAUUSD,4410.82,4411.05,4409.04,4409.35,238.0
2026-09-10 05:05:00,FX:XAUUSD,4409.35,4409.58,4408.61,4408.94,358.0
2026-09-10 05:06:00,FX:XAUUSD,4408.94,4410.24,4408.94,4409.8,327.0
2026-09-10 05:07:00,FX:XAUUSD,4409.8,4413.71,4409.8,4413.22,402.0
2026-09-10 05:08:00,FX:XAUUSD,4413.22,4413.54,4412.54,4413.02,464.0
2026-09-10 05:09:00,FX:XAUUSD,4413.02,4414.85,4413.02,4414.55,302.0
2026-09-10 05:10:00,FX:XAUUSD,4414.55,4416.6,4414.55,4415.61,470.0
2026-09-10 05:11:00,FX:XAUUSD,4415.61,4416.55,4414.7,4416.53,356.0
2026-09-10 05:12:00,FX:XAUUSD,4416.53,4416.66,4415.42,4416.41,306.0
2026-09-10 05:13:00,FX:XAUUSD,4416.41,4418.61,4416.11,4418.1,475.0
2026-09-10 05:14:00,FX:XAUUSD,4418.1,4418.76,4416.95,4418.76,445.0
2026-09-10 05:15:00,FX:XAUUSD,4418.76,4419.04,4416.99,4417.08,516.0
2026-09-10 05:16:00,FX:XAUUSD,4417.08,4419.5,4416.92,4419.5,312.0
2026-09-10 05:17:00,FX:XAUUSD,4419.5,4420.06,4417.97,4418.04,417.0
2026-09-10 05:18:00,FX:XAUUSD,4418.04,4419.35,4417.69,4418.23,539.0
2026-09-10 05:19:00,FX:XAUUSD,4418.23,4418.81,4418.13,4418.41,278.0
2026-09-10 05:20:00,FX:XAUUSD,4418.41,4419.71,4418.19,4418.93,305.0
2026-09-10 05:21:00,FX:XAUUSD,4418.93,4419.24,4418.0,4418.49,257.0
2026-09-10 05:22:00,FX:XAUUSD,4418.49,4418.81,4418.1,4418.74,279.0
2026-09-10 05:23:00,FX:XAUUSD,4418.74,4419.17,4418.24,4418.36,224.0
2026-09-10 05:24:00,FX:XAUUSD,4418.36,4419.06,4418.35,4418.82,246.0
2026-09-10 05:25:00,FX:XAUUSD,4418.82,4419.28,4418.28,4418.34,242.0
2026-09-10 05:26:00,FX:XAUUSD,4418.34,4419.1,4418.22,4419.01,279.0
2026-09-10 05:27:00,FX:XAUUSD,4419.01,4419.01,4417.37,4417.37,182.0
2026-09-10 05:28:00,FX:XAUUSD,4417.37,4418.95,4417.05,4418.66,506.0
2026-09-10 05:29:00,FX:XAUUSD,4418.66,4420.69,4418.5,4420.68,390.0
2026-09-10 05:30:00,FX:XAUUSD,4420.68,4422.7,4418.23,4418.23,2014.0
2026-09-10 05:31:00,FX:XAUUSD,4418.23,4421.51,4417.4,4421.51,1220.0
2026-09-10 05:32:00,FX:XAUUSD,4421.51,4426.09,4421.51,4426.09,1399.0
2026-09-10 05:33:00,FX:XAUUSD,4426.09,4427.53,4424.33,4424.7,1177.0
2026-09-10 05:34:00,FX:XAUUSD,4424.7,4426.63,4424.36,4425.65,864.0
2026-09-10 05:35:00,FX:XAUUSD,4425.65,4427.35,4424.82,4425.66,843.0
2026-09-10 05:36:00,FX:XAUUSD,4425.66,4427.08,4425.11,4426.26,797.0
2026-09-10 05:37:00,FX:XAUUSD,4426.26,4427.55,4425.58,4426.2,708.0
2026-09-10 05:38:00,FX:XAUUSD,4426.2,4426.2,4423.96,4424.2,705.0
2026-09-10 05:39:00,FX:XAUUSD,4424.2,4424.71,4421.65,4423.12,750.0
2026-09-10 05:40:00,FX:XAUUSD,4423.12,4424.13,4422.59,4424.13,623.0
2026-09-10 05:41:00,FX:XAUUSD,4424.13,4424.13,4423.13,4423.82,575.0
2026-09-10 05:42:00,FX:XAUUSD,4423.82,4428.63,4423.71,4428.55,740.0
2026-09-10 05:43:00,FX:XAUUSD,4428.55,4429.47,4427.19,4427.76,689.0
2026-09-10 05:44:00,FX:XAUUSD,4427.76,4428.94,4427.54,4428.13,634.0
2026-09-10 05:45:00,FX:XAUUSD,4428.13,4429.47,4427.66,4427.86,888.0
2026-09-10 05:46:00,FX:XAUUSD,4427.86,4430.15,4427.7,4429.57,820.0
2026-09-10 05:47:00,FX:XAUUSD,4429.57,4429.57,4427.58,4427.66,758.0
2026-09-10 05:48:00,FX:XAUUSD,4427.66,4428.34,4426.49,4426.88,678.0
2026-09-10 05:49:00,FX:XAUUSD,4426.88,4427.25,4425.73,4425.77,574.0
2026-09-10 05:50:00,FX:XAUUSD,4425.77,4426.21,4423.76,4423.99,623.0
2026-09-10 05:51:00,FX:XAUUSD,4423.99,4427.53,4423.55,4426.58,982.0
2026-09-10 05:52:00,FX:XAUUSD,4426.58,4427.94,4426.15,4427.14,607.0
2026-09-10 05:53:00,FX:XAUUSD,4427.14,4428.0,4426.03,4427.08,582.0
2026-09-10 05:54:00,FX:XAUUSD,4427.08,4427.94,4426.39,4426.94,524.0
2026-09-10 05:55:00,FX:XAUUSD,4426.94,4427.1,4425.67,4426.18,614.0
2026-09-10 05:56:00,FX:XAUUSD,4426.18,4426.65,4425.57,4425.81,397.0
2026-09-10 05:57:00,FX:XAUUSD,4425.81,4427.36,4425.7,4425.95,419.0
2026-09-10 05:58:00,FX:XAUUSD,4425.95,4428.98,4425.87,4428.91,429.0
2026-09-10 05:59:00,FX:XAUUSD,4428.91,4431.12,4428.51,4430.96,609.0
2026-09-10 06:00:00,FX:XAUUSD,4430.96,4434.56,4428.59,4429.79,1145.0
2026-09-10 06:01:00,FX:XAUUSD,4429.79,4431.23,4429.01,4431.23,651.0
2026-09-10 06:02:00,FX:XAUUSD,4431.23,4431.28,4427.0,4427.0,628.0
2026-09-10 06:03:00,FX:XAUUSD,4427.0,4428.57,4427.0,4428.3,585.0
2026-09-10 06:04:00,FX:XAUUSD,4428.3,4428.37,4426.78,4426.78,525.0
2026-09-10 06:05:00,FX:XAUUSD,4426.78,4427.41,4425.72,4425.99,622.0
2026-09-10 06:06:00,FX:XAUUSD,4425.99,4426.43,4423.74,4423.88,567.0
2026-09-10 06:07:00,FX:XAUUSD,4423.88,4424.59,4423.34,4423.62,585.0
2026-09-10 06:08:00,FX:XAUUSD,4423.62,4424.87,4423.33,4424.3,424.0
2026-09-10 06:09:00,FX:XAUUSD,4424.3,4424.3,4422.46,4422.46,423.0
2026-09-10 06:10:00,FX:XAUUSD,4422.46,4423.07,4422.12,4422.15,476.0
2026-09-10 06:11:00,FX:XAUUSD,4422.15,4422.84,4421.94,4422.84,389.0
2026-09-10 06:12:00,FX:XAUUSD,4422.84,4422.84,4418.74,4418.87,534.0
2026-09-10 06:13:00,FX:XAUUSD,4418.87,4419.63,4417.43,4417.52,550.0
2026-09-10 06:14:00,FX:XAUUSD,4417.52,4417.96,4415.95,4416.28,448.0
2026-09-10 06:15:00,FX:XAUUSD,4416.28,4416.35,4414.08,4414.08,683.0
2026-09-10 06:16:00,FX:XAUUSD,4414.08,4415.23,4413.13,4413.61,662.0
2026-09-10 06:17:00,FX:XAUUSD,4413.61,4413.97,4413.02,4413.13,613.0
2026-09-10 06:18:00,FX:XAUUSD,4413.13,4416.1,4413.13,4415.74,761.0
2026-09-10 06:19:00,FX:XAUUSD,4415.74,4415.92,4414.22,4414.76,521.0
2026-09-10 06:20:00,FX:XAUUSD,4414.76,4414.76,4412.99,4413.24,747.0
2026-09-10 06:21:00,FX:XAUUSD,4413.24,4413.51,4411.61,4411.71,633.0
2026-09-10 06:22:00,FX:XAUUSD,4411.71,4414.68,4410.83,4413.63,878.0
2026-09-10 06:23:00,FX:XAUUSD,4413.63,4413.84,4411.36,4412.32,620.0
2026-09-10 06:24:00,FX:XAUUSD,4412.32,4416.09,4412.31,4415.99,610.0
2026-09-10 06:25:00,FX:XAUUSD,4415.99,4416.12,4414.71,4415.36,608.0
2026-09-10 06:26:00,FX:XAUUSD,4415.36,4415.37,4413.2,4414.48,754.0
2026-09-10 06:27:00,FX:XAUUSD,4414.48,4415.57,4413.92,4415.38,445.0
2026-09-10 06:28:00,FX:XAUUSD,4415.38,4416.98,4413.64,4416.96,690.0
2026-09-10 06:29:00,FX:XAUUSD,4416.96,4417.6,4416.59,4417.51,608.0
2026-09-10 06:30:00,FX:XAUUSD,4417.51,4418.99,4416.87,4417.83,828.0
2026-09-10 06:31:00,FX:XAUUSD,4417.83,4418.69,4416.39,4417.08,843.0
2026-09-10 06:32:00,FX:XAUUSD,4417.08,4417.12,4414.72,4415.38,620.0
2026-09-10 06:33:00,FX:XAUUSD,4415.38,4416.96,4415.38,4415.98,546.0
2026-09-10 06:34:00,FX:XAUUSD,4415.98,4416.34,4415.3,4415.34,385.0
2026-09-10 06:35:00,FX:XAUUSD,4415.34,4415.34,4413.87,4413.9,550.0
2026-09-10 06:36:00,FX:XAUUSD,4413.9,4414.33,4413.2,4413.86,602.0
2026-09-10 06:37:00,FX:XAUUSD,4413.86,4416.44,4413.69,4415.91,611.0
2026-09-10 06:38:00,FX:XAUUSD,4415.91,4416.76,4415.91,4416.72,340.0
2026-09-10 06:39:00,FX:XAUUSD,4416.72,4418.7,4416.65,4418.57,571.0
2026-09-10 06:40:00,FX:XAUUSD,4418.57,4421.36,4418.56,4420.93,602.0
2026-09-10 06:41:00,FX:XAUUSD,4420.93,4421.74,4420.47,4421.74,443.0
2026-09-10 06:42:00,FX:XAUUSD,4421.74,4424.64,4421.43,4424.23,584.0
2026-09-10 06:43:00,FX:XAUUSD,4424.23,4426.47,4424.23,4425.32,561.0
2026-09-10 06:44:00,FX:XAUUSD,4425.32,4426.9,4425.02,4426.78,505.0
2026-09-10 06:45:00,FX:XAUUSD,4426.78,4427.45,4425.56,4427.45,580.0
2026-09-10 06:46:00,FX:XAUUSD,4427.45,4428.74,4426.96,4427.61,557.0
2026-09-10 06:47:00,FX:XAUUSD,4427.61,4427.61,4424.15,4424.46,594.0
2026-09-10 06:48:00,FX:XAUUSD,4424.46,4424.7,4424.16,4424.55,378.0
2026-09-10 06:49:00,FX:XAUUSD,4424.55,4425.17,4424.25,4424.72,356.0
2026-09-10 06:50:00,FX:XAUUSD,4424.72,4427.64,4423.64,4427.64,966.0
2026-09-10 06:51:00,FX:XAUUSD,4427.64,4428.33,4426.44,4428.14,1241.0
2026-09-10 06:52:00,FX:XAUUSD,4428.14,4428.22,4425.71,4425.92,803.0
2026-09-10 06:53:00,FX:XAUUSD,4425.92,4426.33,4425.21,4426.33,419.0
2026-09-10 06:54:00,FX:XAUUSD,4426.33,4426.37,4424.49,4424.93,478.0
2026-09-10 06:55:00,FX:XAUUSD,4424.93,4425.06,4424.41,4424.66,378.0
2026-09-10 06:56:00,FX:XAUUSD,4424.66,4425.3,4424.41,4424.42,323.0
2026-09-10 06:57:00,FX:XAUUSD,4424.42,4425.47,4424.31,4424.33,445.0
2026-09-10 06:58:00,FX:XAUUSD,4424.33,4424.64,4423.66,4424.11,410.0
2026-09-10 06:59:00,FX:XAUUSD,4424.11,4425.3,4423.49,4425.16,381.0
2026-09-10 07:00:00,FX:XAUUSD,4425.16,4425.36,4422.76,4422.9,553.0
2026-09-10 07:01:00,FX:XAUUSD,4422.9,4422.98,4418.68,4418.98,783.0
2026-09-10 07:02:00,FX:XAUUSD,4418.98,4419.35,4416.32,4416.79,599.0
2026-09-10 07:03:00,FX:XAUUSD,4416.79,4417.34,4415.52,4416.75,666.0
2026-09-10 07:04:00,FX:XAUUSD,4416.75,4417.31,4414.76,4415.12,641.0
2026-09-10 07:05:00,FX:XAUUSD,4415.12,4416.44,4414.58,4416.37,557.0
2026-09-10 07:06:00,FX:XAUUSD,4416.37,4416.47,4414.06,4414.24,600.0
2026-09-10 07:07:00,FX:XAUUSD,4414.24,4415.26,4414.24,4414.76,419.0
2026-09-10 07:08:00,FX:XAUUSD,4414.76,4415.51,4414.27,4415.21,402.0
2026-09-10 07:09:00,FX:XAUUSD,4415.21,4415.55,4414.48,4414.95,493.0
2026-09-10 07:10:00,FX:XAUUSD,4414.95,4415.67,4413.79,4414.96,630.0
2026-09-10 07:11:00,FX:XAUUSD,4414.96,4415.82,4414.36,4415.42,505.0
2026-09-10 07:12:00,FX:XAUUSD,4415.42,4417.24,4415.27,4417.24,469.0
2026-09-10 07:13:00,FX:XAUUSD,4417.24,4417.31,4413.35,4413.35,377.0
2026-09-10 07:14:00,FX:XAUUSD,4413.35,4414.21,4413.0,4413.36,443.0
2026-09-10 07:15:00,FX:XAUUSD,4413.36,4415.01,4411.65,4414.31,664.0
2026-09-10 07:16:00,FX:XAUUSD,4414.31,4414.5,4412.63,4413.32,424.0
2026-09-10 07:17:00,FX:XAUUSD,4413.32,4413.8,4412.91,4413.06,353.0
2026-09-10 07:18:00,FX:XAUUSD,4413.06,4413.34,4412.54,4413.08,302.0
2026-09-10 07:19:00,FX:XAUUSD,4413.08,4413.31,4412.24,4412.49,236.0
2026-09-10 07:20:00,FX:XAUUSD,4412.49,4413.15,4412.15,4412.36,374.0
2026-09-10 07:21:00,FX:XAUUSD,4412.36,4412.5,4411.07,4411.25,394.0
2026-09-10 07:22:00,FX:XAUUSD,4411.25,4411.44,4410.44,4410.88,347.0
2026-09-10 07:23:00,FX:XAUUSD,4410.88,4412.9,4410.88,4411.51,439.0
2026-09-10 07:24:00,FX:XAUUSD,4411.51,4412.5,4410.38,4411.5,508.0
2026-09-10 07:25:00,FX:XAUUSD,4411.5,4411.77,4409.49,4409.68,483.0
2026-09-10 07:26:00,FX:XAUUSD,4409.68,4410.56,4409.21,4409.39,363.0
2026-09-10 07:27:00,FX:XAUUSD,4409.39,4410.76,4408.82,4409.22,344.0
2026-09-10 07:28:00,FX:XAUUSD,4409.22,4409.58,4408.45,4408.79,534.0
2026-09-10 07:29:00,FX:XAUUSD,4408.79,4409.2,4408.03,4408.42,620.0
2026-09-10 07:30:00,FX:XAUUSD,4408.42,4409.52,4406.92,4408.38,916.0
2026-09-10 07:31:00,FX:XAUUSD,4408.38,4409.23,4407.87,4409.15,516.0
2026-09-10 07:32:00,FX:XAUUSD,4409.15,4410.2,4407.97,4408.84,582.0
2026-09-10 07:33:00,FX:XAUUSD,4408.84,4410.74,4406.0,4406.48,829.0
2026-09-10 07:34:00,FX:XAUUSD,4406.48,4406.63,4404.08,4404.56,825.0
2026-09-10 07:35:00,FX:XAUUSD,4404.56,4407.21,4403.99,4406.4,671.0
2026-09-10 07:36:00,FX:XAUUSD,4406.4,4407.44,4405.94,4406.44,521.0
2026-09-10 07:37:00,FX:XAUUSD,4406.44,4407.14,4406.02,4406.03,484.0
2026-09-10 07:38:00,FX:XAUUSD,4406.03,4407.57,4405.38,4406.1,649.0
2026-09-10 07:39:00,FX:XAUUSD,4406.1,4406.93,4405.44,4406.07,529.0
2026-09-10 07:40:00,FX:XAUUSD,4406.07,4407.15,4405.28,4407.09,620.0
2026-09-10 07:41:00,FX:XAUUSD,4407.09,4407.18,4405.21,4406.43,554.0
2026-09-10 07:42:00,FX:XAUUSD,4406.43,4406.68,4405.28,4406.6,357.0
2026-09-10 07:43:00,FX:XAUUSD,4406.6,4408.74,4405.91,4408.63,326.0
2026-09-10 07:44:00,FX:XAUUSD,4408.63,4409.73,4408.54,4409.63,370.0
2026-09-10 07:45:00,FX:XAUUSD,4409.63,4409.63,4408.87,4408.97,401.0
2026-09-10 07:46:00,FX:XAUUSD,4408.97,4411.79,4408.96,4411.63,538.0
2026-09-10 07:47:00,FX:XAUUSD,4411.63,4412.68,4411.32,4412.18,488.0
2026-09-10 07:48:00,FX:XAUUSD,4412.18,4412.18,4410.9,4411.58,573.0
2026-09-10 07:49:00,FX:XAUUSD,4411.58,4412.4,4411.05,4411.38,528.0
2026-09-10 07:50:00,FX:XAUUSD,4411.38,4412.49,4411.14,4411.93,264.0
2026-09-10 07:51:00,FX:XAUUSD,4411.93,4414.82,4411.92,4414.71,402.0
2026-09-10 07:52:00,FX:XAUUSD,4414.71,4415.21,4414.14,4414.56,433.0
2026-09-10 07:53:00,FX:XAUUSD,4414.56,4414.95,4413.64,4413.98,455.0
2026-09-10 07:54:00,FX:XAUUSD,4413.98,4415.08,4413.62,4414.67,372.0
2026-09-10 07:55:00,FX:XAUUSD,4414.67,4414.75,4412.59,4413.21,486.0
2026-09-10 07:56:00,FX:XAUUSD,4413.21,4413.21,4411.93,4412.43,318.0
2026-09-10 07:57:00,FX:XAUUSD,4412.43,4413.04,4411.66,4411.68,290.0
2026-09-10 07:58:00,FX:XAUUSD,4411.68,4412.29,4411.13,4411.34,413.0
2026-09-10 07:59:00,FX:XAUUSD,4411.34,4412.24,4411.13,4411.72,306.0
2026-09-10 08:00:00,FX:XAUUSD,4411.72,4412.75,4411.16,4412.29,673.0
2026-09-10 08:01:00,FX:XAUUSD,4412.29,4412.58,4410.89,4410.89,438.0
2026-09-10 08:02:00,FX:XAUUSD,4410.89,4411.12,4409.74,4410.06,408.0
2026-09-10 08:03:00,FX:XAUUSD,4410.06,4410.34,4407.93,4408.32,511.0
2026-09-10 08:04:00,FX:XAUUSD,4408.32,4409.18,4407.36,4407.53,566.0
2026-09-10 08:05:00,FX:XAUUSD,4407.53,4407.94,4406.55,4407.66,539.0
2026-09-10 08:06:00,FX:XAUUSD,4407.66,4408.17,4407.1,4407.98,552.0
2026-09-10 08:07:00,FX:XAUUSD,4407.98,4408.54,4407.64,4408.09,508.0
2026-09-10 08:08:00,FX:XAUUSD,4408.09,4408.78,4407.35,4408.51,454.0
2026-09-10 08:09:00,FX:XAUUSD,4408.51,4408.93,4407.39,4408.93,445.0
2026-09-10 08:10:00,FX:XAUUSD,4408.93,4409.69,4408.37,4408.89,417.0
2026-09-10 08:11:00,FX:XAUUSD,4408.89,4409.32,4408.01,4409.12,394.0
2026-09-10 08:12:00,FX:XAUUSD,4409.12,4409.35,4407.07,4407.33,392.0
2026-09-10 08:13:00,FX:XAUUSD,4407.33,4407.89,4406.59,4406.71,403.0
2026-09-10 08:14:00,FX:XAUUSD,4406.71,4406.71,4404.62,4405.68,617.0
2026-09-10 08:15:00,FX:XAUUSD,4405.68,4406.4,4405.37,4405.62,418.0
2026-09-10 08:16:00,FX:XAUUSD,4405.62,4406.14,4405.45,4405.76,296.0
2026-09-10 08:17:00,FX:XAUUSD,4405.76,4406.88,4404.75,4406.88,444.0
2026-09-10 08:18:00,FX:XAUUSD,4406.88,4406.88,4405.39,4406.15,356.0
2026-09-10 08:19:00,FX:XAUUSD,4406.15,4406.61,4405.6,4406.24,349.0
2026-09-10 08:20:00,FX:XAUUSD,4406.24,4406.24,4405.59,4405.6,268.0
2026-09-10 08:21:00,FX:XAUUSD,4405.6,4406.95,4405.32,4405.79,407.0
2026-09-10 08:22:00,FX:XAUUSD,4405.79,4406.82,4405.39,4405.9,336.0
2026-09-10 08:23:00,FX:XAUUSD,4405.9,4407.6,4405.66,4406.81,397.0
2026-09-10 08:24:00,FX:XAUUSD,4406.81,4406.82,4405.34,4406.34,311.0
2026-09-10 08:25:00,FX:XAUUSD,4406.34,4406.36,4405.12,4405.41,421.0
2026-09-10 08:26:00,FX:XAUUSD,4405.41,4405.82,4405.04,4405.39,399.0
2026-09-10 08:27:00,FX:XAUUSD,4405.39,4405.8,4404.26,4405.0,518.0
2026-09-10 08:28:00,FX:XAUUSD,4405.0,4405.78,4404.26,4405.25,425.0
2026-09-10 08:29:00,FX:XAUUSD,4405.25,4406.29,4403.91,4405.58,751.0
2026-09-10 08:30:00,FX:XAUUSD,4405.58,4405.91,4404.26,4405.67,606.0
2026-09-10 08:31:00,FX:XAUUSD,4405.67,4405.67,4403.09,4403.09,530.0
2026-09-10 08:32:00,FX:XAUUSD,4403.09,4403.09,4401.43,4401.87,705.0
2026-09-10 08:33:00,FX:XAUUSD,4401.87,4402.02,4400.54,4400.97,627.0
2026-09-10 08:34:00,FX:XAUUSD,4400.97,4401.78,4399.84,4399.84,567.0
2026-09-10 08:35:00,FX:XAUUSD,4399.84,4400.93,4399.62,4400.71,519.0
2026-09-10 08:36:00,FX:XAUUSD,4400.71,4401.48,4400.32,4401.39,515.0
2026-09-10 08:37:00,FX:XAUUSD,4401.39,4401.39,4399.69,4399.7,496.0
2026-09-10 08:38:00,FX:XAUUSD,4399.7,4400.05,4398.61,4399.54,637.0
2026-09-10 08:39:00,FX:XAUUSD,4399.54,4400.85,4398.82,4399.66,500.0
2026-09-10 08:40:00,FX:XAUUSD,4399.66,4400.05,4399.1,4399.3,351.0
2026-09-10 08:41:00,FX:XAUUSD,4399.3,4400.37,4398.18,4398.68,657.0
2026-09-10 08:42:00,FX:XAUUSD,4398.68,4398.79,4395.34,4397.12,786.0
2026-09-10 08:43:00,FX:XAUUSD,4397.12,4397.36,4394.8,4395.68,677.0
2026-09-10 08:44:00,FX:XAUUSD,4395.68,4396.41,4395.39,4395.83,453.0
2026-09-10 08:45:00,FX:XAUUSD,4395.83,4396.47,4393.64,4393.73,735.0
2026-09-10 08:46:00,FX:XAUUSD,4393.73,4395.62,4393.73,4394.85,1129.0
2026-09-10 08:47:00,FX:XAUUSD,4394.85,4395.32,4393.41,4393.98,636.0
2026-09-10 08:48:00,FX:XAUUSD,4393.98,4394.07,4392.48,4393.52,576.0
2026-09-10 08:49:00,FX:XAUUSD,4393.52,4393.82,4392.39,4392.84,549.0
2026-09-10 08:50:00,FX:XAUUSD,4392.84,4395.43,4392.74,4395.43,568.0
2026-09-10 08:51:00,FX:XAUUSD,4395.43,4398.06,4395.41,4397.28,575.0
2026-09-10 08:52:00,FX:XAUUSD,4397.28,4398.37,4396.56,4396.77,484.0
2026-09-10 08:53:00,FX:XAUUSD,4396.77,4397.19,4395.62,4395.73,517.0
2026-09-10 08:54:00,FX:XAUUSD,4395.73,4397.12,4395.72,4396.66,460.0
2026-09-10 08:55:00,FX:XAUUSD,4396.66,4396.66,4394.96,4395.07,464.0
2026-09-10 08:56:00,FX:XAUUSD,4395.07,4395.21,4393.74,4394.64,520.0
2026-09-10 08:57:00,FX:XAUUSD,4394.64,4394.71,4394.16,4394.3,353.0
2026-09-10 08:58:00,FX:XAUUSD,4394.3,4395.6,4394.3,4395.32,480.0
2026-09-10 08:59:00,FX:XAUUSD,4395.32,4395.58,4394.22,4394.79,592.0
2026-09-10 09:00:00,FX:XAUUSD,4394.79,4396.03,4394.19,4394.91,738.0
2026-09-10 09:01:00,FX:XAUUSD,4394.91,4394.91,4393.31,4393.61,545.0
2026-09-10 09:02:00,FX:XAUUSD,4393.61,4395.0,4393.47,4395.0,638.0
2026-09-10 09:03:00,FX:XAUUSD,4395.0,4396.51,4393.53,4394.87,626.0
2026-09-10 09:04:00,FX:XAUUSD,4394.87,4395.98,4394.87,4395.57,392.0
2026-09-10 09:05:00,FX:XAUUSD,4395.57,4396.55,4392.47,4392.47,514.0
2026-09-10 09:06:00,FX:XAUUSD,4392.47,4393.99,4391.47,4393.92,538.0
2026-09-10 09:07:00,FX:XAUUSD,4393.92,4394.36,4393.32,4394.23,401.0
2026-09-10 09:08:00,FX:XAUUSD,4394.23,4394.54,4393.09,4393.18,404.0
2026-09-10 09:09:00,FX:XAUUSD,4393.18,4393.41,4389.95,4391.36,639.0
2026-09-10 09:10:00,FX:XAUUSD,4391.36,4392.77,4391.36,4392.71,350.0
2026-09-10 09:11:00,FX:XAUUSD,4392.71,4393.84,4392.09,4393.2,450.0
2026-09-10 09:12:00,FX:XAUUSD,4393.2,4394.95,4392.21,4394.59,380.0
2026-09-10 09:13:00,FX:XAUUSD,4394.59,4394.93,4393.87,4394.3,380.0
2026-09-10 09:14:00,FX:XAUUSD,4394.3,4395.05,4394.3,4394.84,426.0
2026-09-10 09:15:00,FX:XAUUSD,4394.84,4395.73,4393.47,4394.08,631.0
2026-09-10 09:16:00,FX:XAUUSD,4394.08,4396.7,4393.92,4395.66,701.0
2026-09-10 09:17:00,FX:XAUUSD,4395.66,4396.81,4395.06,4395.26,454.0
2026-09-10 09:18:00,FX:XAUUSD,4395.26,4396.14,4395.11,4396.0,395.0
2026-09-10 09:19:00,FX:XAUUSD,4396.0,4396.24,4394.99,4395.7,385.0
2026-09-10 09:20:00,FX:XAUUSD,4395.7,4396.0,4394.56,4395.55,443.0
2026-09-10 09:21:00,FX:XAUUSD,4395.55,4395.78,4393.81,4394.24,360.0
2026-09-10 09:22:00,FX:XAUUSD,4394.24,4394.64,4393.49,4393.91,403.0
2026-09-10 09:23:00,FX:XAUUSD,4393.91,4394.2,4393.45,4393.69,328.0
2026-09-10 09:24:00,FX:XAUUSD,4393.69,4393.94,4392.08,4392.65,386.0
2026-09-10 09:25:00,FX:XAUUSD,4392.65,4392.81,4391.67,4392.28,474.0
2026-09-10 09:26:00,FX:XAUUSD,4392.28,4394.07,4392.26,4394.07,378.0
2026-09-10 09:27:00,FX:XAUUSD,4394.07,4395.52,4393.76,4395.04,470.0
2026-09-10 09:28:00,FX:XAUUSD,4395.04,4395.05,4392.6,4393.2,393.0
2026-09-10 09:29:00,FX:XAUUSD,4393.2,4393.67,4392.64,4392.73,389.0
2026-09-10 09:30:00,FX:XAUUSD,4392.73,4392.84,4391.55,4392.09,607.0
2026-09-10 09:31:00,FX:XAUUSD,4392.09,4392.35,4390.44,4390.62,606.0
2026-09-10 09:32:00,FX:XAUUSD,4390.62,4392.25,4389.5,4389.94,566.0
2026-09-10 09:33:00,FX:XAUUSD,4389.94,4392.21,4389.69,4391.82,636.0
2026-09-10 09:34:00,FX:XAUUSD,4391.82,4392.57,4391.21,4391.94,495.0
2026-09-10 09:35:00,FX:XAUUSD,4391.94,4392.2,4391.05,4391.76,416.0
2026-09-10 09:36:00,FX:XAUUSD,4391.76,4392.44,4391.13,4392.21,480.0
2026-09-10 09:37:00,FX:XAUUSD,4392.21,4392.99,4390.76,4391.29,416.0
2026-09-10 09:38:00,FX:XAUUSD,4391.29,4392.16,4390.66,4391.71,456.0
2026-09-10 09:39:00,FX:XAUUSD,4391.71,4391.99,4390.72,4390.72,416.0
2026-09-10 09:40:00,FX:XAUUSD,4390.72,4391.0,4389.68,4390.8,574.0
2026-09-10 09:41:00,FX:XAUUSD,4390.8,4390.8,4389.48,4389.62,557.0
2026-09-10 09:42:00,FX:XAUUSD,4389.62,4389.95,4388.26,4388.75,497.0
2026-09-10 09:43:00,FX:XAUUSD,4388.75,4392.01,4388.45,4391.95,531.0
2026-09-10 09:44:00,FX:XAUUSD,4391.95,4393.06,4391.77,4392.8,464.0
2026-09-10 09:45:00,FX:XAUUSD,4392.8,4393.83,4392.54,4393.44,357.0
2026-09-10 09:46:00,FX:XAUUSD,4393.44,4394.78,4393.44,4394.64,466.0
2026-09-10 09:47:00,FX:XAUUSD,4394.64,4395.22,4393.71,4394.42,420.0
2026-09-10 09:48:00,FX:XAUUSD,4394.42,4395.67,4394.24,4394.96,405.0
2026-09-10 09:49:00,FX:XAUUSD,4394.96,4395.14,4393.86,4394.93,396.0
2026-09-10 09:50:00,FX:XAUUSD,4394.93,4394.93,4393.89,4393.99,348.0
2026-09-10 09:51:00,FX:XAUUSD,4393.99,4394.55,4393.86,4394.54,259.0
2026-09-10 09:52:00,FX:XAUUSD,4394.54,4394.72,4393.95,4394.53,315.0
2026-09-10 09:53:00,FX:XAUUSD,4394.53,4395.6,4394.41,4394.7,354.0
2026-09-10 09:54:00,FX:XAUUSD,4394.7,4395.73,4394.65,4394.8,358.0
2026-09-10 09:55:00,FX:XAUUSD,4394.8,4394.92,4393.87,4394.52,396.0
2026-09-10 09:56:00,FX:XAUUSD,4394.52,4394.65,4394.01,4394.38,366.0
2026-09-10 09:57:00,FX:XAUUSD,4394.38,4395.09,4394.07,4394.14,395.0
2026-09-10 09:58:00,FX:XAUUSD,4394.14,4394.39,4393.2,4393.61,331.0
2026-09-10 09:59:00,FX:XAUUSD,4393.61,4394.15,4393.25,4393.96,286.0
2026-09-10 10:00:00,FX:XAUUSD,4393.96,4393.98,4391.67,4393.25,2121.0
2026-09-10 10:01:00,FX:XAUUSD,4393.25,4395.45,4392.53,4395.1,758.0
2026-09-10 10:02:00,FX:XAUUSD,4395.1,4396.49,4394.66,4396.47,472.0
2026-09-10 10:03:00,FX:XAUUSD,4396.47,4398.06,4396.45,4397.49,519.0
2026-09-10 10:04:00,FX:XAUUSD,4397.49,4399.3,4397.49,4398.16,528.0
2026-09-10 10:05:00,FX:XAUUSD,4398.16,4399.71,4398.08,4399.58,441.0
2026-09-10 10:06:00,FX:XAUUSD,4399.58,4399.96,4399.52,4399.54,341.0
2026-09-10 10:07:00,FX:XAUUSD,4399.54,4399.84,4396.85,4397.02,569.0
2026-09-10 10:08:00,FX:XAUUSD,4397.02,4397.17,4395.34,4395.71,1148.0
2026-09-10 10:09:00,FX:XAUUSD,4395.71,4395.77,4391.86,4392.85,1117.0
2026-09-10 10:10:00,FX:XAUUSD,4392.85,4393.43,4391.39,4391.72,744.0
2026-09-10 10:11:00,FX:XAUUSD,4391.72,4393.18,4389.88,4393.16,915.0
2026-09-10 10:12:00,FX:XAUUSD,4393.16,4394.17,4392.57,4394.17,611.0
2026-09-10 10:13:00,FX:XAUUSD,4394.17,4396.58,4394.14,4396.01,759.0
2026-09-10 10:14:00,FX:XAUUSD,4396.01,4397.26,4395.07,4395.07,653.0
2026-09-10 10:15:00,FX:XAUUSD,4395.07,4398.16,4394.31,4398.16,692.0
2026-09-10 10:16:00,FX:XAUUSD,4398.16,4400.19,4397.86,4400.09,670.0
2026-09-10 10:17:00,FX:XAUUSD,4400.09,4400.09,4398.37,4398.6,542.0
2026-09-10 10:18:00,FX:XAUUSD,4398.6,4398.9,4396.75,4397.16,456.0
2026-09-10 10:19:00,FX:XAUUSD,4397.16,4398.95,4397.12,4398.62,454.0
2026-09-10 10:20:00,FX:XAUUSD,4398.62,4398.94,4397.49,4397.92,379.0
2026-09-10 10:21:00,FX:XAUUSD,4397.92,4398.45,4397.03,4398.25,350.0
2026-09-10 10:22:00,FX:XAUUSD,4398.25,4399.23,4398.25,4398.66,423.0
2026-09-10 10:23:00,FX:XAUUSD,4398.66,4399.01,4396.07,4396.61,463.0
2026-09-10 10:24:00,FX:XAUUSD,4396.61,4397.26,4395.81,4395.86,479.0
2026-09-10 10:25:00,FX:XAUUSD,4395.86,4397.17,4395.62,4397.09,574.0
2026-09-10 10:26:00,FX:XAUUSD,4397.09,4397.24,4395.98,4396.09,553.0
2026-09-10 10:27:00,FX:XAUUSD,4396.09,4396.46,4394.44,4394.7,640.0
2026-09-10 10:28:00,FX:XAUUSD,4394.7,4395.67,4394.63,4395.03,466.0
2026-09-10 10:29:00,FX:XAUUSD,4395.03,4395.08,4393.64,4394.02,525.0
2026-09-10 10:30:00,FX:XAUUSD,4394.02,4394.63,4392.26,4392.7,668.0
2026-09-10 10:31:00,FX:XAUUSD,4392.7,4393.1,4390.12,4390.12,584.0
2026-09-10 10:32:00,FX:XAUUSD,4390.12,4390.14,4387.18,4388.35,1239.0
2026-09-10 10:33:00,FX:XAUUSD,4388.35,4388.87,4385.86,4386.04,884.0
2026-09-10 10:34:00,FX:XAUUSD,4386.04,4386.04,4383.54,4384.8,1076.0
2026-09-10 10:35:00,FX:XAUUSD,4384.8,4384.8,4381.23,4381.94,999.0
2026-09-10 10:36:00,FX:XAUUSD,4381.94,4382.6,4379.23,4379.64,1235.0
2026-09-10 10:37:00,FX:XAUUSD,4379.64,4384.06,4377.96,4384.06,1158.0
2026-09-10 10:38:00,FX:XAUUSD,4384.06,4384.06,4382.61,4383.23,701.0
2026-09-10 10:39:00,FX:XAUUSD,4383.23,4385.58,4383.05,4385.45,705.0
2026-09-10 10:40:00,FX:XAUUSD,4385.45,4385.64,4383.28,4384.75,587.0
2026-09-10 10:41:00,FX:XAUUSD,4384.75,4385.5,4383.44,4383.67,689.0
2026-09-10 10:42:00,FX:XAUUSD,4383.67,4386.51,4383.55,4386.23,569.0
2026-09-10 10:43:00,FX:XAUUSD,4386.23,4386.38,4384.52,4384.54,484.0
2026-09-10 10:44:00,FX:XAUUSD,4384.54,4384.99,4383.02,4383.71,646.0
2026-09-10 10:45:00,FX:XAUUSD,4383.71,4384.27,4382.27,4383.92,705.0
2026-09-10 10:46:00,FX:XAUUSD,4383.92,4385.77,4383.92,4385.07,669.0
2026-09-10 10:47:00,FX:XAUUSD,4385.07,4385.08,4382.61,4383.01,598.0
2026-09-10 10:48:00,FX:XAUUSD,4383.01,4383.43,4380.21,4381.37,870.0
2026-09-10 10:49:00,FX:XAUUSD,4381.37,4383.37,4381.36,4382.94,643.0
2026-09-10 10:50:00,FX:XAUUSD,4382.94,4383.39,4381.76,4382.56,574.0
2026-09-10 10:51:00,FX:XAUUSD,4382.56,4383.57,4379.31,4379.44,634.0
2026-09-10 10:52:00,FX:XAUUSD,4379.44,4379.44,4375.2,4377.47,1071.0
2026-09-10 10:53:00,FX:XAUUSD,4377.47,4378.71,4377.47,4378.18,551.0
2026-09-10 10:54:00,FX:XAUUSD,4378.18,4378.34,4376.69,4377.16,718.0
2026-09-10 10:55:00,FX:XAUUSD,4377.16,4379.65,4376.92,4379.28,660.0
2026-09-10 10:56:00,FX:XAUUSD,4379.28,4387.49,4378.92,4385.68,2407.0
2026-09-10 10:57:00,FX:XAUUSD,4385.68,4386.96,4382.38,4382.86,1889.0
2026-09-10 10:58:00,FX:XAUUSD,4382.86,4382.87,4379.46,4379.7,1184.0
2026-09-10 10:59:00,FX:XAUUSD,4379.7,4379.73,4377.57,4378.86,1224.0
2026-09-10 11:00:00,FX:XAUUSD,4378.86,4380.19,4378.02,4379.79,1558.0
2026-09-10 11:01:00,FX:XAUUSD,4379.79,4382.57,4379.51,4380.94,1216.0
2026-09-10 11:02:00,FX:XAUUSD,4380.94,4382.03,4379.21,4381.89,1010.0
2026-09-10 11:03:00,FX:XAUUSD,4381.89,4383.6,4381.83,4382.17,761.0
2026-09-10 11:04:00,FX:XAUUSD,4382.17,4384.41,4382.1,4383.74,827.0
2026-09-10 11:05:00,FX:XAUUSD,4383.74,4384.28,4382.12,4382.9,857.0
2026-09-10 11:06:00,FX:XAUUSD,4382.9,4383.05,4379.14,4379.14,971.0
2026-09-10 11:07:00,FX:XAUUSD,4379.14,4381.82,4379.06,4381.71,733.0
2026-09-10 11:08:00,FX:XAUUSD,4381.71,4382.59,4381.45,4382.46,661.0
2026-09-10 11:09:00,FX:XAUUSD,4382.46,4382.93,4378.7,4379.43,1000.0
2026-09-10 11:10:00,FX:XAUUSD,4379.43,4381.43,4378.87,4380.43,776.0
2026-09-10 11:11:00,FX:XAUUSD,4380.43,4380.53,4377.2,4377.54,930.0
2026-09-10 11:12:00,FX:XAUUSD,4377.54,4377.93,4375.22,4377.61,1096.0
2026-09-10 11:13:00,FX:XAUUSD,4377.61,4381.94,4377.29,4380.12,949.0
2026-09-10 11:14:00,FX:XAUUSD,4380.12,4383.66,4380.12,4383.43,701.0
2026-09-10 11:15:00,FX:XAUUSD,4383.43,4384.34,4382.05,4383.56,916.0
2026-09-10 11:16:00,FX:XAUUSD,4383.56,4384.08,4382.13,4382.89,819.0
2026-09-10 11:17:00,FX:XAUUSD,4382.89,4385.6,4382.29,4382.32,865.0
2026-09-10 11:18:00,FX:XAUUSD,4382.32,4384.22,4382.17,4382.65,934.0
2026-09-10 11:19:00,FX:XAUUSD,4382.65,4383.25,4381.0,4382.81,696.0
2026-09-10 11:20:00,FX:XAUUSD,4382.81,4383.53,4382.1,4382.77,794.0
2026-09-10 11:21:00,FX:XAUUSD,4382.77,4382.84,4379.9,4379.91,669.0
2026-09-10 11:22:00,FX:XAUUSD,4379.91,4381.4,4379.91,4381.34,782.0
2026-09-10 11:23:00,FX:XAUUSD,4381.34,4382.54,4381.25,4382.25,767.0
2026-09-10 11:24:00,FX:XAUUSD,4382.25,4382.75,4381.31,4382.69,716.0
2026-09-10 11:25:00,FX:XAUUSD,4382.69,4386.09,4382.53,4385.91,761.0
2026-09-10 11:26:00,FX:XAUUSD,4385.91,4387.8,4385.34,4387.8,631.0
2026-09-10 11:27:00,FX:XAUUSD,4387.8,4388.65,4386.89,4387.2,715.0
2026-09-10 11:28:00,FX:XAUUSD,4387.2,4387.75,4385.76,4386.11,524.0
2026-09-10 11:29:00,FX:XAUUSD,4386.11,4386.2,4385.5,4385.85,547.0
2026-09-10 11:30:00,FX:XAUUSD,4385.85,4386.23,4384.97,4386.09,574.0
2026-09-10 11:31:00,FX:XAUUSD,4386.09,4387.72,4386.09,4386.71,636.0
2026-09-10 11:32:00,FX:XAUUSD,4386.71,4387.4,4385.78,4386.98,575.0
2026-09-10 11:33:00,FX:XAUUSD,4386.98,4388.41,4384.45,4388.41,736.0
2026-09-10 11:34:00,FX:XAUUSD,4388.41,4388.54,4386.35,4386.68,647.0
2026-09-10 11:35:00,FX:XAUUSD,4386.68,4388.56,4386.36,4388.43,532.0
2026-09-10 11:36:00,FX:XAUUSD,4388.43,4388.43,4387.02,4387.79,478.0
2026-09-10 11:37:00,FX:XAUUSD,4387.79,4388.34,4387.18,4387.92,495.0
2026-09-10 11:38:00,FX:XAUUSD,4387.92,4388.28,4386.26,4388.28,464.0
2026-09-10 11:39:00,FX:XAUUSD,4388.28,4389.49,4388.17,4389.41,456.0
2026-09-10 11:40:00,FX:XAUUSD,4389.41,4389.87,4389.07,4389.48,506.0
2026-09-10 11:41:00,FX:XAUUSD,4389.48,4390.77,4389.36,4389.61,506.0
2026-09-10 11:42:00,FX:XAUUSD,4389.61,4389.72,4387.78,4388.03,542.0
2026-09-10 11:43:00,FX:XAUUSD,4388.03,4388.32,4384.76,4384.76,764.0
2026-09-10 11:44:00,FX:XAUUSD,4384.76,4385.33,4384.38,4384.49,678.0
2026-09-10 11:45:00,FX:XAUUSD,4384.49,4384.89,4382.99,4384.17,695.0
2026-09-10 11:46:00,FX:XAUUSD,4384.17,4385.27,4383.15,4383.48,520.0
2026-09-10 11:47:00,FX:XAUUSD,4383.48,4383.56,4380.99,4381.31,604.0
2026-09-10 11:48:00,FX:XAUUSD,4381.31,4381.69,4380.27,4381.69,581.0
2026-09-10 11:49:00,FX:XAUUSD,4381.69,4382.09,4381.16,4381.53,486.0
2026-09-10 11:50:00,FX:XAUUSD,4381.53,4382.65,4378.78,4379.84,890.0
2026-09-10 11:51:00,FX:XAUUSD,4379.84,4380.4,4376.4,4376.58,795.0
2026-09-10 11:52:00,FX:XAUUSD,4376.58,4377.28,4375.77,4376.44,628.0
2026-09-10 11:53:00,FX:XAUUSD,4376.44,4377.91,4375.86,4377.57,661.0
2026-09-10 11:54:00,FX:XAUUSD,4377.57,4380.73,4376.62,4380.44,715.0
2026-09-10 11:55:00,FX:XAUUSD,4380.44,4380.44,4376.61,4377.14,1107.0
2026-09-10 11:56:00,FX:XAUUSD,4377.14,4378.87,4374.28,4375.49,1299.0
2026-09-10 11:57:00,FX:XAUUSD,4375.49,4376.78,4374.51,4376.47,1317.0
2026-09-10 11:58:00,FX:XAUUSD,4376.47,4377.68,4375.31,4375.71,948.0
2026-09-10 11:59:00,FX:XAUUSD,4375.71,4376.77,4374.46,4374.46,935.0
2026-09-10 12:00:00,FX:XAUUSD,4374.46,4376.59,4371.71,4373.1,2025.0
2026-09-10 12:01:00,FX:XAUUSD,4373.1,4375.74,4372.46,4374.94,1279.0
2026-09-10 12:02:00,FX:XAUUSD,4374.94,4376.89,4373.12,4373.9,1026.0
2026-09-10 12:03:00,FX:XAUUSD,4373.9,4373.9,4371.18,4371.74,1316.0
2026-09-10 12:04:00,FX:XAUUSD,4371.74,4372.85,4370.63,4372.58,1213.0
2026-09-10 12:05:00,FX:XAUUSD,4372.58,4372.69,4369.9,4372.37,1107.0
2026-09-10 12:06:00,FX:XAUUSD,4372.37,4373.14,4370.19,4371.4,1277.0
2026-09-10 12:07:00,FX:XAUUSD,4371.4,4374.7,4370.92,4374.05,1250.0
2026-09-10 12:08:00,FX:XAUUSD,4374.05,4376.47,4372.34,4373.88,1368.0
2026-09-10 12:09:00,FX:XAUUSD,4373.88,4376.39,4372.08,4372.08,986.0
2026-09-10 12:10:00,FX:XAUUSD,4372.08,4373.98,4371.82,4373.98,1002.0
2026-09-10 12:11:00,FX:XAUUSD,4373.98,4374.92,4373.67,4374.83,659.0
2026-09-10 12:12:00,FX:XAUUSD,4374.83,4377.75,4374.02,4374.1,622.0
2026-09-10 12:13:00,FX:XAUUSD,4374.1,4374.75,4372.49,4373.77,607.0
2026-09-10 12:14:00,FX:XAUUSD,4373.77,4375.92,4373.37,4375.29,566.0
2026-09-10 12:15:00,FX:XAUUSD,4375.29,4377.04,4371.38,4372.9,1038.0
2026-09-10 12:16:00,FX:XAUUSD,4372.9,4374.04,4368.11,4368.11,1297.0
2026-09-10 12:17:00,FX:XAUUSD,4368.11,4370.94,4366.79,4369.94,1497.0
2026-09-10 12:18:00,FX:XAUUSD,4369.94,4374.22,4369.61,4373.51,1175.0
2026-09-10 12:19:00,FX:XAUUSD,4373.51,4373.69,4371.7,4371.7,878.0
2026-09-10 12:20:00,FX:XAUUSD,4371.7,4373.83,4368.78,4373.09,1747.0
2026-09-10 12:21:00,FX:XAUUSD,4373.09,4373.09,4368.4,4368.71,1305.0
2026-09-10 12:22:00,FX:XAUUSD,4368.71,4369.77,4367.86,4369.68,1114.0
2026-09-10 12:23:00,FX:XAUUSD,4369.68,4369.68,4367.16,4367.59,1216.0
2026-09-10 12:24:00,FX:XAUUSD,4367.59,4367.77,4365.94,4367.52,1383.0
2026-09-10 12:25:00,FX:XAUUSD,4367.52,4368.03,4363.9,4364.57,1388.0
2026-09-10 12:26:00,FX:XAUUSD,4364.57,4364.57,4362.4,4362.85,1076.0
2026-09-10 12:27:00,FX:XAUUSD,4362.85,4364.5,4361.88,4362.42,598.0
2026-09-10 12:28:00,FX:XAUUSD,4362.42,4363.31,4361.92,4363.3,601.0
2026-09-10 12:29:00,FX:XAUUSD,4363.3,4363.3,4361.74,4363.19,595.0
2026-09-10 12:30:00,FX:XAUUSD,4363.19,4371.87,4358.69,4359.96,3414.0
2026-09-10 12:31:00,FX:XAUUSD,4359.96,4359.96,4352.28,4352.5,2578.0
2026-09-10 12:32:00,FX:XAUUSD,4352.5,4354.79,4349.1,4351.1,2488.0
2026-09-10 12:33:00,FX:XAUUSD,4351.1,4352.65,4348.32,4348.32,2225.0
2026-09-10 12:34:00,FX:XAUUSD,4348.32,4348.32,4339.89,4342.19,2492.0
2026-09-10 12:35:00,FX:XAUUSD,4342.19,4343.03,4338.55,4340.86,2950.0
2026-09-10 12:36:00,FX:XAUUSD,4340.86,4342.95,4335.36,4337.1,2817.0
2026-09-10 12:37:00,FX:XAUUSD,4337.1,4337.65,4331.61,4331.61,2320.0
2026-09-10 12:38:00,FX:XAUUSD,4331.61,4331.62,4327.46,4328.39,3129.0
2026-09-10 12:39:00,FX:XAUUSD,4328.39,4328.67,4324.02,4326.88,2196.0
2026-09-10 12:40:00,FX:XAUUSD,4326.88,4329.45,4324.13,4329.14,2822.0
2026-09-10 12:41:00,FX:XAUUSD,4329.14,4333.33,4327.9,4328.45,2755.0
2026-09-10 12:42:00,FX:XAUUSD,4328.45,4335.01,4324.64,4332.88,2760.0
2026-09-10 12:43:00,FX:XAUUSD,4332.88,4334.17,4330.92,4332.09,2217.0
2026-09-10 12:44:00,FX:XAUUSD,4332.09,4343.01,4330.55,4340.77,2192.0
2026-09-10 12:45:00,FX:XAUUSD,4340.77,4343.69,4339.49,4341.3,2016.0
2026-09-10 12:46:00,FX:XAUUSD,4341.3,4342.69,4338.72,4342.1,2071.0
2026-09-10 12:47:00,FX:XAUUSD,4342.1,4345.88,4340.71,4340.9,2399.0
2026-09-10 12:48:00,FX:XAUUSD,4340.9,4346.86,4338.45,4345.6,2237.0
2026-09-10 12:49:00,FX:XAUUSD,4345.6,4349.36,4345.3,4349.26,1783.0
2026-09-10 12:50:00,FX:XAUUSD,4349.26,4354.85,4349.23,4354.36,1894.0
2026-09-10 12:51:00,FX:XAUUSD,4354.36,4354.56,4349.62,4350.91,2176.0
2026-09-10 12:52:00,FX:XAUUSD,4350.91,4351.06,4345.63,4346.96,2370.0
2026-09-10 12:53:00,FX:XAUUSD,4346.96,4347.03,4344.18,4344.51,1945.0
2026-09-10 12:54:00,FX:XAUUSD,4344.51,4346.32,4342.46,4343.25,2060.0
2026-09-10 12:55:00,FX:XAUUSD,4343.25,4343.25,4337.67,4338.56,2147.0
2026-09-10 12:56:00,FX:XAUUSD,4338.56,4340.86,4336.45,4338.31,1903.0
2026-09-10 12:57:00,FX:XAUUSD,4338.31,4342.19,4337.69,4341.45,2087.0
2026-09-10 12:58:00,FX:XAUUSD,4341.45,4343.94,4340.81,4342.07,1759.0
2026-09-10 12:59:00,FX:XAUUSD,4342.07,4342.19,4337.76,4339.92,2420.0
2026-09-10 13:00:00,FX:XAUUSD,4339.92,4347.24,4339.48,4343.16,4679.0
2026-09-10 13:01:00,FX:XAUUSD,4343.16,4352.07,4342.89,4348.57,3076.0
2026-09-10 13:02:00,FX:XAUUSD,4348.57,4355.29,4347.97,4353.92,2351.0
2026-09-10 13:03:00,FX:XAUUSD,4353.92,4354.03,4348.3,4350.73,2558.0
2026-09-10 13:04:00,FX:XAUUSD,4350.73,4354.41,4350.65,4350.97,2165.0
2026-09-10 13:05:00,FX:XAUUSD,4350.97,4352.9,4348.26,4348.61,2629.0
2026-09-10 13:06:00,FX:XAUUSD,4348.61,4349.62,4346.59,4347.71,2199.0
2026-09-10 13:07:00,FX:XAUUSD,4347.71,4352.23,4346.79,4347.36,2360.0
2026-09-10 13:08:00,FX:XAUUSD,4347.36,4350.27,4346.61,4348.7,2304.0
2026-09-10 13:09:00,FX:XAUUSD,4348.7,4353.08,4347.26,4347.26,2248.0
2026-09-10 13:10:00,FX:XAUUSD,4347.26,4351.15,4346.81,4348.72,2338.0
2026-09-10 13:11:00,FX:XAUUSD,4348.72,4349.1,4346.26,4346.42,1845.0
2026-09-10 13:12:00,FX:XAUUSD,4346.42,4349.09,4344.42,4345.54,1975.0
2026-09-10 13:13:00,FX:XAUUSD,4345.54,4347.2,4344.74,4346.46,2295.0
2026-09-10 13:14:00,FX:XAUUSD,4346.46,4348.38,4343.87,4343.87,1994.0
2026-09-10 13:15:00,FX:XAUUSD,4343.87,4346.55,4341.68,4345.02,1853.0
2026-09-10 13:16:00,FX:XAUUSD,4345.02,4345.78,4341.46,4344.12,2050.0
2026-09-10 13:17:00,FX:XAUUSD,4344.12,4345.42,4343.45,4344.74,1398.0
2026-09-10 13:18:00,FX:XAUUSD,4344.74,4347.66,4344.66,4347.52,1931.0
2026-09-10 13:19:00,FX:XAUUSD,4347.52,4349.09,4344.5,4349.09,1718.0
2026-09-10 13:20:00,FX:XAUUSD,4349.09,4352.6,4349.09,4352.55,1539.0
2026-09-10 13:21:00,FX:XAUUSD,4352.55,4355.92,4351.53,4353.36,2081.0
2026-09-10 13:22:00,FX:XAUUSD,4353.36,4355.49,4351.91,4352.72,1543.0
2026-09-10 13:23:00,FX:XAUUSD,4352.72,4355.39,4352.72,4354.17,1422.0
2026-09-10 13:24:00,FX:XAUUSD,4354.17,4354.19,4349.28,4350.14,1525.0
2026-09-10 13:25:00,FX:XAUUSD,4350.14,4350.27,4347.96,4349.15,1565.0
2026-09-10 13:26:00,FX:XAUUSD,4349.15,4349.45,4344.87,4349.22,1498.0
2026-09-10 13:27:00,FX:XAUUSD,4349.22,4354.25,4348.56,4354.04,1451.0
2026-09-10 13:28:00,FX:XAUUSD,4354.04,4356.53,4351.31,4356.53,1689.0
2026-09-10 13:29:00,FX:XAUUSD,4356.53,4357.52,4355.92,4357.37,1319.0
2026-09-10 13:30:00,FX:XAUUSD,4357.37,4358.81,4353.78,4356.03,3362.0
2026-09-10 13:31:00,FX:XAUUSD,4356.03,4358.76,4352.29,4356.91,2958.0
2026-09-10 13:32:00,FX:XAUUSD,4356.91,4362.79,4356.27,4360.72,2733.0
2026-09-10 13:33:00,FX:XAUUSD,4360.72,4367.76,4359.86,4367.26,2683.0
2026-09-10 13:34:00,FX:XAUUSD,4367.26,4368.06,4363.48,4363.56,1997.0
2026-09-10 13:35:00,FX:XAUUSD,4363.56,4365.97,4359.63,4359.98,2815.0
2026-09-10 13:36:00,FX:XAUUSD,4359.98,4363.99,4359.46,4359.87,2917.0
2026-09-10 13:37:00,FX:XAUUSD,4359.87,4367.81,4359.85,4367.34,2585.0
2026-09-10 13:38:00,FX:XAUUSD,4367.34,4371.55,4367.33,4370.86,2792.0
2026-09-10 13:39:00,FX:XAUUSD,4370.86,4370.97,4367.44,4369.63,2822.0
2026-09-10 13:40:00,FX:XAUUSD,4369.63,4373.28,4367.43,4371.45,3540.0
2026-09-10 13:41:00,FX:XAUUSD,4371.45,4373.17,4366.81,4369.6,2756.0
2026-09-10 13:42:00,FX:XAUUSD,4369.6,4371.99,4367.03,4368.89,2741.0
2026-09-10 13:43:00,FX:XAUUSD,4368.89,4369.93,4365.62,4366.37,2264.0
2026-09-10 13:44:00,FX:XAUUSD,4366.37,4367.56,4363.38,4364.34,2102.0
2026-09-10 13:45:00,FX:XAUUSD,4364.34,4366.33,4363.48,4366.33,2324.0
2026-09-10 13:46:00,FX:XAUUSD,4366.33,4368.3,4364.91,4368.01,3008.0
2026-09-10 13:47:00,FX:XAUUSD,4368.01,4372.57,4366.9,4371.8,2796.0
2026-09-10 13:48:00,FX:XAUUSD,4371.8,4374.59,4370.16,4374.45,2023.0
2026-09-10 13:49:00,FX:XAUUSD,4374.45,4375.85,4371.53,4371.53,1797.0
2026-09-10 13:50:00,FX:XAUUSD,4371.53,4372.78,4365.91,4367.39,2234.0
2026-09-10 13:51:00,FX:XAUUSD,4367.39,4367.39,4363.49,4363.98,2222.0
2026-09-10 13:52:00,FX:XAUUSD,4363.98,4373.57,4362.5,4372.91,2357.0
2026-09-10 13:53:00,FX:XAUUSD,4372.91,4374.6,4371.38,4371.69,1934.0
2026-09-10 13:54:00,FX:XAUUSD,4371.69,4372.69,4366.97,4367.02,1834.0
2026-09-10 13:55:00,FX:XAUUSD,4367.02,4367.94,4365.21,4366.33,1585.0
2026-09-10 13:56:00,FX:XAUUSD,4366.33,4370.3,4366.13,4369.36,1685.0
2026-09-10 13:57:00,FX:XAUUSD,4369.36,4369.46,4366.76,4367.25,1581.0
2026-09-10 13:58:00,FX:XAUUSD,4367.25,4368.74,4365.93,4366.41,1153.0
2026-09-10 13:59:00,FX:XAUUSD,4366.41,4367.96,4364.34,4365.79,1024.0
2026-09-10 14:00:00,FX:XAUUSD,4365.79,4371.69,4365.66,4367.95,2396.0
2026-09-10 14:01:00,FX:XAUUSD,4367.95,4373.8,4367.34,4373.25,1848.0
2026-09-10 14:02:00,FX:XAUUSD,4373.25,4375.02,4371.65,4372.41,1827.0
2026-09-10 14:03:00,FX:XAUUSD,4372.41,4373.1,4369.65,4371.56,1693.0
2026-09-10 14:04:00,FX:XAUUSD,4371.56,4371.71,4368.13,4369.92,1735.0
2026-09-10 14:05:00,FX:XAUUSD,4369.92,4371.29,4366.97,4367.13,2466.0
2026-09-10 14:06:00,FX:XAUUSD,4367.13,4368.6,4363.99,4364.7,2088.0
2026-09-10 14:07:00,FX:XAUUSD,4364.7,4366.42,4361.97,4361.97,2162.0
2026-09-10 14:08:00,FX:XAUUSD,4361.97,4364.12,4361.28,4361.9,2240.0
2026-09-10 14:09:00,FX:XAUUSD,4361.9,4365.4,4361.84,4364.27,2218.0
2026-09-10 14:10:00,FX:XAUUSD,4364.27,4365.44,4362.17,4362.85,2394.0
2026-09-10 14:11:00,FX:XAUUSD,4362.85,4367.13,4362.15,4365.72,2169.0
2026-09-10 14:12:00,FX:XAUUSD,4365.72,4366.07,4359.74,4360.09,2506.0
2026-09-10 14:13:00,FX:XAUUSD,4360.09,4362.78,4360.02,4360.67,2655.0
2026-09-10 14:14:00,FX:XAUUSD,4360.67,4361.56,4359.23,4359.36,1945.0
2026-09-10 14:15:00,FX:XAUUSD,4359.36,4361.81,4358.99,4361.29,1897.0
2026-09-10 14:16:00,FX:XAUUSD,4361.29,4361.3,4357.97,4359.61,1816.0
2026-09-10 14:17:00,FX:XAUUSD,4359.61,4360.11,4354.96,4355.29,1899.0
2026-09-10 14:18:00,FX:XAUUSD,4355.29,4360.07,4353.91,4359.54,1728.0
2026-09-10 14:19:00,FX:XAUUSD,4359.54,4363.05,4359.19,4361.41,1826.0
2026-09-10 14:20:00,FX:XAUUSD,4361.41,4366.45,4361.41,4363.6,2210.0
2026-09-10 14:21:00,FX:XAUUSD,4363.6,4364.67,4362.02,4364.56,2188.0
2026-09-10 14:22:00,FX:XAUUSD,4364.56,4366.64,4363.52,4366.6,2508.0
2026-09-10 14:23:00,FX:XAUUSD,4366.6,4367.43,4361.4,4361.82,2151.0
2026-09-10 14:24:00,FX:XAUUSD,4361.82,4373.76,4359.13,4371.16,3822.0
2026-09-10 14:25:00,FX:XAUUSD,4371.16,4376.28,4371.05,4371.52,4644.0
2026-09-10 14:26:00,FX:XAUUSD,4371.52,4371.59,4365.89,4366.3,2928.0
2026-09-10 14:27:00,FX:XAUUSD,4366.3,4369.03,4364.66,4366.68,2667.0
2026-09-10 14:28:00,FX:XAUUSD,4366.68,4367.69,4366.05,4367.44,2321.0
2026-09-10 14:29:00,FX:XAUUSD,4367.44,4367.44,4362.55,4363.31,1971.0
2026-09-10 14:30:00,FX:XAUUSD,4363.31,4363.75,4360.67,4361.06,2219.0
2026-09-10 14:31:00,FX:XAUUSD,4361.06,4362.48,4360.19,4361.67,2034.0
2026-09-10 14:32:00,FX:XAUUSD,4361.67,4364.14,4361.01,4363.23,1737.0
2026-09-10 14:33:00,FX:XAUUSD,4363.23,4365.33,4362.0,4362.35,1541.0
2026-09-10 14:34:00,FX:XAUUSD,4362.35,4365.4,4362.35,4364.41,1502.0
2026-09-10 14:35:00,FX:XAUUSD,4364.41,4369.47,4364.39,4368.18,1652.0
2026-09-10 14:36:00,FX:XAUUSD,4368.18,4370.22,4366.34,4370.07,1661.0
2026-09-10 14:37:00,FX:XAUUSD,4370.07,4370.13,4366.97,4368.75,1552.0
2026-09-10 14:38:00,FX:XAUUSD,4368.75,4369.09,4365.22,4366.77,1510.0
2026-09-10 14:39:00,FX:XAUUSD,4366.77,4367.15,4362.82,4363.03,1358.0
2026-09-10 14:40:00,FX:XAUUSD,4363.03,4368.74,4362.66,4368.6,1474.0
2026-09-10 14:41:00,FX:XAUUSD,4368.6,4369.4,4365.13,4365.13,1327.0
2026-09-10 14:42:00,FX:XAUUSD,4365.13,4365.9,4360.41,4360.44,1635.0
2026-09-10 14:43:00,FX:XAUUSD,4360.44,4360.44,4357.18,4357.49,1857.0
2026-09-10 14:44:00,FX:XAUUSD,4357.49,4359.61,4356.28,4356.45,2046.0
2026-09-10 14:45:00,FX:XAUUSD,4356.45,4356.66,4354.11,4355.47,1839.0
2026-09-10 14:46:00,FX:XAUUSD,4355.47,4358.31,4355.47,4357.35,1826.0
2026-09-10 14:47:00,FX:XAUUSD,4357.35,4357.35,4354.53,4354.69,1542.0
2026-09-10 14:48:00,FX:XAUUSD,4354.69,4357.07,4354.05,4356.93,1351.0
2026-09-10 14:49:00,FX:XAUUSD,4356.93,4358.9,4356.66,4357.82,1325.0
2026-09-10 14:50:00,FX:XAUUSD,4357.82,4358.69,4356.44,4357.08,1385.0
2026-09-10 14:51:00,FX:XAUUSD,4357.08,4359.1,4356.93,4359.1,1428.0
2026-09-10 14:52:00,FX:XAUUSD,4359.1,4360.05,4358.03,4360.03,1511.0
2026-09-10 14:53:00,FX:XAUUSD,4360.03,4361.7,4360.03,4360.84,1236.0
2026-09-10 14:54:00,FX:XAUUSD,4360.84,4360.84,4354.96,4355.12,1371.0
2026-09-10 14:55:00,FX:XAUUSD,4355.12,4357.12,4354.08,4355.92,1451.0
2026-09-10 14:56:00,FX:XAUUSD,4355.92,4358.94,4355.49,4358.81,1316.0
2026-09-10 14:57:00,FX:XAUUSD,4358.81,4359.92,4357.66,4358.51,1275.0
2026-09-10 14:58:00,FX:XAUUSD,4358.51,4359.12,4356.2,4357.37,1441.0
2026-09-10 14:59:00,FX:XAUUSD,4357.37,4359.19,4356.69,4358.1,1510.0
2026-09-10 15:00:00,FX:XAUUSD,4358.1,4358.49,4355.7,4356.02,2088.0
2026-09-10 15:01:00,FX:XAUUSD,4356.02,4356.25,4353.35,4353.9,1600.0
2026-09-10 15:02:00,FX:XAUUSD,4353.9,4355.36,4352.58,4353.96,1351.0
2026-09-10 15:03:00,FX:XAUUSD,4353.96,4355.73,4352.91,4354.56,1143.0
2026-09-10 15:04:00,FX:XAUUSD,4354.56,4357.06,4353.28,4353.49,1459.0
2026-09-10 15:05:00,FX:XAUUSD,4353.49,4357.3,4353.39,4357.23,1143.0
2026-09-10 15:06:00,FX:XAUUSD,4357.23,4357.23,4353.36,4354.54,1115.0
2026-09-10 15:07:00,FX:XAUUSD,4354.54,4357.38,4354.13,4356.87,952.0
2026-09-10 15:08:00,FX:XAUUSD,4356.87,4358.81,4356.12,4358.81,983.0
2026-09-10 15:09:00,FX:XAUUSD,4358.81,4358.84,4355.37,4355.54,1132.0
2026-09-10 15:10:00,FX:XAUUSD,4355.54,4361.43,4355.25,4360.25,1199.0
2026-09-10 15:11:00,FX:XAUUSD,4360.25,4361.11,4357.8,4359.06,931.0
2026-09-10 15:12:00,FX:XAUUSD,4359.06,4359.73,4357.43,4357.83,924.0
2026-09-10 15:13:00,FX:XAUUSD,4357.83,4359.26,4356.3,4358.38,2319.0
2026-09-10 15:14:00,FX:XAUUSD,4358.38,4360.16,4357.88,4359.63,1697.0
2026-09-10 15:15:00,FX:XAUUSD,4359.63,4362.5,4358.59,4362.31,1451.0
2026-09-10 15:16:00,FX:XAUUSD,4362.31,4362.75,4360.21,4361.77,1237.0
2026-09-10 15:17:00,FX:XAUUSD,4361.77,4364.49,4361.51,4364.22,1345.0
2026-09-10 15:18:00,FX:XAUUSD,4364.22,4364.8,4362.83,4364.8,975.0
2026-09-10 15:19:00,FX:XAUUSD,4364.8,4364.8,4362.69,4363.37,1042.0
2026-09-10 15:20:00,FX:XAUUSD,4363.37,4365.25,4362.2,4362.2,1255.0
2026-09-10 15:21:00,FX:XAUUSD,4362.2,4364.6,4361.09,4364.03,1435.0
2026-09-10 15:22:00,FX:XAUUSD,4364.03,4366.39,4363.47,4366.37,1225.0
2026-09-10 15:23:00,FX:XAUUSD,4366.37,4367.06,4364.72,4365.3,1366.0
2026-09-10 15:24:00,FX:XAUUSD,4365.3,4366.59,4365.25,4366.05,1456.0
2026-09-10 15:25:00,FX:XAUUSD,4366.05,4366.36,4364.53,4366.12,1181.0
2026-09-10 15:26:00,FX:XAUUSD,4366.12,4366.73,4365.01,4365.15,994.0
2026-09-10 15:27:00,FX:XAUUSD,4365.15,4367.73,4364.91,4367.46,1234.0
2026-09-10 15:28:00,FX:XAUUSD,4367.46,4367.56,4363.1,4363.24,1181.0
2026-09-10 15:29:00,FX:XAUUSD,4363.24,4365.54,4363.01,4365.35,1199.0
2026-09-10 15:30:00,FX:XAUUSD,4365.35,4367.34,4364.92,4366.23,1350.0
2026-09-10 15:31:00,FX:XAUUSD,4366.23,4366.7,4363.04,4364.11,1280.0
2026-09-10 15:32:00,FX:XAUUSD,4364.11,4364.21,4362.24,4363.19,971.0
2026-09-10 15:33:00,FX:XAUUSD,4363.19,4366.97,4362.75,4366.74,1060.0
2026-09-10 15:34:00,FX:XAUUSD,4366.74,4369.65,4366.4,4369.5,1137.0
2026-09-10 15:35:00,FX:XAUUSD,4369.5,4370.11,4368.85,4370.02,1022.0
2026-09-10 15:36:00,FX:XAUUSD,4370.02,4371.43,4369.64,4369.85,989.0
2026-09-10 15:37:00,FX:XAUUSD,4369.85,4372.24,4369.54,4370.92,946.0
2026-09-10 15:38:00,FX:XAUUSD,4370.92,4371.34,4369.42,4369.47,1005.0
2026-09-10 15:39:00,FX:XAUUSD,4369.47,4369.85,4367.11,4368.37,1544.0
2026-09-10 15:40:00,FX:XAUUSD,4368.37,4368.77,4366.18,4366.28,1094.0
2026-09-10 15:41:00,FX:XAUUSD,4366.28,4367.92,4365.1,4366.92,956.0
2026-09-10 15:42:00,FX:XAUUSD,4366.92,4366.92,4365.27,4365.43,810.0
2026-09-10 15:43:00,FX:XAUUSD,4365.43,4365.51,4364.09,4364.88,711.0
2026-09-10 15:44:00,FX:XAUUSD,4364.88,4366.6,4364.36,4365.88,1049.0
2026-09-10 15:45:00,FX:XAUUSD,4365.88,4366.48,4364.33,4364.33,863.0
2026-09-10 15:46:00,FX:XAUUSD,4364.33,4365.41,4363.36,4363.79,804.0
2026-09-10 15:47:00,FX:XAUUSD,4363.79,4363.81,4361.05,4362.37,1140.0
2026-09-10 15:48:00,FX:XAUUSD,4362.37,4363.76,4362.2,4362.51,1655.0
2026-09-10 15:49:00,FX:XAUUSD,4362.51,4366.83,4362.33,4366.83,1158.0
2026-09-10 15:50:00,FX:XAUUSD,4366.83,4367.48,4365.3,4365.5,1099.0
2026-09-10 15:51:00,FX:XAUUSD,4365.5,4368.37,4365.49,4368.37,1021.0
2026-09-10 15:52:00,FX:XAUUSD,4368.37,4370.02,4368.34,4368.35,1289.0
2026-09-10 15:53:00,FX:XAUUSD,4368.35,4368.79,4366.99,4367.31,749.0
2026-09-10 15:54:00,FX:XAUUSD,4367.31,4367.71,4365.38,4365.7,912.0
2026-09-10 15:55:00,FX:XAUUSD,4365.7,4366.61,4363.8,4365.97,1125.0
2026-09-10 15:56:00,FX:XAUUSD,4365.97,4366.45,4365.41,4365.54,867.0
2026-09-10 15:57:00,FX:XAUUSD,4365.54,4367.05,4365.17,4365.27,771.0
2026-09-10 15:58:00,FX:XAUUSD,4365.27,4367.31,4365.07,4367.21,705.0
2026-09-10 15:59:00,FX:XAUUSD,4367.21,4367.48,4365.57,4365.73,679.0
2026-09-10 16:00:00,FX:XAUUSD,4365.73,4368.1,4364.79,4367.94,1871.0
2026-09-10 16:01:00,FX:XAUUSD,4367.94,4368.81,4365.91,4367.54,1295.0
2026-09-10 16:02:00,FX:XAUUSD,4367.54,4368.23,4367.12,4367.82,1047.0
2026-09-10 16:03:00,FX:XAUUSD,4367.82,4369.34,4366.13,4368.36,1026.0
2026-09-10 16:04:00,FX:XAUUSD,4368.36,4369.58,4367.06,4367.12,979.0
2026-09-10 16:05:00,FX:XAUUSD,4367.12,4368.78,4366.06,4366.16,1217.0
2026-09-10 16:06:00,FX:XAUUSD,4366.16,4366.32,4364.73,4364.97,860.0
2026-09-10 16:07:00,FX:XAUUSD,4364.97,4365.3,4363.16,4363.81,1021.0
2026-09-10 16:08:00,FX:XAUUSD,4363.81,4364.18,4360.35,4360.35,1178.0
2026-09-10 16:09:00,FX:XAUUSD,4360.35,4361.54,4359.36,4359.72,1347.0
2026-09-10 16:10:00,FX:XAUUSD,4359.72,4360.86,4357.03,4357.29,1525.0
2026-09-10 16:11:00,FX:XAUUSD,4357.29,4357.43,4354.94,4354.95,1282.0
2026-09-10 16:12:00,FX:XAUUSD,4354.95,4358.19,4354.08,4357.84,1194.0
2026-09-10 16:13:00,FX:XAUUSD,4357.84,4358.81,4357.2,4358.78,970.0
2026-09-10 16:14:00,FX:XAUUSD,4358.78,4360.12,4358.45,4358.91,1002.0
2026-09-10 16:15:00,FX:XAUUSD,4358.91,4360.78,4358.57,4359.6,1199.0
2026-09-10 16:16:00,FX:XAUUSD,4359.6,4359.61,4357.49,4357.7,1074.0
2026-09-10 16:17:00,FX:XAUUSD,4357.7,4358.05,4355.24,4355.3,906.0
2026-09-10 16:18:00,FX:XAUUSD,4355.3,4356.99,4355.3,4356.7,849.0
2026-09-10 16:19:00,FX:XAUUSD,4356.7,4359.3,4356.67,4359.12,948.0
2026-09-10 16:20:00,FX:XAUUSD,4359.12,4360.47,4358.91,4359.74,1053.0
2026-09-10 16:21:00,FX:XAUUSD,4359.74,4361.84,4359.48,4361.24,888.0
2026-09-10 16:22:00,FX:XAUUSD,4361.24,4362.07,4360.93,4361.87,834.0
2026-09-10 16:23:00,FX:XAUUSD,4361.87,4362.71,4360.88,4361.32,936.0
2026-09-10 16:24:00,FX:XAUUSD,4361.32,4361.62,4360.07,4361.17,902.0
2026-09-10 16:25:00,FX:XAUUSD,4361.17,4361.47,4359.93,4360.19,856.0
2026-09-10 16:26:00,FX:XAUUSD,4360.19,4362.18,4359.77,4362.18,808.0
2026-09-10 16:27:00,FX:XAUUSD,4362.18,4362.8,4361.74,4362.09,588.0
2026-09-10 16:28:00,FX:XAUUSD,4362.09,4362.69,4361.91,4362.46,569.0
2026-09-10 16:29:00,FX:XAUUSD,4362.46,4363.57,4362.2,4362.88,675.0
2026-09-10 16:30:00,FX:XAUUSD,4362.88,4363.76,4361.45,4361.77,919.0
2026-09-10 16:31:00,FX:XAUUSD,4361.77,4364.49,4361.77,4363.61,791.0
2026-09-10 16:32:00,FX:XAUUSD,4363.61,4365.48,4363.03,4364.63,782.0
2026-09-10 16:33:00,FX:XAUUSD,4364.63,4364.92,4363.61,4363.68,706.0
2026-09-10 16:34:00,FX:XAUUSD,4363.68,4364.77,4357.13,4357.26,3237.0
2026-09-10 16:35:00,FX:XAUUSD,4357.26,4358.88,4355.85,4356.76,2265.0
2026-09-10 16:36:00,FX:XAUUSD,4356.76,4359.38,4356.21,4358.55,1290.0
2026-09-10 16:37:00,FX:XAUUSD,4358.55,4360.83,4358.55,4359.83,1036.0
2026-09-10 16:38:00,FX:XAUUSD,4359.83,4361.27,4359.44,4359.68,804.0
2026-09-10 16:39:00,FX:XAUUSD,4359.68,4361.29,4359.4,4360.38,906.0
2026-09-10 16:40:00,FX:XAUUSD,4360.38,4360.68,4358.68,4359.62,818.0
2026-09-10 16:41:00,FX:XAUUSD,4359.62,4361.32,4359.56,4361.32,634.0
2026-09-10 16:42:00,FX:XAUUSD,4361.32,4361.32,4357.34,4357.37,771.0
2026-09-10 16:43:00,FX:XAUUSD,4357.37,4357.95,4356.61,4357.67,831.0
2026-09-10 16:44:00,FX:XAUUSD,4357.67,4358.54,4356.13,4356.54,844.0
2026-09-10 16:45:00,FX:XAUUSD,4356.54,4360.79,4356.4,4360.69,1045.0
2026-09-10 16:46:00,FX:XAUUSD,4360.69,4361.3,4358.91,4360.63,748.0
2026-09-10 16:47:00,FX:XAUUSD,4360.63,4363.09,4360.1,4362.36,832.0
2026-09-10 16:48:00,FX:XAUUSD,4362.36,4362.97,4360.56,4360.9,786.0
2026-09-10 16:49:00,FX:XAUUSD,4360.9,4361.17,4358.88,4360.12,754.0
2026-09-10 16:50:00,FX:XAUUSD,4360.12,4362.22,4360.12,4361.79,796.0
2026-09-10 16:51:00,FX:XAUUSD,4361.79,4363.26,4361.25,4362.32,898.0
2026-09-10 16:52:00,FX:XAUUSD,4362.32,4363.89,4361.89,4362.01,719.0
2026-09-10 16:53:00,FX:XAUUSD,4362.01,4363.42,4361.44,4362.94,886.0
2026-09-10 16:54:00,FX:XAUUSD,4362.94,4363.38,4360.98,4361.64,696.0
2026-09-10 16:55:00,FX:XAUUSD,4361.64,4361.78,4359.66,4360.96,684.0
2026-09-10 16:56:00,FX:XAUUSD,4360.96,4361.26,4360.03,4360.22,662.0
2026-09-10 16:57:00,FX:XAUUSD,4360.22,4362.14,4360.03,4361.21,533.0
2026-09-10 16:58:00,FX:XAUUSD,4361.21,4364.05,4361.21,4363.98,525.0
2026-09-10 16:59:00,FX:XAUUSD,4363.98,4364.23,4363.04,4364.02,552.0
2026-09-10 17:00:00,FX:XAUUSD,4364.02,4364.02,4362.14,4363.56,651.0
2026-09-10 17:01:00,FX:XAUUSD,4363.56,4363.92,4362.06,4362.52,566.0
2026-09-10 17:02:00,FX:XAUUSD,4362.52,4367.63,4362.4,4362.48,1411.0
2026-09-10 17:03:00,FX:XAUUSD,4362.48,4362.54,4359.6,4360.61,1014.0
2026-09-10 17:04:00,FX:XAUUSD,4360.61,4363.57,4360.17,4363.55,947.0
2026-09-10 17:05:00,FX:XAUUSD,4363.55,4364.59,4361.24,4361.37,921.0
2026-09-10 17:06:00,FX:XAUUSD,4361.37,4362.9,4360.56,4362.49,811.0
2026-09-10 17:07:00,FX:XAUUSD,4362.49,4363.46,4362.29,4363.15,461.0
2026-09-10 17:08:00,FX:XAUUSD,4363.15,4363.61,4361.53,4361.89,591.0
2026-09-10 17:09:00,FX:XAUUSD,4361.89,4362.7,4360.82,4361.82,768.0
2026-09-10 17:10:00,FX:XAUUSD,4361.82,4366.13,4361.82,4365.81,1131.0
2026-09-10 17:11:00,FX:XAUUSD,4365.81,4365.99,4364.63,4365.77,732.0
2026-09-10 17:12:00,FX:XAUUSD,4365.77,4366.19,4364.82,4365.24,934.0
2026-09-10 17:13:00,FX:XAUUSD,4365.24,4365.35,4362.01,4362.02,881.0
2026-09-10 17:14:00,FX:XAUUSD,4362.02,4362.53,4361.37,4362.53,566.0
2026-09-10 17:15:00,FX:XAUUSD,4362.53,4362.53,4361.36,4361.81,713.0
2026-09-10 17:16:00,FX:XAUUSD,4361.81,4364.59,4361.81,4363.7,701.0
2026-09-10 17:17:00,FX:XAUUSD,4363.7,4364.13,4362.81,4362.84,698.0
2026-09-10 17:18:00,FX:XAUUSD,4362.84,4363.78,4361.3,4362.69,1101.0
2026-09-10 17:19:00,FX:XAUUSD,4362.69,4364.75,4362.16,4364.21,840.0
2026-09-10 17:20:00,FX:XAUUSD,4364.21,4364.68,4362.73,4364.42,659.0
2026-09-10 17:21:00,FX:XAUUSD,4364.42,4365.55,4363.86,4363.94,615.0
2026-09-10 17:22:00,FX:XAUUSD,4363.94,4365.14,4363.53,4363.57,710.0
2026-09-10 17:23:00,FX:XAUUSD,4363.57,4364.91,4362.82,4363.13,655.0
2026-09-10 17:24:00,FX:XAUUSD,4363.13,4365.41,4362.5,4362.63,1261.0
2026-09-10 17:25:00,FX:XAUUSD,4362.63,4364.8,4362.55,4363.16,731.0
2026-09-10 17:26:00,FX:XAUUSD,4363.16,4365.05,4363.16,4365.0,1026.0
2026-09-10 17:27:00,FX:XAUUSD,4365.0,4366.76,4364.98,4365.92,909.0
2026-09-10 17:28:00,FX:XAUUSD,4365.92,4366.7,4364.04,4365.29,1224.0
2026-09-10 17:29:00,FX:XAUUSD,4365.29,4366.04,4363.67,4365.78,1332.0
2026-09-10 17:30:00,FX:XAUUSD,4365.78,4366.34,4363.23,4364.13,1268.0
2026-09-10 17:31:00,FX:XAUUSD,4364.13,4365.52,4363.89,4365.07,1107.0
2026-09-10 17:32:00,FX:XAUUSD,4365.07,4365.13,4364.35,4364.82,690.0
2026-09-10 17:33:00,FX:XAUUSD,4364.82,4365.4,4362.25,4362.5,907.0
2026-09-10 17:34:00,FX:XAUUSD,4362.5,4363.94,4362.2,4362.61,876.0
2026-09-10 17:35:00,FX:XAUUSD,4362.61,4363.57,4361.83,4363.3,744.0
2026-09-10 17:36:00,FX:XAUUSD,4363.3,4363.93,4362.44,4363.05,816.0
2026-09-10 17:37:00,FX:XAUUSD,4363.05,4363.52,4361.78,4361.78,695.0
2026-09-10 17:38:00,FX:XAUUSD,4361.78,4362.52,4361.15,4362.45,712.0
2026-09-10 17:39:00,FX:XAUUSD,4362.45,4362.52,4358.28,4358.59,937.0
2026-09-10 17:40:00,FX:XAUUSD,4358.59,4358.59,4355.44,4355.62,1126.0
2026-09-10 17:41:00,FX:XAUUSD,4355.62,4356.56,4355.47,4356.24,1102.0
2026-09-10 17:42:00,FX:XAUUSD,4356.24,4356.92,4355.34,4356.8,959.0
2026-09-10 17:43:00,FX:XAUUSD,4356.8,4358.49,4356.48,4358.28,914.0
2026-09-10 17:44:00,FX:XAUUSD,4358.28,4359.53,4357.67,4359.46,901.0
2026-09-10 17:45:00,FX:XAUUSD,4359.46,4360.07,4358.43,4359.63,912.0
2026-09-10 17:46:00,FX:XAUUSD,4359.63,4360.16,4357.44,4357.73,890.0
2026-09-10 17:47:00,FX:XAUUSD,4357.73,4358.33,4357.19,4357.24,789.0
2026-09-10 17:48:00,FX:XAUUSD,4357.24,4358.12,4356.86,4357.09,939.0
2026-09-10 17:49:00,FX:XAUUSD,4357.09,4358.02,4356.87,4357.74,840.0
2026-09-10 17:50:00,FX:XAUUSD,4357.74,4358.58,4357.16,4357.39,885.0
2026-09-10 17:51:00,FX:XAUUSD,4357.39,4358.83,4357.36,4358.72,540.0
2026-09-10 17:52:00,FX:XAUUSD,4358.72,4360.23,4358.72,4359.34,764.0
2026-09-10 17:53:00,FX:XAUUSD,4359.34,4359.66,4358.14,4358.64,887.0
2026-09-10 17:54:00,FX:XAUUSD,4358.64,4359.9,4358.51,4359.55,711.0
2026-09-10 17:55:00,FX:XAUUSD,4359.55,4359.74,4356.99,4356.99,597.0
2026-09-10 17:56:00,FX:XAUUSD,4356.99,4357.26,4354.87,4354.9,714.0
2026-09-10 17:57:00,FX:XAUUSD,4354.9,4354.9,4351.53,4351.64,798.0
2026-09-10 17:58:00,FX:XAUUSD,4351.64,4352.76,4351.17,4351.56,800.0
2026-09-10 17:59:00,FX:XAUUSD,4351.56,4353.89,4351.56,4352.59,894.0
2026-09-10 18:00:00,FX:XAUUSD,4352.59,4355.01,4352.14,4355.01,1046.0
2026-09-10 18:01:00,FX:XAUUSD,4355.01,4356.07,4350.89,4350.89,1348.0
2026-09-10 18:02:00,FX:XAUUSD,4350.89,4352.89,4348.97,4352.86,1584.0
2026-09-10 18:03:00,FX:XAUUSD,4352.86,4352.86,4348.94,4349.11,1195.0
2026-09-10 18:04:00,FX:XAUUSD,4349.11,4351.45,4348.66,4350.84,1150.0
2026-09-10 18:05:00,FX:XAUUSD,4350.84,4350.92,4347.72,4348.6,1308.0
2026-09-10 18:06:00,FX:XAUUSD,4348.6,4350.82,4347.82,4349.3,1295.0
2026-09-10 18:07:00,FX:XAUUSD,4349.3,4350.12,4348.33,4349.25,1302.0
2026-09-10 18:08:00,FX:XAUUSD,4349.25,4350.34,4344.69,4344.69,869.0
2026-09-10 18:09:00,FX:XAUUSD,4344.69,4344.69,4342.06,4343.24,1527.0
2026-09-10 18:10:00,FX:XAUUSD,4343.24,4343.24,4340.86,4341.84,1599.0
2026-09-10 18:11:00,FX:XAUUSD,4341.84,4343.82,4341.84,4342.34,1427.0
2026-09-10 18:12:00,FX:XAUUSD,4342.34,4342.7,4340.9,4342.65,1058.0
2026-09-10 18:13:00,FX:XAUUSD,4342.65,4343.44,4340.41,4340.45,1229.0
2026-09-10 18:14:00,FX:XAUUSD,4340.45,4342.64,4340.37,4340.78,1096.0
2026-09-10 18:15:00,FX:XAUUSD,4340.78,4341.98,4338.59,4341.97,1424.0
2026-09-10 18:16:00,FX:XAUUSD,4341.97,4344.93,4341.01,4341.78,1375.0
2026-09-10 18:17:00,FX:XAUUSD,4341.78,4342.33,4340.22,4341.09,1037.0
2026-09-10 18:18:00,FX:XAUUSD,4341.09,4341.9,4340.67,4341.27,754.0
2026-09-10 18:19:00,FX:XAUUSD,4341.27,4342.49,4341.18,4342.21,798.0
2026-09-10 18:20:00,FX:XAUUSD,4342.21,4343.65,4342.0,4343.23,978.0
2026-09-10 18:21:00,FX:XAUUSD,4343.23,4344.56,4342.02,4342.89,944.0
2026-09-10 18:22:00,FX:XAUUSD,4342.89,4344.86,4342.89,4344.74,910.0
2026-09-10 18:23:00,FX:XAUUSD,4344.74,4346.33,4344.63,4344.67,815.0
2026-09-10 18:24:00,FX:XAUUSD,4344.67,4345.25,4343.6,4343.73,822.0
2026-09-10 18:25:00,FX:XAUUSD,4343.73,4345.2,4342.35,4342.88,943.0
2026-09-10 18:26:00,FX:XAUUSD,4342.88,4342.89,4337.56,4338.24,1359.0
2026-09-10 18:27:00,FX:XAUUSD,4338.24,4339.28,4338.06,4338.64,1022.0
2026-09-10 18:28:00,FX:XAUUSD,4338.64,4341.31,4338.34,4341.08,1347.0
2026-09-10 18:29:00,FX:XAUUSD,4341.08,4341.08,4337.56,4338.95,1008.0
2026-09-10 18:30:00,FX:XAUUSD,4338.95,4338.95,4335.32,4336.25,1366.0
2026-09-10 18:31:00,FX:XAUUSD,4336.25,4338.12,4335.96,4337.53,1144.0
2026-09-10 18:32:00,FX:XAUUSD,4337.53,4337.53,4335.56,4335.79,1090.0
2026-09-10 18:33:00,FX:XAUUSD,4335.79,4336.02,4332.68,4332.94,1129.0
2026-09-10 18:34:00,FX:XAUUSD,4332.94,4335.55,4332.4,4335.23,1098.0
2026-09-10 18:35:00,FX:XAUUSD,4335.23,4335.96,4334.68,4334.97,785.0
2026-09-10 18:36:00,FX:XAUUSD,4334.97,4335.64,4333.81,4334.2,828.0
2026-09-10 18:37:00,FX:XAUUSD,4334.2,4334.45,4332.85,4333.52,891.0
2026-09-10 18:38:00,FX:XAUUSD,4333.52,4334.68,4332.71,4333.81,960.0
2026-09-10 18:39:00,FX:XAUUSD,4333.81,4334.62,4333.51,4334.17,836.0
2026-09-10 18:40:00,FX:XAUUSD,4334.17,4334.17,4331.85,4332.06,834.0
2026-09-10 18:41:00,FX:XAUUSD,4332.06,4335.05,4332.02,4334.79,813.0
2026-09-10 18:42:00,FX:XAUUSD,4334.79,4335.58,4334.04,4334.19,629.0
2026-09-10 18:43:00,FX:XAUUSD,4334.19,4334.72,4332.89,4333.52,600.0
2026-09-10 18:44:00,FX:XAUUSD,4333.52,4334.48,4333.25,4333.78,553.0
2026-09-10 18:45:00,FX:XAUUSD,4333.78,4333.78,4332.13,4332.14,1009.0
2026-09-10 18:46:00,FX:XAUUSD,4332.14,4332.66,4331.44,4332.06,759.0
2026-09-10 18:47:00,FX:XAUUSD,4332.06,4332.24,4331.05,4331.47,560.0
2026-09-10 18:48:00,FX:XAUUSD,4331.47,4332.09,4330.26,4330.9,659.0
2026-09-10 18:49:00,FX:XAUUSD,4330.9,4334.08,4330.66,4331.66,1449.0
2026-09-10 18:50:00,FX:XAUUSD,4331.66,4332.9,4329.79,4332.61,961.0
2026-09-10 18:51:00,FX:XAUUSD,4332.61,4338.42,4331.81,4336.92,3183.0
2026-09-10 18:52:00,FX:XAUUSD,4336.92,4338.31,4335.02,4337.29,1735.0
2026-09-10 18:53:00,FX:XAUUSD,4337.29,4337.36,4332.83,4333.24,1552.0
2026-09-10 18:54:00,FX:XAUUSD,4333.24,4333.72,4330.55,4331.41,1219.0
2026-09-10 18:55:00,FX:XAUUSD,4331.41,4335.17,4330.89,4335.05,910.0
2026-09-10 18:56:00,FX:XAUUSD,4335.05,4336.91,4334.94,4335.49,925.0
2026-09-10 18:57:00,FX:XAUUSD,4335.49,4335.71,4332.53,4332.62,884.0
2026-09-10 18:58:00,FX:XAUUSD,4332.62,4333.2,4330.65,4331.94,877.0
2026-09-10 18:59:00,FX:XAUUSD,4331.94,4333.51,4331.76,4332.99,854.0
2026-09-10 19:00:00,FX:XAUUSD,4332.99,4332.99,4325.67,4326.63,1524.0
2026-09-10 19:01:00,FX:XAUUSD,4326.63,4327.18,4320.93,4321.16,1758.0
2026-09-10 19:02:00,FX:XAUUSD,4321.16,4322.0,4315.47,4315.54,1869.0
2026-09-10 19:03:00,FX:XAUUSD,4315.54,4317.05,4313.68,4314.94,1856.0
2026-09-10 19:04:00,FX:XAUUSD,4314.94,4317.26,4314.94,4316.47,1289.0
2026-09-10 19:05:00,FX:XAUUSD,4316.47,4319.02,4316.15,4318.26,982.0
2026-09-10 19:06:00,FX:XAUUSD,4318.26,4320.31,4317.61,4319.21,1101.0
2026-09-10 19:07:00,FX:XAUUSD,4319.21,4320.02,4317.23,4317.23,926.0
2026-09-10 19:08:00,FX:XAUUSD,4317.23,4318.67,4317.01,4318.1,872.0
2026-09-10 19:09:00,FX:XAUUSD,4318.1,4324.67,4317.34,4324.44,2428.0
2026-09-10 19:10:00,FX:XAUUSD,4324.44,4324.64,4320.63,4320.67,1446.0
2026-09-10 19:11:00,FX:XAUUSD,4320.67,4321.86,4319.86,4320.81,1043.0
2026-09-10 19:12:00,FX:XAUUSD,4320.81,4323.6,4320.61,4321.22,1143.0
2026-09-10 19:13:00,FX:XAUUSD,4321.22,4321.94,4320.87,4321.34,1051.0
2026-09-10 19:14:00,FX:XAUUSD,4321.34,4322.57,4319.99,4322.39,1199.0
2026-09-10 19:15:00,FX:XAUUSD,4322.39,4323.57,4321.24,4321.38,1106.0
2026-09-10 19:16:00,FX:XAUUSD,4321.38,4321.94,4319.35,4320.15,775.0
2026-09-10 19:17:00,FX:XAUUSD,4320.15,4321.57,4320.05,4320.28,662.0
2026-09-10 19:18:00,FX:XAUUSD,4320.28,4321.09,4319.69,4320.29,979.0
2026-09-10 19:19:00,FX:XAUUSD,4320.29,4321.16,4319.52,4320.95,834.0
2026-09-10 19:20:00,FX:XAUUSD,4320.95,4323.84,4320.84,4322.41,987.0
2026-09-10 19:21:00,FX:XAUUSD,4322.41,4323.88,4322.41,4323.47,816.0
2026-09-10 19:22:00,FX:XAUUSD,4323.47,4324.72,4323.44,4324.19,485.0
2026-09-10 19:23:00,FX:XAUUSD,4324.19,4324.88,4323.72,4323.73,678.0
2026-09-10 19:24:00,FX:XAUUSD,4323.73,4329.83,4323.73,4329.35,815.0
2026-09-10 19:25:00,FX:XAUUSD,4329.35,4330.82,4328.77,4328.78,1084.0
2026-09-10 19:26:00,FX:XAUUSD,4328.78,4330.2,4328.78,4329.9,840.0
2026-09-10 19:27:00,FX:XAUUSD,4329.9,4330.59,4328.85,4330.49,746.0
2026-09-10 19:28:00,FX:XAUUSD,4330.49,4330.49,4327.59,4328.21,679.0
2026-09-10 19:29:00,FX:XAUUSD,4328.21,4328.44,4326.38,4327.16,578.0
2026-09-10 19:30:00,FX:XAUUSD,4327.16,4327.73,4325.27,4325.34,979.0
2026-09-10 19:31:00,FX:XAUUSD,4325.34,4329.45,4325.11,4329.27,803.0
2026-09-10 19:32:00,FX:XAUUSD,4329.27,4329.36,4326.58,4327.08,814.0
2026-09-10 19:33:00,FX:XAUUSD,4327.08,4327.32,4324.86,4326.31,730.0
2026-09-10 19:34:00,FX:XAUUSD,4326.31,4327.24,4324.88,4327.0,784.0
2026-09-10 19:35:00,FX:XAUUSD,4327.0,4327.18,4326.09,4326.52,1024.0
2026-09-10 19:36:00,FX:XAUUSD,4326.52,4327.98,4325.46,4327.69,1061.0
2026-09-10 19:37:00,FX:XAUUSD,4327.69,4328.02,4324.85,4325.73,747.0
2026-09-10 19:38:00,FX:XAUUSD,4325.73,4326.43,4324.16,4326.42,855.0
2026-09-10 19:39:00,FX:XAUUSD,4326.42,4327.01,4325.42,4327.0,732.0
2026-09-10 19:40:00,FX:XAUUSD,4327.0,4327.92,4326.73,4327.09,857.0
2026-09-10 19:41:00,FX:XAUUSD,4327.09,4327.72,4326.22,4326.49,561.0
2026-09-10 19:42:00,FX:XAUUSD,4326.49,4327.27,4324.71,4325.08,499.0
2026-09-10 19:43:00,FX:XAUUSD,4325.08,4325.23,4323.69,4324.44,567.0
2026-09-10 19:44:00,FX:XAUUSD,4324.44,4324.75,4323.64,4324.47,699.0
2026-09-10 19:45:00,FX:XAUUSD,4324.47,4325.23,4324.38,4325.21,660.0
2026-09-10 19:46:00,FX:XAUUSD,4325.21,4326.07,4322.92,4322.92,609.0
2026-09-10 19:47:00,FX:XAUUSD,4322.92,4324.24,4322.73,4323.58,553.0
2026-09-10 19:48:00,FX:XAUUSD,4323.58,4323.99,4321.45,4321.47,475.0
2026-09-10 19:49:00,FX:XAUUSD,4321.47,4323.27,4320.88,4323.09,603.0
2026-09-10 19:50:00,FX:XAUUSD,4323.09,4323.65,4321.07,4321.13,794.0
2026-09-10 19:51:00,FX:XAUUSD,4321.13,4321.37,4320.1,4321.1,655.0
2026-09-10 19:52:00,FX:XAUUSD,4321.1,4322.81,4320.64,4321.51,856.0
2026-09-10 19:53:00,FX:XAUUSD,4321.51,4324.64,4321.1,4324.64,833.0
2026-09-10 19:54:00,FX:XAUUSD,4324.64,4324.86,4323.3,4323.71,1060.0
2026-09-10 19:55:00,FX:XAUUSD,4323.71,4324.09,4322.56,4323.55,1422.0
2026-09-10 19:56:00,FX:XAUUSD,4323.55,4324.39,4323.48,4324.17,890.0
2026-09-10 19:57:00,FX:XAUUSD,4324.17,4324.66,4322.7,4322.75,705.0
2026-09-10 19:58:00,FX:XAUUSD,4322.75,4323.91,4322.2,4323.72,804.0
2026-09-10 19:59:00,FX:XAUUSD,4323.72,4324.44,4323.35,4324.29,1170.0
2026-09-10 20:00:00,FX:XAUUSD,4324.29,4324.38,4322.65,4323.39,630.0
2026-09-10 20:01:00,FX:XAUUSD,4323.39,4323.61,4321.61,4321.86,319.0
2026-09-10 20:02:00,FX:XAUUSD,4321.86,4323.07,4321.73,4322.03,261.0
2026-09-10 20:03:00,FX:XAUUSD,4322.03,4322.46,4321.17,4322.25,340.0
2026-09-10 20:04:00,FX:XAUUSD,4322.25,4322.48,4319.89,4321.27,453.0
2026-09-10 20:05:00,FX:XAUUSD,4321.27,4322.1,4320.15,4321.86,341.0
2026-09-10 20:06:00,FX:XAUUSD,4321.86,4322.47,4321.76,4322.12,260.0
2026-09-10 20:07:00,FX:XAUUSD,4322.12,4322.45,4321.77,4321.88,211.0
2026-09-10 20:08:00,FX:XAUUSD,4321.88,4322.51,4321.88,4322.32,153.0
2026-09-10 20:09:00,FX:XAUUSD,4322.32,4323.63,4322.31,4322.78,186.0
2026-09-10 20:10:00,FX:XAUUSD,4322.78,4323.98,4322.67,4323.24,361.0
2026-09-10 20:11:00,FX:XAUUSD,4323.24,4324.22,4322.9,4322.9,306.0
2026-09-10 20:12:00,FX:XAUUSD,4322.9,4323.04,4322.29,4322.44,278.0
2026-09-10 20:13:00,FX:XAUUSD,4322.44,4322.94,4322.19,4322.94,161.0
2026-09-10 20:14:00,FX:XAUUSD,4322.94,4323.03,4322.74,4322.93,137.0
2026-09-10 20:15:00,FX:XAUUSD,4322.93,4323.02,4321.82,4322.66,277.0
2026-09-10 20:16:00,FX:XAUUSD,4322.66,4322.91,4322.26,4322.87,179.0
2026-09-10 20:17:00,FX:XAUUSD,4322.87,4322.94,4322.23,4322.41,160.0
2026-09-10 20:18:00,FX:XAUUSD,4322.41,4322.82,4322.13,4322.57,151.0
2026-09-10 20:19:00,FX:XAUUSD,4322.57,4322.57,4321.67,4321.67,181.0
2026-09-10 20:20:00,FX:XAUUSD,4321.67,4321.83,4317.97,4318.97,319.0
2026-09-10 20:21:00,FX:XAUUSD,4318.97,4319.0,4317.1,4317.91,284.0
2026-09-10 20:22:00,FX:XAUUSD,4317.91,4318.48,4317.36,4317.67,277.0
2026-09-10 20:23:00,FX:XAUUSD,4317.67,4317.67,4316.52,4317.24,308.0
2026-09-10 20:24:00,FX:XAUUSD,4317.24,4317.39,4316.37,4316.76,322.0
2026-09-10 20:25:00,FX:XAUUSD,4316.76,4318.21,4316.73,4317.46,369.0
2026-09-10 20:26:00,FX:XAUUSD,4317.46,4318.42,4317.37,4318.33,154.0
2026-09-10 20:27:00,FX:XAUUSD,4318.33,4318.79,4318.16,4318.55,230.0
2026-09-10 20:28:00,FX:XAUUSD,4318.55,4319.09,4318.52,4318.92,197.0
2026-09-10 20:29:00,FX:XAUUSD,4318.92,4319.05,4318.44,4318.47,182.0
2026-09-10 20:30:00,FX:XAUUSD,4318.47,4318.56,4317.37,4318.24,356.0
2026-09-10 20:31:00,FX:XAUUSD,4318.24,4318.56,4316.68,4316.68,278.0
2026-09-10 20:32:00,FX:XAUUSD,4316.68,4318.22,4316.41,4317.68,329.0
2026-09-10 20:33:00,FX:XAUUSD,4317.68,4317.68,4316.52,4317.16,224.0
2026-09-10 20:34:00,FX:XAUUSD,4317.16,4317.85,4316.69,4316.78,192.0
2026-09-10 20:35:00,FX:XAUUSD,4316.78,4317.26,4316.5,4316.76,325.0
2026-09-10 20:36:00,FX:XAUUSD,4316.76,4316.88,4315.8,4316.65,323.0
2026-09-10 20:37:00,FX:XAUUSD,4316.65,4318.15,4316.65,4316.87,297.0
2026-09-10 20:38:00,FX:XAUUSD,4316.87,4317.91,4316.52,4317.56,212.0
2026-09-10 20:39:00,FX:XAUUSD,4317.56,4318.2,4316.97,4316.97,269.0
2026-09-10 20:40:00,FX:XAUUSD,4316.97,4317.14,4315.84,4316.69,247.0
2026-09-10 20:41:00,FX:XAUUSD,4316.69,4317.2,4316.61,4317.2,155.0
2026-09-10 20:42:00,FX:XAUUSD,4317.2,4317.21,4316.34,4316.71,169.0
2026-09-10 20:43:00,FX:XAUUSD,4316.71,4318.21,4316.6,4317.91,179.0
2026-09-10 20:44:00,FX:XAUUSD,4317.91,4318.17,4317.43,4318.03,138.0
2026-09-10 20:45:00,FX:XAUUSD,4318.03,4318.74,4317.76,4317.96,349.0
2026-09-10 20:46:00,FX:XAUUSD,4317.96,4318.67,4317.83,4318.63,271.0
2026-09-10 20:47:00,FX:XAUUSD,4318.63,4318.78,4318.04,4318.35,222.0
2026-09-10 20:48:00,FX:XAUUSD,4318.35,4318.43,4317.6,4317.67,215.0
2026-09-10 20:49:00,FX:XAUUSD,4317.67,4317.67,4315.25,4315.27,291.0
2026-09-10 20:50:00,FX:XAUUSD,4315.27,4316.5,4314.49,4314.56,424.0
2026-09-10 20:51:00,FX:XAUUSD,4314.56,4316.13,4314.52,4316.13,177.0
2026-09-10 20:52:00,FX:XAUUSD,4316.13,4316.86,4315.69,4316.86,274.0
2026-09-10 20:53:00,FX:XAUUSD,4316.86,4316.91,4316.25,4316.83,149.0
2026-09-10 20:54:00,FX:XAUUSD,4316.83,4317.81,4316.83,4316.98,289.0
2026-09-10 20:55:00,FX:XAUUSD,4316.98,4318.87,4316.98,4318.53,323.0
2026-09-10 20:56:00,FX:XAUUSD,4318.53,4318.93,4316.81,4317.21,261.0
2026-09-10 20:57:00,FX:XAUUSD,4317.21,4317.45,4316.17,4316.64,298.0
2026-09-10 20:58:00,FX:XAUUSD,4316.64,4316.89,4316.46,4316.56,235.0
2026-09-10 20:59:00,FX:XAUUSD,4316.56,4318.34,4316.56,4316.88,420.0
2026-09-10 22:01:00,FX:XAUUSD,4316.88,4323.94,4316.88,4321.43,418.0
2026-09-10 22:02:00,FX:XAUUSD,4321.43,4321.92,4320.85,4321.6,313.0
2026-09-10 22:03:00,FX:XAUUSD,4321.6,4324.71,4321.14,4322.7,353.0
2026-09-10 22:04:00,FX:XAUUSD,4322.7,4323.23,4321.44,4322.58,243.0
2026-09-10 22:05:00,FX:XAUUSD,4322.58,4322.58,4321.14,4321.31,254.0
2026-09-10 22:06:00,FX:XAUUSD,4321.31,4323.73,4321.15,4322.89,231.0
2026-09-10 22:07:00,FX:XAUUSD,4322.89,4322.9,4320.99,4321.56,301.0
2026-09-10 22:08:00,FX:XAUUSD,4321.56,4322.36,4321.03,4321.98,194.0
2026-09-10 22:09:00,FX:XAUUSD,4321.98,4322.97,4321.95,4322.89,134.0
2026-09-10 22:10:00,FX:XAUUSD,4322.89,4322.93,4322.1,4322.5,125.0
2026-09-10 22:11:00,FX:XAUUSD,4322.5,4322.66,4321.57,4321.93,84.0
2026-09-10 22:12:00,FX:XAUUSD,4321.93,4322.9,4321.9,4322.43,114.0
2026-09-10 22:13:00,FX:XAUUSD,4322.43,4322.47,4320.95,4321.53,167.0
2026-09-10 22:14:00,FX:XAUUSD,4321.53,4321.6,4321.2,4321.35,120.0
2026-09-10 22:15:00,FX:XAUUSD,4321.35,4321.47,4321.24,4321.3,66.0
2026-09-10 22:16:00,FX:XAUUSD,4321.3,4321.96,4319.69,4319.75,171.0
2026-09-10 22:17:00,FX:XAUUSD,4319.75,4320.69,4319.75,4320.64,121.0
2026-09-10 22:18:00,FX:XAUUSD,4320.64,4320.77,4320.24,4320.25,63.0
2026-09-10 22:19:00,FX:XAUUSD,4320.25,4320.44,4319.68,4319.68,62.0
2026-09-10 22:20:00,FX:XAUUSD,4319.68,4320.98,4319.43,4320.89,139.0
2026-09-10 22:21:00,FX:XAUUSD,4320.89,4321.5,4320.57,4321.29,130.0
2026-09-10 22:22:00,FX:XAUUSD,4321.29,4321.61,4320.37,4320.51,149.0
2026-09-10 22:23:00,FX:XAUUSD,4320.51,4320.55,4319.1,4319.54,132.0
2026-09-10 22:24:00,FX:XAUUSD,4319.54,4320.11,4319.02,4319.72,166.0
2026-09-10 22:25:00,FX:XAUUSD,4319.72,4319.99,4318.97,4319.75,156.0
2026-09-10 22:26:00,FX:XAUUSD,4319.75,4320.35,4319.04,4319.18,212.0
2026-09-10 22:27:00,FX:XAUUSD,4319.18,4320.25,4318.99,4319.54,189.0
2026-09-10 22:28:00,FX:XAUUSD,4319.54,4320.22,4319.18,4319.5,164.0
2026-09-10 22:29:00,FX:XAUUSD,4319.5,4319.8,4319.18,4319.73,199.0
2026-09-10 22:30:00,FX:XAUUSD,4319.73,4320.49,4318.3,4318.84,247.0
2026-09-10 22:31:00,FX:XAUUSD,4318.84,4318.9,4316.12,4316.27,366.0
2026-09-10 22:32:00,FX:XAUUSD,4316.27,4317.5,4315.69,4317.03,375.0
2026-09-10 22:33:00,FX:XAUUSD,4317.03,4318.63,4316.78,4318.62,239.0
2026-09-10 22:34:00,FX:XAUUSD,4318.62,4318.88,4317.97,4318.47,230.0
2026-09-10 22:35:00,FX:XAUUSD,4318.47,4318.67,4317.95,4318.33,154.0
2026-09-10 22:36:00,FX:XAUUSD,4318.33,4318.33,4317.55,4317.88,111.0
2026-09-10 22:37:00,FX:XAUUSD,4317.88,4317.88,4316.7,4317.39,225.0
2026-09-10 22:38:00,FX:XAUUSD,4317.39,4317.67,4317.14,4317.24,137.0
2026-09-10 22:39:00,FX:XAUUSD,4317.24,4317.27,4316.13,4316.13,123.0
2026-09-10 22:40:00,FX:XAUUSD,4316.13,4316.17,4315.61,4315.78,117.0
2026-09-10 22:41:00,FX:XAUUSD,4315.78,4316.12,4313.72,4315.23,364.0
2026-09-10 22:42:00,FX:XAUUSD,4315.23,4317.91,4315.23,4317.72,317.0
2026-09-10 22:43:00,FX:XAUUSD,4317.72,4317.72,4315.71,4315.9,231.0
2026-09-10 22:44:00,FX:XAUUSD,4315.9,4316.5,4314.88,4316.03,230.0
2026-09-10 22:45:00,FX:XAUUSD,4316.03,4316.32,4315.72,4316.09,168.0
2026-09-10 22:46:00,FX:XAUUSD,4316.09,4316.33,4315.21,4315.33,169.0
2026-09-10 22:47:00,FX:XAUUSD,4315.33,4317.48,4315.33,4317.04,260.0
2026-09-10 22:48:00,FX:XAUUSD,4317.04,4317.55,4316.11,4317.34,188.0
2026-09-10 22:49:00,FX:XAUUSD,4317.34,4318.37,4316.88,4318.25,191.0
2026-09-10 22:50:00,FX:XAUUSD,4318.25,4318.62,4317.78,4318.31,138.0
2026-09-10 22:51:00,FX:XAUUSD,4318.31,4319.15,4318.25,4318.25,160.0
2026-09-10 22:52:00,FX:XAUUSD,4318.25,4318.25,4317.64,4317.65,106.0
2026-09-10 22:53:00,FX:XAUUSD,4317.65,4318.27,4317.44,4317.49,153.0
2026-09-10 22:54:00,FX:XAUUSD,4317.49,4318.1,4317.22,4317.89,148.0
2026-09-10 22:55:00,FX:XAUUSD,4317.89,4318.84,4317.47,4318.35,192.0
2026-09-10 22:56:00,FX:XAUUSD,4318.35,4318.76,4317.96,4318.56,157.0
2026-09-10 22:57:00,FX:XAUUSD,4318.56,4318.56,4318.07,4318.09,90.0
2026-09-10 22:58:00,FX:XAUUSD,4318.09,4318.74,4317.4,4318.47,150.0
2026-09-10 22:59:00,FX:XAUUSD,4318.47,4318.47,4317.44,4318.47,117.0
2026-09-10 23:00:00,FX:XAUUSD,4318.47,4318.47,4317.39,4318.17,457.0
2026-09-10 23:01:00,FX:XAUUSD,4318.17,4319.83,4317.5,4319.83,371.0
2026-09-10 23:02:00,FX:XAUUSD,4319.83,4319.83,4317.87,4318.49,219.0
2026-09-10 23:03:00,FX:XAUUSD,4318.49,4318.66,4318.27,4318.66,177.0
2026-09-10 23:04:00,FX:XAUUSD,4318.66,4319.41,4318.6,4318.6,245.0
2026-09-10 23:05:00,FX:XAUUSD,4318.6,4319.38,4318.44,4319.07,193.0
2026-09-10 23:06:00,FX:XAUUSD,4319.07,4319.29,4318.64,4318.97,185.0
2026-09-10 23:07:00,FX:XAUUSD,4318.97,4319.49,4318.77,4319.44,128.0
2026-09-10 23:08:00,FX:XAUUSD,4319.44,4319.74,4318.25,4318.34,189.0
2026-09-10 23:09:00,FX:XAUUSD,4318.34,4319.12,4318.34,4318.88,158.0
2026-09-10 23:10:00,FX:XAUUSD,4318.88,4318.88,4318.32,4318.36,140.0
2026-09-10 23:11:00,FX:XAUUSD,4318.36,4318.74,4318.23,4318.44,141.0
2026-09-10 23:12:00,FX:XAUUSD,4318.44,4318.75,4318.05,4318.07,127.0
2026-09-10 23:13:00,FX:XAUUSD,4318.07,4319.36,4316.63,4319.36,262.0
2026-09-10 23:14:00,FX:XAUUSD,4319.36,4319.83,4318.97,4319.46,261.0
2026-09-10 23:15:00,FX:XAUUSD,4319.46,4319.58,4318.95,4319.52,209.0
2026-09-10 23:16:00,FX:XAUUSD,4319.52,4319.55,4319.09,4319.3,101.0
2026-09-10 23:17:00,FX:XAUUSD,4319.3,4319.49,4319.24,4319.35,85.0
2026-09-10 23:18:00,FX:XAUUSD,4319.35,4319.65,4319.29,4319.44,123.0
2026-09-10 23:19:00,FX:XAUUSD,4319.44,4319.91,4319.3,4319.62,112.0
2026-09-10 23:20:00,FX:XAUUSD,4319.62,4320.42,4319.56,4320.18,162.0
2026-09-10 23:21:00,FX:XAUUSD,4320.18,4320.29,4319.89,4320.08,133.0
2026-09-10 23:22:00,FX:XAUUSD,4320.08,4320.08,4318.54,4319.33,167.0
2026-09-10 23:23:00,FX:XAUUSD,4319.33,4319.33,4318.2,4318.26,149.0
2026-09-10 23:24:00,FX:XAUUSD,4318.26,4318.36,4317.64,4318.2,135.0
2026-09-10 23:25:00,FX:XAUUSD,4318.2,4318.89,4318.2,4318.42,109.0
2026-09-10 23:26:00,FX:XAUUSD,4318.42,4319.3,4318.13,4318.91,137.0
2026-09-10 23:27:00,FX:XAUUSD,4318.91,4319.04,4318.35,4318.67,109.0
2026-09-10 23:28:00,FX:XAUUSD,4318.67,4318.83,4318.27,4318.33,88.0
2026-09-10 23:29:00,FX:XAUUSD,4318.33,4318.58,4317.68,4318.16,118.0
2026-09-10 23:30:00,FX:XAUUSD,4318.16,4318.61,4317.54,4317.54,201.0
2026-09-10 23:31:00,FX:XAUUSD,4317.54,4318.23,4317.19,4317.27,177.0
2026-09-10 23:32:00,FX:XAUUSD,4317.27,4318.26,4317.23,4318.26,115.0
2026-09-10 23:33:00,FX:XAUUSD,4318.26,4320.32,4318.26,4320.04,229.0
2026-09-10 23:34:00,FX:XAUUSD,4320.04,4320.06,4318.47,4318.72,155.0
2026-09-10 23:35:00,FX:XAUUSD,4318.72,4318.72,4316.94,4317.14,254.0
2026-09-10 23:36:00,FX:XAUUSD,4317.14,4318.09,4316.98,4317.66,220.0
2026-09-10 23:37:00,FX:XAUUSD,4317.66,4317.68,4314.41,4314.72,252.0
2026-09-10 23:38:00,FX:XAUUSD,4314.72,4316.24,4314.71,4315.44,259.0
2026-09-10 23:39:00,FX:XAUUSD,4315.44,4316.13,4315.38,4315.92,268.0
2026-09-10 23:40:00,FX:XAUUSD,4315.92,4318.14,4314.99,4318.04,323.0
2026-09-10 23:41:00,FX:XAUUSD,4318.04,4318.04,4315.24,4315.49,296.0
2026-09-10 23:42:00,FX:XAUUSD,4315.49,4315.98,4315.39,4315.66,119.0
2026-09-10 23:43:00,FX:XAUUSD,4315.66,4316.36,4315.32,4316.27,277.0
2026-09-10 23:44:00,FX:XAUUSD,4316.27,4316.33,4315.53,4316.08,217.0
2026-09-10 23:45:00,FX:XAUUSD,4316.08,4318.02,4315.9,4316.51,460.0
2026-09-10 23:46:00,FX:XAUUSD,4316.51,4316.9,4314.01,4314.01,583.0
2026-09-10 23:47:00,FX:XAUUSD,4314.01,4316.55,4314.0,4315.1,580.0
2026-09-10 23:48:00,FX:XAUUSD,4315.1,4315.61,4314.48,4314.8,475.0
2026-09-10 23:49:00,FX:XAUUSD,4314.8,4315.42,4314.04,4315.19,377.0
2026-09-10 23:50:00,FX:XAUUSD,4315.19,4316.35,4314.53,4314.9,350.0
2026-09-10 23:51:00,FX:XAUUSD,4314.9,4315.49,4314.55,4314.6,320.0
2026-09-10 23:52:00,FX:XAUUSD,4314.6,4314.72,4313.06,4313.76,415.0
2026-09-10 23:53:00,FX:XAUUSD,4313.76,4314.41,4313.68,4313.8,276.0
2026-09-10 23:54:00,FX:XAUUSD,4313.8,4314.04,4311.75,4312.58,674.0
2026-09-10 23:55:00,FX:XAUUSD,4312.58,4312.58,4311.12,4312.03,560.0
2026-09-10 23:56:00,FX:XAUUSD,4312.03,4315.49,4312.03,4315.49,345.0
2026-09-10 23:57:00,FX:XAUUSD,4315.49,4316.39,4313.82,4314.22,472.0
2026-09-10 23:58:00,FX:XAUUSD,4314.22,4314.62,4313.99,4314.5,227.0
2026-09-10 23:59:00,FX:XAUUSD,4314.5,4315.32,4313.63,4315.17,315.0
2026-09-11 00:00:00,FX:XAUUSD,4315.17,4318.76,4312.72,4318.76,1928.0
2026-09-11 00:01:00,FX:XAUUSD,4318.76,4320.44,4317.57,4319.84,1267.0
2026-09-11 00:02:00,FX:XAUUSD,4319.84,4321.27,4319.14,4320.71,1131.0
2026-09-11 00:03:00,FX:XAUUSD,4320.71,4321.34,4319.29,4319.29,1172.0
2026-09-11 00:04:00,FX:XAUUSD,4319.29,4320.3,4318.76,4319.72,912.0
2026-09-11 00:05:00,FX:XAUUSD,4319.72,4320.89,4318.8,4319.87,1392.0
2026-09-11 00:06:00,FX:XAUUSD,4319.87,4322.74,4319.21,4322.13,1040.0
2026-09-11 00:07:00,FX:XAUUSD,4322.13,4323.78,4320.9,4322.66,814.0
2026-09-11 00:08:00,FX:XAUUSD,4322.66,4322.66,4319.13,4319.46,610.0
2026-09-11 00:09:00,FX:XAUUSD,4319.46,4320.78,4317.56,4318.56,657.0
2026-09-11 00:10:00,FX:XAUUSD,4318.56,4318.57,4316.39,4317.17,685.0
2026-09-11 00:11:00,FX:XAUUSD,4317.17,4317.35,4315.02,4315.49,690.0
2026-09-11 00:12:00,FX:XAUUSD,4315.49,4319.56,4315.32,4318.94,671.0
2026-09-11 00:13:00,FX:XAUUSD,4318.94,4319.1,4317.88,4318.41,497.0
2026-09-11 00:14:00,FX:XAUUSD,4318.41,4319.33,4317.9,4319.04,518.0
2026-09-11 00:15:00,FX:XAUUSD,4319.04,4321.19,4319.04,4319.33,659.0
2026-09-11 00:16:00,FX:XAUUSD,4319.33,4319.46,4317.06,4318.41,523.0
2026-09-11 00:17:00,FX:XAUUSD,4318.41,4320.52,4318.24,4319.9,628.0
2026-09-11 00:18:00,FX:XAUUSD,4319.9,4320.63,4318.91,4320.56,668.0
2026-09-11 00:19:00,FX:XAUUSD,4320.56,4320.56,4319.53,4320.03,485.0
2026-09-11 00:20:00,FX:XAUUSD,4320.03,4320.75,4318.76,4318.76,688.0
2026-09-11 00:21:00,FX:XAUUSD,4318.76,4320.53,4318.3,4320.41,728.0
2026-09-11 00:22:00,FX:XAUUSD,4320.41,4321.84,4320.38,4320.41,644.0
2026-09-11 00:23:00,FX:XAUUSD,4320.41,4321.93,4320.15,4321.11,681.0
2026-09-11 00:24:00,FX:XAUUSD,4321.11,4321.15,4318.71,4318.81,582.0
2026-09-11 00:25:00,FX:XAUUSD,4318.81,4318.9,4317.34,4318.09,664.0
2026-09-11 00:26:00,FX:XAUUSD,4318.09,4321.73,4317.94,4321.72,691.0
2026-09-11 00:27:00,FX:XAUUSD,4321.72,4323.26,4321.11,4323.12,508.0
2026-09-11 00:28:00,FX:XAUUSD,4323.12,4323.8,4322.78,4323.73,463.0
2026-09-11 00:29:00,FX:XAUUSD,4323.73,4323.92,4323.12,4323.88,432.0
2026-09-11 00:30:00,FX:XAUUSD,4323.88,4325.08,4323.41,4324.36,677.0
2026-09-11 00:31:00,FX:XAUUSD,4324.36,4324.61,4321.2,4321.62,677.0
2026-09-11 00:32:00,FX:XAUUSD,4321.62,4321.95,4319.78,4320.53,633.0
2026-09-11 00:33:00,FX:XAUUSD,4320.53,4323.01,4320.46,4320.87,630.0
2026-09-11 00:34:00,FX:XAUUSD,4320.87,4321.81,4319.87,4321.51,392.0
2026-09-11 00:35:00,FX:XAUUSD,4321.51,4321.56,4320.73,4321.31,458.0
2026-09-11 00:36:00,FX:XAUUSD,4321.31,4322.58,4321.15,4322.43,514.0
2026-09-11 00:37:00,FX:XAUUSD,4322.43,4323.38,4320.82,4321.44,442.0
2026-09-11 00:38:00,FX:XAUUSD,4321.44,4324.49,4321.44,4324.47,525.0
2026-09-11 00:39:00,FX:XAUUSD,4324.47,4325.63,4323.76,4325.27,594.0
2026-09-11 00:40:00,FX:XAUUSD,4325.27,4325.27,4322.13,4322.13,580.0
2026-09-11 00:41:00,FX:XAUUSD,4322.13,4323.02,4321.2,4321.72,566.0
2026-09-11 00:42:00,FX:XAUUSD,4321.72,4323.95,4321.42,4322.75,548.0
2026-09-11 00:43:00,FX:XAUUSD,4322.75,4325.33,4322.57,4324.96,564.0
2026-09-11 00:44:00,FX:XAUUSD,4324.96,4327.53,4324.96,4327.41,722.0
2026-09-11 00:45:00,FX:XAUUSD,4327.41,4329.78,4326.7,4329.7,740.0
2026-09-11 00:46:00,FX:XAUUSD,4329.7,4331.6,4329.54,4331.43,642.0
2026-09-11 00:47:00,FX:XAUUSD,4331.43,4331.91,4330.63,4331.84,812.0
2026-09-11 00:48:00,FX:XAUUSD,4331.84,4332.81,4331.81,4332.76,469.0
2026-09-11 00:49:00,FX:XAUUSD,4332.76,4333.73,4332.68,4332.72,457.0
2026-09-11 00:50:00,FX:XAUUSD,4332.72,4333.41,4332.41,4333.02,694.0
2026-09-11 00:51:00,FX:XAUUSD,4333.02,4333.17,4331.12,4331.82,662.0
2026-09-11 00:52:00,FX:XAUUSD,4331.82,4333.14,4331.71,4332.6,713.0
2026-09-11 00:53:00,FX:XAUUSD,4332.6,4333.52,4332.4,4333.38,523.0
2026-09-11 00:54:00,FX:XAUUSD,4333.38,4333.41,4331.44,4332.06,800.0
2026-09-11 00:55:00,FX:XAUUSD,4332.06,4333.36,4332.04,4333.24,564.0
2026-09-11 00:56:00,FX:XAUUSD,4333.24,4333.48,4332.19,4332.37,550.0
2026-09-11 00:57:00,FX:XAUUSD,4332.37,4332.37,4329.86,4330.07,1047.0
2026-09-11 00:58:00,FX:XAUUSD,4330.07,4330.92,4329.84,4330.4,1107.0
2026-09-11 00:59:00,FX:XAUUSD,4330.4,4333.03,4330.4,4332.09,752.0
2026-09-11 01:00:00,FX:XAUUSD,4332.09,4332.43,4329.66,4330.41,2887.0
2026-09-11 01:01:00,FX:XAUUSD,4330.41,4333.08,4328.07,4332.63,2258.0
2026-09-11 01:02:00,FX:XAUUSD,4332.63,4337.87,4332.63,4336.25,2029.0
2026-09-11 01:03:00,FX:XAUUSD,4336.25,4339.57,4335.69,4339.32,1321.0
2026-09-11 01:04:00,FX:XAUUSD,4339.32,4340.48,4336.9,4340.35,1370.0
2026-09-11 01:05:00,FX:XAUUSD,4340.35,4340.35,4337.53,4337.71,1341.0
2026-09-11 01:06:00,FX:XAUUSD,4337.71,4338.5,4336.35,4337.15,1128.0
2026-09-11 01:07:00,FX:XAUUSD,4337.15,4338.58,4335.23,4335.25,1073.0
2026-09-11 01:08:00,FX:XAUUSD,4335.25,4335.96,4333.62,4333.62,1311.0
2026-09-11 01:09:00,FX:XAUUSD,4333.62,4338.12,4333.18,4337.82,1238.0
2026-09-11 01:10:00,FX:XAUUSD,4337.82,4338.66,4336.72,4338.66,1094.0
2026-09-11 01:11:00,FX:XAUUSD,4338.66,4338.66,4336.54,4338.26,841.0
2026-09-11 01:12:00,FX:XAUUSD,4338.26,4339.07,4336.2,4337.06,990.0
2026-09-11 01:13:00,FX:XAUUSD,4337.06,4337.64,4335.16,4335.27,950.0
2026-09-11 01:14:00,FX:XAUUSD,4335.27,4335.28,4332.71,4333.14,1020.0
2026-09-11 01:15:00,FX:XAUUSD,4333.14,4334.82,4331.22,4334.8,995.0
2026-09-11 01:16:00,FX:XAUUSD,4334.8,4336.06,4334.33,4335.44,885.0
2026-09-11 01:17:00,FX:XAUUSD,4335.44,4337.35,4334.8,4335.81,1020.0
2026-09-11 01:18:00,FX:XAUUSD,4335.81,4336.15,4332.98,4332.98,1131.0
2026-09-11 01:19:00,FX:XAUUSD,4332.98,4332.98,4331.13,4332.11,1037.0
2026-09-11 01:20:00,FX:XAUUSD,4332.11,4332.29,4330.25,4330.48,1117.0
2026-09-11 01:21:00,FX:XAUUSD,4330.48,4330.75,4326.66,4327.05,1191.0
2026-09-11 01:22:00,FX:XAUUSD,4327.05,4327.21,4324.99,4327.15,1110.0
2026-09-11 01:23:00,FX:XAUUSD,4327.15,4327.18,4324.03,4324.56,997.0
2026-09-11 01:24:00,FX:XAUUSD,4324.56,4324.93,4320.91,4321.33,1217.0
2026-09-11 01:25:00,FX:XAUUSD,4321.33,4323.98,4321.24,4323.84,1236.0
2026-09-11 01:26:00,FX:XAUUSD,4323.84,4329.16,4323.13,4328.91,1182.0
2026-09-11 01:27:00,FX:XAUUSD,4328.91,4330.52,4328.52,4329.91,827.0
2026-09-11 01:28:00,FX:XAUUSD,4329.91,4330.39,4327.65,4328.28,727.0
2026-09-11 01:29:00,FX:XAUUSD,4328.28,4329.06,4326.72,4328.11,860.0
2026-09-11 01:30:00,FX:XAUUSD,4328.11,4331.18,4328.11,4331.18,1072.0
2026-09-11 01:31:00,FX:XAUUSD,4331.18,4332.1,4330.5,4331.58,682.0
2026-09-11 01:32:00,FX:XAUUSD,4331.58,4331.58,4329.39,4331.39,907.0
2026-09-11 01:33:00,FX:XAUUSD,4331.39,4333.22,4330.11,4330.34,794.0
2026-09-11 01:34:00,FX:XAUUSD,4330.34,4332.65,4330.23,4332.53,887.0
2026-09-11 01:35:00,FX:XAUUSD,4332.53,4334.73,4332.5,4333.73,628.0
2026-09-11 01:36:00,FX:XAUUSD,4333.73,4334.43,4331.71,4331.8,634.0
2026-09-11 01:37:00,FX:XAUUSD,4331.8,4334.51,4331.78,4332.83,733.0
2026-09-11 01:38:00,FX:XAUUSD,4332.83,4334.69,4331.43,4331.5,702.0
2026-09-11 01:39:00,FX:XAUUSD,4331.5,4331.81,4329.46,4329.5,969.0
2026-09-11 01:40:00,FX:XAUUSD,4329.5,4329.65,4325.06,4325.06,905.0
2026-09-11 01:41:00,FX:XAUUSD,4325.06,4325.73,4322.58,4324.2,1188.0
2026-09-11 01:42:00,FX:XAUUSD,4324.2,4324.98,4323.29,4323.58,1181.0
2026-09-11 01:43:00,FX:XAUUSD,4323.58,4326.63,4323.37,4325.53,934.0
2026-09-11 01:44:00,FX:XAUUSD,4325.53,4326.84,4324.28,4326.84,969.0
2026-09-11 01:45:00,FX:XAUUSD,4326.84,4326.98,4324.01,4325.61,1092.0
2026-09-11 01:46:00,FX:XAUUSD,4325.61,4326.73,4324.39,4324.95,947.0
2026-09-11 01:47:00,FX:XAUUSD,4324.95,4326.06,4324.71,4325.36,797.0
2026-09-11 01:48:00,FX:XAUUSD,4325.36,4328.08,4324.75,4326.68,961.0
2026-09-11 01:49:00,FX:XAUUSD,4326.68,4329.26,4326.36,4329.07,622.0
2026-09-11 01:50:00,FX:XAUUSD,4329.07,4329.07,4327.11,4328.49,933.0
2026-09-11 01:51:00,FX:XAUUSD,4328.49,4329.19,4326.85,4328.87,743.0
2026-09-11 01:52:00,FX:XAUUSD,4328.87,4330.12,4328.02,4328.5,918.0
2026-09-11 01:53:00,FX:XAUUSD,4328.5,4328.96,4324.5,4324.83,848.0
2026-09-11 01:54:00,FX:XAUUSD,4324.83,4326.03,4324.38,4325.2,666.0
2026-09-11 01:55:00,FX:XAUUSD,4325.2,4326.04,4324.39,4324.97,679.0
2026-09-11 01:56:00,FX:XAUUSD,4324.97,4327.56,4324.92,4327.49,674.0
2026-09-11 01:57:00,FX:XAUUSD,4327.49,4327.49,4324.34,4326.28,628.0
2026-09-11 01:58:00,FX:XAUUSD,4326.28,4327.04,4324.56,4326.98,580.0
2026-09-11 01:59:00,FX:XAUUSD,4326.98,4329.57,4326.89,4329.27,539.0
2026-09-11 02:00:00,FX:XAUUSD,4329.27,4330.74,4329.27,4330.21,714.0
2026-09-11 02:01:00,FX:XAUUSD,4330.21,4331.48,4329.85,4331.38,560.0
2026-09-11 02:02:00,FX:XAUUSD,4331.38,4331.63,4329.82,4330.61,765.0
2026-09-11 02:03:00,FX:XAUUSD,4330.61,4331.56,4329.75,4330.72,569.0
2026-09-11 02:04:00,FX:XAUUSD,4330.72,4332.94,4330.34,4332.59,513.0
2026-09-11 02:05:00,FX:XAUUSD,4332.59,4333.43,4332.11,4332.31,579.0
2026-09-11 02:06:00,FX:XAUUSD,4332.31,4332.74,4329.67,4330.06,666.0
2026-09-11 02:07:00,FX:XAUUSD,4330.06,4330.14,4327.84,4328.33,701.0
2026-09-11 02:08:00,FX:XAUUSD,4328.33,4331.24,4328.33,4330.79,697.0
2026-09-11 02:09:00,FX:XAUUSD,4330.79,4330.79,4329.13,4329.67,491.0
2026-09-11 02:10:00,FX:XAUUSD,4329.67,4331.57,4329.23,4330.89,396.0
2026-09-11 02:11:00,FX:XAUUSD,4330.89,4331.17,4329.21,4330.03,541.0
2026-09-11 02:12:00,FX:XAUUSD,4330.03,4330.31,4328.94,4328.94,476.0
2026-09-11 02:13:00,FX:XAUUSD,4328.94,4332.17,4328.85,4332.07,691.0
2026-09-11 02:14:00,FX:XAUUSD,4332.07,4332.07,4330.27,4330.72,477.0
2026-09-11 02:15:00,FX:XAUUSD,4330.72,4332.18,4329.86,4331.57,567.0
2026-09-11 02:16:00,FX:XAUUSD,4331.57,4332.79,4331.45,4332.03,411.0
2026-09-11 02:17:00,FX:XAUUSD,4332.03,4333.02,4331.38,4332.44,534.0
2026-09-11 02:18:00,FX:XAUUSD,4332.44,4333.46,4332.44,4333.28,432.0
2026-09-11 02:19:00,FX:XAUUSD,4333.28,4334.48,4333.08,4333.66,359.0
2026-09-11 02:20:00,FX:XAUUSD,4333.66,4333.66,4331.25,4331.87,567.0
2026-09-11 02:21:00,FX:XAUUSD,4331.87,4332.01,4330.22,4330.72,434.0
2026-09-11 02:22:00,FX:XAUUSD,4330.72,4331.3,4329.83,4329.9,532.0
2026-09-11 02:23:00,FX:XAUUSD,4329.9,4329.9,4328.36,4329.0,522.0
2026-09-11 02:24:00,FX:XAUUSD,4329.0,4329.15,4327.47,4327.87,340.0
2026-09-11 02:25:00,FX:XAUUSD,4327.87,4327.87,4325.31,4325.44,538.0
2026-09-11 02:26:00,FX:XAUUSD,4325.44,4326.44,4324.12,4324.2,592.0
2026-09-11 02:27:00,FX:XAUUSD,4324.2,4325.16,4323.49,4325.16,461.0
2026-09-11 02:28:00,FX:XAUUSD,4325.16,4327.45,4324.91,4326.74,397.0
2026-09-11 02:29:00,FX:XAUUSD,4326.74,4326.74,4325.21,4325.21,321.0
2026-09-11 02:30:00,FX:XAUUSD,4325.21,4326.47,4322.48,4322.74,1353.0
2026-09-11 02:31:00,FX:XAUUSD,4322.74,4322.78,4318.35,4318.35,1484.0
2026-09-11 02:32:00,FX:XAUUSD,4318.35,4319.56,4317.34,4318.39,1425.0
2026-09-11 02:33:00,FX:XAUUSD,4318.39,4320.8,4317.69,4318.34,1210.0
2026-09-11 02:34:00,FX:XAUUSD,4318.34,4319.88,4316.89,4319.16,803.0
2026-09-11 02:35:00,FX:XAUUSD,4319.16,4319.43,4316.92,4317.29,863.0
2026-09-11 02:36:00,FX:XAUUSD,4317.29,4318.1,4316.84,4317.34,810.0
2026-09-11 02:37:00,FX:XAUUSD,4317.34,4319.16,4316.94,4317.43,916.0
2026-09-11 02:38:00,FX:XAUUSD,4317.43,4322.07,4317.28,4321.54,868.0
2026-09-11 02:39:00,FX:XAUUSD,4321.54,4322.73,4320.54,4321.78,806.0
2026-09-11 02:40:00,FX:XAUUSD,4321.78,4323.71,4321.68,4323.59,805.0
2026-09-11 02:41:00,FX:XAUUSD,4323.59,4325.41,4322.31,4323.51,952.0
2026-09-11 02:42:00,FX:XAUUSD,4323.51,4324.01,4320.17,4320.7,949.0
2026-09-11 02:43:00,FX:XAUUSD,4320.7,4321.6,4319.97,4321.2,927.0
2026-09-11 02:44:00,FX:XAUUSD,4321.2,4321.68,4318.72,4318.78,958.0
2026-09-11 02:45:00,FX:XAUUSD,4318.78,4321.26,4317.39,4317.8,1207.0
2026-09-11 02:46:00,FX:XAUUSD,4317.8,4318.87,4316.32,4316.88,732.0
2026-09-11 02:47:00,FX:XAUUSD,4316.88,4319.14,4315.85,4319.14,862.0
2026-09-11 02:48:00,FX:XAUUSD,4319.14,4323.67,4318.08,4323.51,866.0
2026-09-11 02:49:00,FX:XAUUSD,4323.51,4325.16,4323.51,4323.72,879.0
2026-09-11 02:50:00,FX:XAUUSD,4323.72,4326.72,4323.57,4325.77,713.0
2026-09-11 02:51:00,FX:XAUUSD,4325.77,4326.39,4324.17,4324.76,607.0
2026-09-11 02:52:00,FX:XAUUSD,4324.76,4325.08,4323.29,4323.96,640.0
2026-09-11 02:53:00,FX:XAUUSD,4323.96,4325.03,4323.78,4325.03,618.0
2026-09-11 02:54:00,FX:XAUUSD,4325.03,4325.26,4322.31,4322.59,606.0
2026-09-11 02:55:00,FX:XAUUSD,4322.59,4323.0,4321.07,4322.93,651.0
2026-09-11 02:56:00,FX:XAUUSD,4322.93,4323.56,4320.98,4321.66,674.0
2026-09-11 02:57:00,FX:XAUUSD,4321.66,4323.18,4321.66,4322.87,580.0
2026-09-11 02:58:00,FX:XAUUSD,4322.87,4323.82,4322.87,4323.65,503.0
2026-09-11 02:59:00,FX:XAUUSD,4323.65,4323.99,4322.49,4322.68,553.0
2026-09-11 03:00:00,FX:XAUUSD,4322.68,4324.16,4321.82,4323.58,752.0
2026-09-11 03:01:00,FX:XAUUSD,4323.58,4325.44,4323.13,4324.75,561.0
2026-09-11 03:02:00,FX:XAUUSD,4324.75,4326.31,4324.75,4325.18,499.0
2026-09-11 03:03:00,FX:XAUUSD,4325.18,4325.45,4323.71,4323.93,551.0
2026-09-11 03:04:00,FX:XAUUSD,4323.93,4324.61,4322.01,4322.14,699.0
2026-09-11 03:05:00,FX:XAUUSD,4322.14,4323.16,4320.94,4320.99,800.0
2026-09-11 03:06:00,FX:XAUUSD,4320.99,4321.53,4318.22,4318.93,734.0
2026-09-11 03:07:00,FX:XAUUSD,4318.93,4318.94,4314.91,4315.76,851.0
2026-09-11 03:08:00,FX:XAUUSD,4315.76,4318.37,4315.68,4317.83,816.0
2026-09-11 03:09:00,FX:XAUUSD,4317.83,4318.32,4317.13,4317.7,728.0
2026-09-11 03:10:00,FX:XAUUSD,4317.7,4319.43,4317.15,4317.82,665.0
2026-09-11 03:11:00,FX:XAUUSD,4317.82,4317.82,4314.59,4315.33,730.0
2026-09-11 03:12:00,FX:XAUUSD,4315.33,4317.12,4314.76,4317.11,697.0
2026-09-11 03:13:00,FX:XAUUSD,4317.11,4318.8,4317.11,4318.43,474.0
2026-09-11 03:14:00,FX:XAUUSD,4318.43,4320.13,4318.43,4319.63,482.0
2026-09-11 03:15:00,FX:XAUUSD,4319.63,4320.26,4318.67,4319.97,520.0
2026-09-11 03:16:00,FX:XAUUSD,4319.97,4321.54,4319.93,4320.12,502.0
2026-09-11 03:17:00,FX:XAUUSD,4320.12,4320.36,4317.93,4318.15,725.0
2026-09-11 03:18:00,FX:XAUUSD,4318.15,4318.18,4317.39,4317.85,487.0
2026-09-11 03:19:00,FX:XAUUSD,4317.85,4317.85,4314.4,4314.84,583.0
2026-09-11 03:20:00,FX:XAUUSD,4314.84,4316.17,4314.29,4315.95,596.0
2026-09-11 03:21:00,FX:XAUUSD,4315.95,4315.95,4309.16,4309.53,1295.0
2026-09-11 03:22:00,FX:XAUUSD,4309.53,4310.19,4305.28,4305.49,1270.0
2026-09-11 03:23:00,FX:XAUUSD,4305.49,4306.95,4304.13,4306.41,1110.0
2026-09-11 03:24:00,FX:XAUUSD,4306.41,4309.23,4305.79,4306.99,901.0
2026-09-11 03:25:00,FX:XAUUSD,4306.99,4308.24,4304.66,4308.2,861.0
2026-09-11 03:26:00,FX:XAUUSD,4308.2,4308.89,4306.75,4308.51,755.0
2026-09-11 03:27:00,FX:XAUUSD,4308.51,4309.72,4308.41,4309.37,749.0
2026-09-11 03:28:00,FX:XAUUSD,4309.37,4310.52,4308.73,4308.78,689.0
2026-09-11 03:29:00,FX:XAUUSD,4308.78,4310.69,4308.78,4309.23,688.0
2026-09-11 03:30:00,FX:XAUUSD,4309.23,4311.43,4308.79,4309.62,881.0
2026-09-11 03:31:00,FX:XAUUSD,4309.62,4309.79,4306.41,4308.75,809.0
2026-09-11 03:32:00,FX:XAUUSD,4308.75,4309.4,4307.65,4308.48,664.0
2026-09-11 03:33:00,FX:XAUUSD,4308.48,4309.03,4306.73,4307.91,514.0
2026-09-11 03:34:00,FX:XAUUSD,4307.91,4309.21,4307.36,4308.73,510.0
2026-09-11 03:35:00,FX:XAUUSD,4308.73,4309.25,4307.51,4307.59,521.0
2026-09-11 03:36:00,FX:XAUUSD,4307.59,4308.97,4307.53,4307.84,580.0
2026-09-11 03:37:00,FX:XAUUSD,4307.84,4310.19,4306.82,4308.56,663.0
2026-09-11 03:38:00,FX:XAUUSD,4308.56,4310.7,4308.41,4309.53,498.0
2026-09-11 03:39:00,FX:XAUUSD,4309.53,4310.61,4308.46,4308.47,544.0
2026-09-11 03:40:00,FX:XAUUSD,4308.47,4309.71,4308.19,4309.19,617.0
2026-09-11 03:41:00,FX:XAUUSD,4309.19,4310.08,4308.83,4308.83,494.0
2026-09-11 03:42:00,FX:XAUUSD,4308.83,4312.18,4308.83,4312.11,628.0
2026-09-11 03:43:00,FX:XAUUSD,4312.11,4312.67,4310.73,4310.74,448.0
2026-09-11 03:44:00,FX:XAUUSD,4310.74,4310.9,4306.72,4308.15,623.0
2026-09-11 03:45:00,FX:XAUUSD,4308.15,4308.28,4304.32,4304.37,614.0
2026-09-11 03:46:00,FX:XAUUSD,4304.37,4305.36,4303.05,4303.52,729.0
2026-09-11 03:47:00,FX:XAUUSD,4303.52,4305.03,4302.76,4303.12,574.0
2026-09-11 03:48:00,FX:XAUUSD,4303.12,4304.3,4303.12,4303.74,505.0
2026-09-11 03:49:00,FX:XAUUSD,4303.74,4303.99,4302.32,4303.06,690.0
2026-09-11 03:50:00,FX:XAUUSD,4303.06,4303.46,4300.66,4303.26,696.0
2026-09-11 03:51:00,FX:XAUUSD,4303.26,4303.54,4301.78,4303.0,394.0
2026-09-11 03:52:00,FX:XAUUSD,4303.0,4303.29,4300.98,4302.13,417.0
2026-09-11 03:53:00,FX:XAUUSD,4302.13,4303.36,4301.98,4302.66,671.0
2026-09-11 03:54:00,FX:XAUUSD,4302.66,4304.09,4300.92,4304.02,814.0
2026-09-11 03:55:00,FX:XAUUSD,4304.02,4305.4,4303.16,4305.22,583.0
2026-09-11 03:56:00,FX:XAUUSD,4305.22,4306.93,4305.13,4306.29,812.0
2026-09-11 03:57:00,FX:XAUUSD,4306.29,4306.74,4305.37,4305.4,538.0
2026-09-11 03:58:00,FX:XAUUSD,4305.4,4305.99,4304.28,4304.31,537.0
2026-09-11 03:59:00,FX:XAUUSD,4304.31,4304.31,4302.55,4303.7,348.0
2026-09-11 04:00:00,FX:XAUUSD,4303.7,4304.42,4302.06,4303.61,854.0
2026-09-11 04:01:00,FX:XAUUSD,4303.61,4305.29,4302.4,4303.24,994.0
2026-09-11 04:02:00,FX:XAUUSD,4303.24,4303.96,4302.06,4302.68,664.0
2026-09-11 04:03:00,FX:XAUUSD,4302.68,4305.79,4302.58,4305.79,484.0
2026-09-11 04:04:00,FX:XAUUSD,4305.79,4309.27,4305.71,4308.82,610.0
2026-09-11 04:05:00,FX:XAUUSD,4308.82,4310.66,4308.71,4310.53,606.0
2026-09-11 04:06:00,FX:XAUUSD,4310.53,4311.41,4310.16,4311.41,550.0
2026-09-11 04:07:00,FX:XAUUSD,4311.41,4313.9,4311.41,4313.85,718.0
2026-09-11 04:08:00,FX:XAUUSD,4313.85,4317.79,4313.85,4317.79,687.0
2026-09-11 04:09:00,FX:XAUUSD,4317.79,4318.64,4316.56,4318.23,738.0
2026-09-11 04:10:00,FX:XAUUSD,4318.23,4323.65,4318.2,4322.26,1039.0
2026-09-11 04:11:00,FX:XAUUSD,4322.26,4322.26,4318.85,4319.48,1010.0
2026-09-11 04:12:00,FX:XAUUSD,4319.48,4322.73,4319.4,4321.75,966.0
2026-09-11 04:13:00,FX:XAUUSD,4321.75,4325.01,4321.75,4324.2,762.0
2026-09-11 04:14:00,FX:XAUUSD,4324.2,4324.91,4320.35,4321.5,1029.0
2026-09-11 04:15:00,FX:XAUUSD,4321.5,4322.02,4320.47,4320.86,938.0
2026-09-11 04:16:00,FX:XAUUSD,4320.86,4321.54,4319.66,4319.79,576.0
2026-09-11 04:17:00,FX:XAUUSD,4319.79,4320.44,4319.54,4319.88,740.0
2026-09-11 04:18:00,FX:XAUUSD,4319.88,4321.93,4319.38,4320.17,822.0
2026-09-11 04:19:00,FX:XAUUSD,4320.17,4321.1,4319.89,4320.68,768.0
2026-09-11 04:20:00,FX:XAUUSD,4320.68,4323.76,4320.46,4323.52,697.0
2026-09-11 04:21:00,FX:XAUUSD,4323.52,4325.71,4323.38,4325.21,714.0
2026-09-11 04:22:00,FX:XAUUSD,4325.21,4325.61,4324.18,4324.51,586.0
2026-09-11 04:23:00,FX:XAUUSD,4324.51,4326.17,4324.51,4326.17,480.0
2026-09-11 04:24:00,FX:XAUUSD,4326.17,4327.05,4326.09,4327.05,453.0
2026-09-11 04:25:00,FX:XAUUSD,4327.05,4327.78,4326.86,4327.01,554.0
2026-09-11 04:26:00,FX:XAUUSD,4327.01,4328.05,4325.8,4328.04,624.0
2026-09-11 04:27:00,FX:XAUUSD,4328.04,4328.58,4326.75,4327.55,594.0
2026-09-11 04:28:00,FX:XAUUSD,4327.55,4328.42,4327.43,4328.42,459.0
2026-09-11 04:29:00,FX:XAUUSD,4328.42,4329.08,4328.11,4328.54,415.0
2026-09-11 04:30:00,FX:XAUUSD,4328.54,4329.88,4328.0,4329.63,632.0
2026-09-11 04:31:00,FX:XAUUSD,4329.63,4329.65,4327.99,4329.33,443.0
2026-09-11 04:32:00,FX:XAUUSD,4329.33,4330.26,4328.44,4330.13,485.0
2026-09-11 04:33:00,FX:XAUUSD,4330.13,4330.13,4327.79,4327.99,479.0
2026-09-11 04:34:00,FX:XAUUSD,4327.99,4328.45,4326.48,4326.74,546.0
2026-09-11 04:35:00,FX:XAUUSD,4326.74,4326.74,4325.39,4326.0,451.0
2026-09-11 04:36:00,FX:XAUUSD,4326.0,4327.0,4325.69,4326.62,420.0
2026-09-11 04:37:00,FX:XAUUSD,4326.62,4327.73,4326.19,4327.26,427.0
2026-09-11 04:38:00,FX:XAUUSD,4327.26,4328.49,4326.73,4327.32,433.0
2026-09-11 04:39:00,FX:XAUUSD,4327.32,4328.62,4327.04,4328.23,596.0
2026-09-11 04:40:00,FX:XAUUSD,4328.23,4329.33,4327.6,4327.89,789.0
2026-09-11 04:41:00,FX:XAUUSD,4327.89,4330.2,4327.89,4329.37,576.0
2026-09-11 04:42:00,FX:XAUUSD,4329.37,4332.43,4329.32,4331.99,467.0
2026-09-11 04:43:00,FX:XAUUSD,4331.99,4332.07,4329.82,4331.76,790.0
2026-09-11 04:44:00,FX:XAUUSD,4331.76,4332.83,4329.91,4330.43,689.0
2026-09-11 04:45:00,FX:XAUUSD,4330.43,4331.71,4329.93,4330.02,554.0
2026-09-11 04:46:00,FX:XAUUSD,4330.02,4332.83,4330.02,4332.35,642.0
2026-09-11 04:47:00,FX:XAUUSD,4332.35,4332.71,4330.07,4330.07,427.0
2026-09-11 04:48:00,FX:XAUUSD,4330.07,4330.79,4328.96,4329.44,327.0
2026-09-11 04:49:00,FX:XAUUSD,4329.44,4331.08,4328.95,4330.63,394.0
2026-09-11 04:50:00,FX:XAUUSD,4330.63,4332.93,4330.49,4332.93,567.0
2026-09-11 04:51:00,FX:XAUUSD,4332.93,4334.83,4332.57,4333.88,536.0
2026-09-11 04:52:00,FX:XAUUSD,4333.88,4333.88,4332.14,4332.5,473.0
2026-09-11 04:53:00,FX:XAUUSD,4332.5,4333.85,4331.04,4333.26,629.0
2026-09-11 04:54:00,FX:XAUUSD,4333.26,4334.89,4332.22,4334.84,506.0
2026-09-11 04:55:00,FX:XAUUSD,4334.84,4335.15,4334.28,4334.69,307.0
2026-09-11 04:56:00,FX:XAUUSD,4334.69,4334.72,4333.71,4333.75,310.0
2026-09-11 04:57:00,FX:XAUUSD,4333.75,4334.86,4333.59,4333.6,343.0
2026-09-11 04:58:00,FX:XAUUSD,4333.6,4334.41,4332.6,4333.08,477.0
2026-09-11 04:59:00,FX:XAUUSD,4333.08,4333.35,4331.35,4331.75,513.0
2026-09-11 05:00:00,FX:XAUUSD,4331.75,4331.86,4328.52,4328.81,805.0
2026-09-11 05:01:00,FX:XAUUSD,4328.81,4330.26,4328.24,4328.77,568.0
2026-09-11 05:02:00,FX:XAUUSD,4328.77,4329.59,4328.17,4329.26,502.0
2026-09-11 05:03:00,FX:XAUUSD,4329.26,4330.74,4329.17,4329.8,447.0
2026-09-11 05:04:00,FX:XAUUSD,4329.8,4330.38,4329.14,4329.33,462.0
2026-09-11 05:05:00,FX:XAUUSD,4329.33,4332.13,4328.87,4330.86,626.0
2026-09-11 05:06:00,FX:XAUUSD,4330.86,4332.51,4330.4,4332.09,486.0
2026-09-11 05:07:00,FX:XAUUSD,4332.09,4334.24,4331.4,4331.81,758.0
2026-09-11 05:08:00,FX:XAUUSD,4331.81,4331.89,4329.32,4329.96,606.0
2026-09-11 05:09:00,FX:XAUUSD,4329.96,4335.02,4329.96,4334.91,598.0
2026-09-11 05:10:00,FX:XAUUSD,4334.91,4335.19,4333.33,4333.47,505.0
2026-09-11 05:11:00,FX:XAUUSD,4333.47,4335.13,4332.39,4335.09,497.0
2026-09-11 05:12:00,FX:XAUUSD,4335.09,4336.04,4333.9,4335.69,593.0
2026-09-11 05:13:00,FX:XAUUSD,4335.69,4335.69,4333.95,4335.44,453.0
2026-09-11 05:14:00,FX:XAUUSD,4335.44,4338.01,4334.8,4337.91,594.0
2026-09-11 05:15:00,FX:XAUUSD,4337.91,4338.34,4337.23,4337.74,534.0
2026-09-11 05:16:00,FX:XAUUSD,4337.74,4338.26,4336.24,4336.24,527.0
2026-09-11 05:17:00,FX:XAUUSD,4336.24,4336.26,4334.84,4335.22,433.0
2026-09-11 05:18:00,FX:XAUUSD,4335.22,4338.66,4334.78,4338.6,717.0
2026-09-11 05:19:00,FX:XAUUSD,4338.6,4339.3,4338.21,4338.21,451.0
2026-09-11 05:20:00,FX:XAUUSD,4338.21,4339.17,4336.52,4336.59,414.0
2026-09-11 05:21:00,FX:XAUUSD,4336.59,4336.77,4335.53,4336.39,434.0
2026-09-11 05:22:00,FX:XAUUSD,4336.39,4336.81,4336.01,4336.74,314.0
2026-09-11 05:23:00,FX:XAUUSD,4336.74,4337.63,4336.74,4337.4,337.0
2026-09-11 05:24:00,FX:XAUUSD,4337.4,4337.45,4336.0,4336.48,503.0
2026-09-11 05:25:00,FX:XAUUSD,4336.48,4336.54,4334.41,4334.45,522.0
2026-09-11 05:26:00,FX:XAUUSD,4334.45,4334.92,4333.32,4334.44,658.0
2026-09-11 05:27:00,FX:XAUUSD,4334.44,4334.98,4334.04,4334.7,384.0
2026-09-11 05:28:00,FX:XAUUSD,4334.7,4334.7,4333.46,4333.75,385.0
2026-09-11 05:29:00,FX:XAUUSD,4333.75,4334.72,4333.67,4334.51,552.0
2026-09-11 05:30:00,FX:XAUUSD,4334.51,4338.44,4333.7,4336.86,2723.0
2026-09-11 05:31:00,FX:XAUUSD,4336.86,4339.8,4336.52,4338.17,1496.0
2026-09-11 05:32:00,FX:XAUUSD,4338.17,4339.88,4336.44,4336.81,1231.0
2026-09-11 05:33:00,FX:XAUUSD,4336.81,4338.07,4334.92,4337.36,1232.0
2026-09-11 05:34:00,FX:XAUUSD,4337.36,4340.85,4337.36,4338.31,1101.0
2026-09-11 05:35:00,FX:XAUUSD,4338.31,4339.56,4338.08,4338.53,1056.0
2026-09-11 05:36:00,FX:XAUUSD,4338.53,4339.26,4336.24,4338.48,1057.0
2026-09-11 05:37:00,FX:XAUUSD,4338.48,4339.95,4337.9,4338.14,938.0
2026-09-11 05:38:00,FX:XAUUSD,4338.14,4339.57,4336.9,4337.0,724.0
2026-09-11 05:39:00,FX:XAUUSD,4337.0,4339.15,4336.83,4338.42,935.0
2026-09-11 05:40:00,FX:XAUUSD,4338.42,4338.42,4335.08,4335.46,819.0
2026-09-11 05:41:00,FX:XAUUSD,4335.46,4335.75,4334.1,4335.69,899.0
2026-09-11 05:42:00,FX:XAUUSD,4335.69,4339.54,4335.36,4339.42,1040.0
2026-09-11 05:43:00,FX:XAUUSD,4339.42,4341.01,4338.13,4340.74,1021.0
2026-09-11 05:44:00,FX:XAUUSD,4340.74,4342.92,4340.44,4342.83,807.0
2026-09-11 05:45:00,FX:XAUUSD,4342.83,4343.4,4339.69,4341.84,1006.0
2026-09-11 05:46:00,FX:XAUUSD,4341.84,4345.43,4341.67,4345.28,901.0
2026-09-11 05:47:00,FX:XAUUSD,4345.28,4346.93,4343.69,4346.08,905.0
2026-09-11 05:48:00,FX:XAUUSD,4346.08,4346.71,4343.88,4343.88,725.0
2026-09-11 05:49:00,FX:XAUUSD,4343.88,4345.73,4343.88,4344.97,692.0
2026-09-11 05:50:00,FX:XAUUSD,4344.97,4345.34,4343.11,4344.45,594.0
2026-09-11 05:51:00,FX:XAUUSD,4344.45,4346.03,4344.18,4346.01,846.0
2026-09-11 05:52:00,FX:XAUUSD,4346.01,4346.59,4344.51,4345.82,759.0
2026-09-11 05:53:00,FX:XAUUSD,4345.82,4347.66,4343.95,4344.58,906.0
2026-09-11 05:54:00,FX:XAUUSD,4344.58,4347.96,4344.4,4347.96,719.0
2026-09-11 05:55:00,FX:XAUUSD,4347.96,4350.6,4347.34,4350.37,621.0
2026-09-11 05:56:00,FX:XAUUSD,4350.37,4351.97,4348.96,4348.99,648.0
2026-09-11 05:57:00,FX:XAUUSD,4348.99,4349.47,4347.45,4349.44,829.0
2026-09-11 05:58:00,FX:XAUUSD,4349.44,4349.44,4345.94,4345.94,780.0
2026-09-11 05:59:00,FX:XAUUSD,4345.94,4346.78,4345.54,4345.61,586.0
2026-09-11 06:00:00,FX:XAUUSD,4345.61,4349.4,4345.61,4349.4,1254.0
2026-09-11 06:01:00,FX:XAUUSD,4349.4,4350.75,4348.85,4349.75,939.0
2026-09-11 06:02:00,FX:XAUUSD,4349.75,4356.03,4349.75,4353.76,1060.0
2026-09-11 06:03:00,FX:XAUUSD,4353.76,4354.36,4352.97,4353.18,825.0
2026-09-11 06:04:00,FX:XAUUSD,4353.18,4353.89,4351.92,4353.86,949.0
2026-09-11 06:05:00,FX:XAUUSD,4353.86,4355.35,4352.17,4352.28,752.0
2026-09-11 06:06:00,FX:XAUUSD,4352.28,4355.12,4351.72,4354.58,794.0
2026-09-11 06:07:00,FX:XAUUSD,4354.58,4357.68,4354.58,4357.62,707.0
2026-09-11 06:08:00,FX:XAUUSD,4357.62,4359.15,4357.49,4357.72,871.0
2026-09-11 06:09:00,FX:XAUUSD,4357.72,4357.74,4355.45,4355.68,646.0
2026-09-11 06:10:00,FX:XAUUSD,4355.68,4356.26,4354.49,4354.87,549.0
2026-09-11 06:11:00,FX:XAUUSD,4354.87,4356.69,4354.57,4355.73,730.0
2026-09-11 06:12:00,FX:XAUUSD,4355.73,4357.8,4354.43,4355.19,750.0
2026-09-11 06:13:00,FX:XAUUSD,4355.19,4359.49,4355.17,4358.46,858.0
2026-09-11 06:14:00,FX:XAUUSD,4358.46,4360.77,4357.68,4358.97,1412.0
2026-09-11 06:15:00,FX:XAUUSD,4358.97,4360.4,4358.88,4359.5,807.0
2026-09-11 06:16:00,FX:XAUUSD,4359.5,4360.05,4357.94,4358.08,935.0
2026-09-11 06:17:00,FX:XAUUSD,4358.08,4358.59,4356.61,4357.44,642.0
2026-09-11 06:18:00,FX:XAUUSD,4357.44,4358.09,4356.44,4356.72,814.0
2026-09-11 06:19:00,FX:XAUUSD,4356.72,4358.83,4356.48,4358.83,603.0
2026-09-11 06:20:00,FX:XAUUSD,4358.83,4358.97,4357.12,4357.12,613.0
2026-09-11 06:21:00,FX:XAUUSD,4357.12,4357.18,4354.29,4354.95,891.0
2026-09-11 06:22:00,FX:XAUUSD,4354.95,4355.49,4353.32,4353.51,869.0
2026-09-11 06:23:00,FX:XAUUSD,4353.51,4354.97,4352.96,4353.34,696.0
2026-09-11 06:24:00,FX:XAUUSD,4353.34,4354.22,4352.54,4352.54,730.0
2026-09-11 06:25:00,FX:XAUUSD,4352.54,4353.15,4352.07,4352.26,625.0
2026-09-11 06:26:00,FX:XAUUSD,4352.26,4352.55,4351.36,4352.43,584.0
2026-09-11 06:27:00,FX:XAUUSD,4352.43,4353.66,4351.82,4351.85,515.0
2026-09-11 06:28:00,FX:XAUUSD,4351.85,4352.69,4351.29,4351.95,608.0
2026-09-11 06:29:00,FX:XAUUSD,4351.95,4353.01,4351.56,4351.57,525.0
2026-09-11 06:30:00,FX:XAUUSD,4351.57,4352.53,4349.81,4351.06,692.0
2026-09-11 06:31:00,FX:XAUUSD,4351.06,4352.23,4351.06,4351.45,636.0
2026-09-11 06:32:00,FX:XAUUSD,4351.45,4352.13,4350.33,4350.54,746.0
2026-09-11 06:33:00,FX:XAUUSD,4350.54,4350.67,4347.76,4347.76,748.0
2026-09-11 06:34:00,FX:XAUUSD,4347.76,4347.77,4347.01,4347.08,764.0
2026-09-11 06:35:00,FX:XAUUSD,4347.08,4349.01,4347.08,4348.99,640.0
2026-09-11 06:36:00,FX:XAUUSD,4348.99,4350.92,4348.81,4350.8,774.0
2026-09-11 06:37:00,FX:XAUUSD,4350.8,4352.03,4349.38,4349.89,910.0
2026-09-11 06:38:00,FX:XAUUSD,4349.89,4352.11,4349.84,4351.34,573.0
2026-09-11 06:39:00,FX:XAUUSD,4351.34,4352.86,4351.29,4352.17,616.0
2026-09-11 06:40:00,FX:XAUUSD,4352.17,4353.3,4351.74,4352.61,563.0
2026-09-11 06:41:00,FX:XAUUSD,4352.61,4353.94,4352.27,4353.89,661.0
2026-09-11 06:42:00,FX:XAUUSD,4353.89,4353.96,4350.49,4350.71,699.0
2026-09-11 06:43:00,FX:XAUUSD,4350.71,4350.8,4349.12,4349.74,631.0
2026-09-11 06:44:00,FX:XAUUSD,4349.74,4350.9,4349.38,4350.52,611.0
2026-09-11 06:45:00,FX:XAUUSD,4350.52,4351.88,4349.39,4350.3,805.0
2026-09-11 06:46:00,FX:XAUUSD,4350.3,4351.54,4349.49,4351.44,558.0
2026-09-11 06:47:00,FX:XAUUSD,4351.44,4353.15,4350.81,4353.06,718.0
2026-09-11 06:48:00,FX:XAUUSD,4353.06,4355.3,4352.98,4353.76,586.0
2026-09-11 06:49:00,FX:XAUUSD,4353.76,4354.37,4351.72,4351.76,573.0
2026-09-11 06:50:00,FX:XAUUSD,4351.76,4351.92,4350.77,4350.98,622.0
2026-09-11 06:51:00,FX:XAUUSD,4350.98,4351.05,4349.9,4350.67,503.0
2026-09-11 06:52:00,FX:XAUUSD,4350.67,4351.26,4349.44,4351.26,617.0
2026-09-11 06:53:00,FX:XAUUSD,4351.26,4352.12,4350.37,4351.73,367.0
2026-09-11 06:54:00,FX:XAUUSD,4351.73,4353.2,4351.46,4353.14,599.0
2026-09-11 06:55:00,FX:XAUUSD,4353.14,4353.36,4351.15,4351.51,598.0
2026-09-11 06:56:00,FX:XAUUSD,4351.51,4351.94,4350.72,4351.02,485.0
2026-09-11 06:57:00,FX:XAUUSD,4351.02,4352.94,4351.01,4352.59,456.0
2026-09-11 06:58:00,FX:XAUUSD,4352.59,4352.7,4351.81,4352.41,558.0
2026-09-11 06:59:00,FX:XAUUSD,4352.41,4354.01,4352.14,4353.15,565.0
2026-09-11 07:00:00,FX:XAUUSD,4353.15,4356.19,4352.04,4355.94,898.0
2026-09-11 07:01:00,FX:XAUUSD,4355.94,4356.05,4353.92,4353.93,926.0
2026-09-11 07:02:00,FX:XAUUSD,4353.93,4353.96,4352.62,4353.15,831.0
2026-09-11 07:03:00,FX:XAUUSD,4353.15,4354.05,4352.81,4353.01,624.0
2026-09-11 07:04:00,FX:XAUUSD,4353.01,4354.74,4352.4,4354.74,651.0
2026-09-11 07:05:00,FX:XAUUSD,4354.74,4355.96,4353.56,4355.09,613.0
2026-09-11 07:06:00,FX:XAUUSD,4355.09,4355.7,4352.94,4353.11,557.0
2026-09-11 07:07:00,FX:XAUUSD,4353.11,4353.48,4352.36,4353.26,541.0
2026-09-11 07:08:00,FX:XAUUSD,4353.26,4353.26,4350.43,4350.43,551.0
2026-09-11 07:09:00,FX:XAUUSD,4350.43,4351.09,4349.76,4350.7,519.0
2026-09-11 07:10:00,FX:XAUUSD,4350.7,4354.14,4350.5,4353.73,499.0
2026-09-11 07:11:00,FX:XAUUSD,4353.73,4354.07,4352.98,4354.06,386.0
2026-09-11 07:12:00,FX:XAUUSD,4354.06,4354.18,4352.91,4354.15,408.0
2026-09-11 07:13:00,FX:XAUUSD,4354.15,4355.3,4352.15,4352.43,425.0
2026-09-11 07:14:00,FX:XAUUSD,4352.43,4352.88,4351.26,4351.37,351.0
2026-09-11 07:15:00,FX:XAUUSD,4351.37,4352.22,4350.64,4351.04,611.0
2026-09-11 07:16:00,FX:XAUUSD,4351.04,4351.83,4350.0,4350.92,617.0
2026-09-11 07:17:00,FX:XAUUSD,4350.92,4352.06,4350.39,4351.72,487.0
2026-09-11 07:18:00,FX:XAUUSD,4351.72,4352.21,4350.36,4350.85,563.0
2026-09-11 07:19:00,FX:XAUUSD,4350.85,4352.0,4350.37,4350.64,653.0
2026-09-11 07:20:00,FX:XAUUSD,4350.64,4350.98,4349.28,4350.68,565.0
2026-09-11 07:21:00,FX:XAUUSD,4350.68,4351.69,4350.44,4350.71,376.0
2026-09-11 07:22:00,FX:XAUUSD,4350.71,4350.72,4348.27,4348.41,488.0
2026-09-11 07:23:00,FX:XAUUSD,4348.41,4350.79,4347.8,4350.79,444.0
2026-09-11 07:24:00,FX:XAUUSD,4350.79,4352.32,4349.52,4349.84,477.0
2026-09-11 07:25:00,FX:XAUUSD,4349.84,4349.84,4348.37,4348.69,471.0
2026-09-11 07:26:00,FX:XAUUSD,4348.69,4348.78,4347.25,4347.51,583.0
2026-09-11 07:27:00,FX:XAUUSD,4347.51,4348.75,4347.51,4348.05,425.0
2026-09-11 07:28:00,FX:XAUUSD,4348.05,4348.52,4346.32,4347.74,570.0
2026-09-11 07:29:00,FX:XAUUSD,4347.74,4347.84,4345.92,4346.26,485.0
2026-09-11 07:30:00,FX:XAUUSD,4346.26,4346.56,4345.46,4346.35,545.0
2026-09-11 07:31:00,FX:XAUUSD,4346.35,4346.92,4345.8,4346.79,489.0
2026-09-11 07:32:00,FX:XAUUSD,4346.79,4347.73,4345.73,4346.93,425.0
2026-09-11 07:33:00,FX:XAUUSD,4346.93,4346.95,4345.7,4345.76,456.0
2026-09-11 07:34:00,FX:XAUUSD,4345.76,4345.78,4344.32,4344.98,516.0
2026-09-11 07:35:00,FX:XAUUSD,4344.98,4346.08,4344.69,4344.94,537.0
2026-09-11 07:36:00,FX:XAUUSD,4344.94,4345.0,4344.08,4344.65,341.0
2026-09-11 07:37:00,FX:XAUUSD,4344.65,4345.01,4343.95,4344.08,374.0
2026-09-11 07:38:00,FX:XAUUSD,4344.08,4344.71,4343.23,4343.52,426.0
2026-09-11 07:39:00,FX:XAUUSD,4343.52,4344.25,4343.32,4343.65,297.0
2026-09-11 07:40:00,FX:XAUUSD,4343.65,4344.12,4343.15,4343.53,337.0
2026-09-11 07:41:00,FX:XAUUSD,4343.53,4345.56,4343.27,4344.35,648.0
2026-09-11 07:42:00,FX:XAUUSD,4344.35,4344.95,4343.71,4344.37,489.0
2026-09-11 07:43:00,FX:XAUUSD,4344.37,4346.17,4343.96,4345.9,470.0
2026-09-11 07:44:00,FX:XAUUSD,4345.9,4346.37,4344.33,4345.06,458.0
2026-09-11 07:45:00,FX:XAUUSD,4345.06,4345.06,4343.91,4344.33,555.0
2026-09-11 07:46:00,FX:XAUUSD,4344.33,4344.96,4343.16,4343.4,500.0
2026-09-11 07:47:00,FX:XAUUSD,4343.4,4343.4,4342.41,4343.09,464.0
2026-09-11 07:48:00,FX:XAUUSD,4343.09,4343.37,4342.68,4343.07,324.0
2026-09-11 07:49:00,FX:XAUUSD,4343.07,4343.37,4342.08,4342.43,337.0
2026-09-11 07:50:00,FX:XAUUSD,4342.43,4342.92,4341.94,4342.52,466.0
2026-09-11 07:51:00,FX:XAUUSD,4342.52,4342.52,4340.65,4340.67,379.0
2026-09-11 07:52:00,FX:XAUUSD,4340.67,4343.08,4340.44,4343.01,479.0
2026-09-11 07:53:00,FX:XAUUSD,4343.01,4343.01,4341.52,4342.13,356.0
2026-09-11 07:54:00,FX:XAUUSD,4342.13,4342.81,4341.84,4342.54,362.0
2026-09-11 07:55:00,FX:XAUUSD,4342.54,4344.46,4342.54,4343.26,475.0
2026-09-11 07:56:00,FX:XAUUSD,4343.26,4344.83,4342.84,4343.95,433.0
2026-09-11 07:57:00,FX:XAUUSD,4343.95,4344.85,4343.78,4344.09,509.0
2026-09-11 07:58:00,FX:XAUUSD,4344.09,4345.01,4343.28,4345.01,318.0
2026-09-11 07:59:00,FX:XAUUSD,4345.01,4345.15,4343.85,4344.87,470.0
2026-09-11 08:00:00,FX:XAUUSD,4344.87,4347.17,4344.87,4346.44,976.0
2026-09-11 08:01:00,FX:XAUUSD,4346.44,4346.73,4344.4,4345.58,767.0
2026-09-11 08:02:00,FX:XAUUSD,4345.58,4347.22,4344.06,4344.06,645.0
2026-09-11 08:03:00,FX:XAUUSD,4344.06,4344.81,4342.56,4343.11,698.0
2026-09-11 08:04:00,FX:XAUUSD,4343.11,4344.62,4342.74,4344.37,605.0
2026-09-11 08:05:00,FX:XAUUSD,4344.37,4345.06,4343.53,4344.41,562.0
2026-09-11 08:06:00,FX:XAUUSD,4344.41,4346.82,4344.41,4346.63,587.0
2026-09-11 08:07:00,FX:XAUUSD,4346.63,4348.66,4346.44,4347.12,496.0
2026-09-11 08:08:00,FX:XAUUSD,4347.12,4347.19,4345.29,4347.0,600.0
2026-09-11 08:09:00,FX:XAUUSD,4347.0,4347.55,4344.23,4345.09,659.0
2026-09-11 08:10:00,FX:XAUUSD,4345.09,4347.45,4345.09,4347.15,492.0
2026-09-11 08:11:00,FX:XAUUSD,4347.15,4348.12,4342.21,4343.94,1747.0
2026-09-11 08:12:00,FX:XAUUSD,4343.94,4346.02,4343.73,4345.69,599.0
2026-09-11 08:13:00,FX:XAUUSD,4345.69,4349.01,4345.65,4348.68,594.0
2026-09-11 08:14:00,FX:XAUUSD,4348.68,4349.32,4346.76,4347.38,640.0
2026-09-11 08:15:00,FX:XAUUSD,4347.38,4347.96,4346.5,4346.87,726.0
2026-09-11 08:16:00,FX:XAUUSD,4346.87,4348.4,4345.94,4348.28,893.0
2026-09-11 08:17:00,FX:XAUUSD,4348.28,4350.24,4348.17,4348.94,783.0
2026-09-11 08:18:00,FX:XAUUSD,4348.94,4350.23,4348.75,4349.9,706.0
2026-09-11 08:19:00,FX:XAUUSD,4349.9,4349.9,4346.7,4346.84,932.0
2026-09-11 08:20:00,FX:XAUUSD,4346.84,4346.93,4344.58,4344.72,755.0
2026-09-11 08:21:00,FX:XAUUSD,4344.72,4345.38,4343.51,4345.38,599.0
2026-09-11 08:22:00,FX:XAUUSD,4345.38,4345.91,4344.87,4345.91,483.0
2026-09-11 08:23:00,FX:XAUUSD,4345.91,4347.98,4345.73,4347.9,818.0
2026-09-11 08:24:00,FX:XAUUSD,4347.9,4357.31,4347.73,4352.35,2239.0
2026-09-11 08:25:00,FX:XAUUSD,4352.35,4354.31,4350.78,4353.37,1149.0
2026-09-11 08:26:00,FX:XAUUSD,4353.37,4354.72,4351.44,4351.76,1009.0
2026-09-11 08:27:00,FX:XAUUSD,4351.76,4351.83,4349.09,4349.32,652.0
2026-09-11 08:28:00,FX:XAUUSD,4349.32,4351.29,4349.18,4350.76,837.0
2026-09-11 08:29:00,FX:XAUUSD,4350.76,4352.46,4350.37,4351.59,847.0
2026-09-11 08:30:00,FX:XAUUSD,4351.59,4355.2,4351.14,4354.57,1249.0
2026-09-11 08:31:00,FX:XAUUSD,4354.57,4355.13,4353.84,4354.34,827.0
2026-09-11 08:32:00,FX:XAUUSD,4354.34,4355.85,4353.79,4354.47,790.0
2026-09-11 08:33:00,FX:XAUUSD,4354.47,4354.85,4353.74,4354.0,614.0
2026-09-11 08:34:00,FX:XAUUSD,4354.0,4354.05,4352.24,4352.6,433.0
2026-09-11 08:35:00,FX:XAUUSD,4352.6,4353.06,4351.11,4352.14,658.0
2026-09-11 08:36:00,FX:XAUUSD,4352.14,4353.6,4351.9,4353.11,652.0
2026-09-11 08:37:00,FX:XAUUSD,4353.11,4353.63,4352.43,4353.14,470.0
2026-09-11 08:38:00,FX:XAUUSD,4353.14,4355.3,4353.1,4355.27,555.0
2026-09-11 08:39:00,FX:XAUUSD,4355.27,4355.98,4354.0,4354.18,527.0
2026-09-11 08:40:00,FX:XAUUSD,4354.18,4355.9,4353.7,4355.68,550.0
2026-09-11 08:41:00,FX:XAUUSD,4355.68,4356.68,4354.99,4356.26,447.0
2026-09-11 08:42:00,FX:XAUUSD,4356.26,4356.55,4354.97,4355.47,554.0
2026-09-11 08:43:00,FX:XAUUSD,4355.47,4355.91,4352.02,4352.63,485.0
2026-09-11 08:44:00,FX:XAUUSD,4352.63,4353.07,4352.51,4352.51,252.0
2026-09-11 08:45:00,FX:XAUUSD,4352.51,4353.3,4352.09,4352.84,439.0
2026-09-11 08:46:00,FX:XAUUSD,4352.84,4355.11,4352.5,4353.59,603.0
2026-09-11 08:47:00,FX:XAUUSD,4353.59,4353.59,4352.07,4352.1,457.0
2026-09-11 08:48:00,FX:XAUUSD,4352.1,4353.87,4352.05,4352.91,586.0
2026-09-11 08:49:00,FX:XAUUSD,4352.91,4353.83,4352.22,4352.85,463.0
2026-09-11 08:50:00,FX:XAUUSD,4352.85,4353.08,4349.41,4350.76,655.0
2026-09-11 08:51:00,FX:XAUUSD,4350.76,4351.58,4350.23,4351.01,507.0
2026-09-11 08:52:00,FX:XAUUSD,4351.01,4351.76,4350.76,4351.34,385.0
2026-09-11 08:53:00,FX:XAUUSD,4351.34,4352.41,4350.82,4352.41,420.0
2026-09-11 08:54:00,FX:XAUUSD,4352.41,4352.73,4350.88,4350.89,469.0
2026-09-11 08:55:00,FX:XAUUSD,4350.89,4350.89,4347.93,4348.16,517.0
2026-09-11 08:56:00,FX:XAUUSD,4348.16,4349.56,4347.96,4348.8,438.0
2026-09-11 08:57:00,FX:XAUUSD,4348.8,4349.12,4345.8,4346.04,738.0
2026-09-11 08:58:00,FX:XAUUSD,4346.04,4346.68,4346.0,4346.68,495.0
2026-09-11 08:59:00,FX:XAUUSD,4346.68,4347.14,4345.51,4346.99,498.0
2026-09-11 09:00:00,FX:XAUUSD,4346.99,4351.17,4346.99,4350.8,855.0
2026-09-11 09:01:00,FX:XAUUSD,4350.8,4353.98,4350.71,4353.16,832.0
2026-09-11 09:02:00,FX:XAUUSD,4353.16,4353.16,4350.4,4350.47,539.0
2026-09-11 09:03:00,FX:XAUUSD,4350.47,4350.68,4349.2,4349.42,521.0
2026-09-11 09:04:00,FX:XAUUSD,4349.42,4350.29,4348.31,4348.45,476.0
2026-09-11 09:05:00,FX:XAUUSD,4348.45,4348.75,4347.98,4348.51,393.0
2026-09-11 09:06:00,FX:XAUUSD,4348.51,4348.53,4347.78,4348.39,423.0
2026-09-11 09:07:00,FX:XAUUSD,4348.39,4348.42,4347.73,4347.79,324.0
2026-09-11 09:08:00,FX:XAUUSD,4347.79,4348.04,4346.51,4346.75,388.0
2026-09-11 09:09:00,FX:XAUUSD,4346.75,4346.86,4344.44,4344.72,404.0
2026-09-11 09:10:00,FX:XAUUSD,4344.72,4344.96,4343.48,4344.47,460.0
2026-09-11 09:11:00,FX:XAUUSD,4344.47,4344.84,4343.33,4344.04,455.0
2026-09-11 09:12:00,FX:XAUUSD,4344.04,4344.65,4343.92,4344.65,301.0
2026-09-11 09:13:00,FX:XAUUSD,4344.65,4345.69,4344.18,4344.78,400.0
2026-09-11 09:14:00,FX:XAUUSD,4344.78,4345.01,4342.34,4342.34,397.0
2026-09-11 09:15:00,FX:XAUUSD,4342.34,4343.1,4341.74,4342.7,535.0
2026-09-11 09:16:00,FX:XAUUSD,4342.7,4343.63,4342.7,4343.27,345.0
2026-09-11 09:17:00,FX:XAUUSD,4343.27,4343.35,4342.77,4343.35,258.0
2026-09-11 09:18:00,FX:XAUUSD,4343.35,4343.75,4342.7,4343.59,282.0
2026-09-11 09:19:00,FX:XAUUSD,4343.59,4345.28,4343.59,4345.26,372.0
2026-09-11 09:20:00,FX:XAUUSD,4345.26,4346.13,4344.33,4345.64,418.0
2026-09-11 09:21:00,FX:XAUUSD,4345.64,4345.9,4344.61,4345.9,504.0
2026-09-11 09:22:00,FX:XAUUSD,4345.9,4345.94,4344.97,4345.6,341.0
2026-09-11 09:23:00,FX:XAUUSD,4345.6,4346.14,4345.11,4345.56,373.0
2026-09-11 09:24:00,FX:XAUUSD,4345.56,4345.56,4343.43,4344.47,444.0
2026-09-11 09:25:00,FX:XAUUSD,4344.47,4345.13,4343.81,4344.99,312.0
2026-09-11 09:26:00,FX:XAUUSD,4344.99,4345.66,4344.97,4345.41,263.0
2026-09-11 09:27:00,FX:XAUUSD,4345.41,4345.6,4343.9,4344.0,245.0
2026-09-11 09:28:00,FX:XAUUSD,4344.0,4345.71,4343.58,4344.86,436.0
2026-09-11 09:29:00,FX:XAUUSD,4344.86,4345.24,4343.33,4343.64,458.0
2026-09-11 09:30:00,FX:XAUUSD,4343.64,4344.76,4342.24,4342.95,447.0
2026-09-11 09:31:00,FX:XAUUSD,4342.95,4342.95,4341.53,4341.56,355.0
2026-09-11 09:32:00,FX:XAUUSD,4341.56,4343.49,4341.31,4343.04,707.0
2026-09-11 09:33:00,FX:XAUUSD,4343.04,4345.08,4342.74,4342.79,449.0
2026-09-11 09:34:00,FX:XAUUSD,4342.79,4343.8,4341.57,4342.24,371.0
2026-09-11 09:35:00,FX:XAUUSD,4342.24,4342.99,4342.07,4342.98,341.0
2026-09-11 09:36:00,FX:XAUUSD,4342.98,4344.31,4342.6,4344.0,429.0
2026-09-11 09:37:00,FX:XAUUSD,4344.0,4344.39,4343.77,4343.85,383.0
2026-09-11 09:38:00,FX:XAUUSD,4343.85,4344.1,4342.44,4342.63,350.0
2026-09-11 09:39:00,FX:XAUUSD,4342.63,4343.12,4342.08,4342.16,343.0
2026-09-11 09:40:00,FX:XAUUSD,4342.16,4343.08,4340.78,4343.08,449.0
2026-09-11 09:41:00,FX:XAUUSD,4343.08,4343.39,4341.81,4341.81,309.0
2026-09-11 09:42:00,FX:XAUUSD,4341.81,4342.6,4341.45,4342.03,316.0
2026-09-11 09:43:00,FX:XAUUSD,4342.03,4343.05,4341.94,4343.04,220.0
2026-09-11 09:44:00,FX:XAUUSD,4343.04,4343.6,4342.89,4343.35,271.0
2026-09-11 09:45:00,FX:XAUUSD,4343.35,4343.8,4342.55,4342.94,302.0
2026-09-11 09:46:00,FX:XAUUSD,4342.94,4343.31,4342.92,4343.3,356.0
2026-09-11 09:47:00,FX:XAUUSD,4343.3,4343.67,4342.76,4343.17,312.0
2026-09-11 09:48:00,FX:XAUUSD,4343.17,4343.76,4342.35,4343.71,253.0
2026-09-11 09:49:00,FX:XAUUSD,4343.71,4343.82,4343.14,4343.39,234.0
2026-09-11 09:50:00,FX:XAUUSD,4343.39,4344.36,4342.68,4343.2,465.0
2026-09-11 09:51:00,FX:XAUUSD,4343.2,4344.28,4343.11,4343.28,404.0
2026-09-11 09:52:00,FX:XAUUSD,4343.28,4344.63,4343.07,4344.18,366.0
2026-09-11 09:53:00,FX:XAUUSD,4344.18,4344.36,4343.17,4343.76,327.0
2026-09-11 09:54:00,FX:XAUUSD,4343.76,4344.25,4343.68,4343.8,261.0
2026-09-11 09:55:00,FX:XAUUSD,4343.8,4344.82,4343.76,4344.38,361.0
2026-09-11 09:56:00,FX:XAUUSD,4344.38,4344.52,4343.19,4343.52,573.0
2026-09-11 09:57:00,FX:XAUUSD,4343.52,4343.91,4342.69,4343.79,332.0
2026-09-11 09:58:00,FX:XAUUSD,4343.79,4347.08,4343.65,4346.7,551.0
2026-09-11 09:59:00,FX:XAUUSD,4346.7,4347.64,4346.12,4346.23,459.0
2026-09-11 10:00:00,FX:XAUUSD,4346.23,4348.03,4346.02,4347.13,716.0
2026-09-11 10:01:00,FX:XAUUSD,4347.13,4348.56,4347.13,4348.56,411.0
2026-09-11 10:02:00,FX:XAUUSD,4348.56,4348.56,4341.47,4348.19,2399.0
2026-09-11 10:03:00,FX:XAUUSD,4348.19,4348.19,4346.08,4347.24,825.0
2026-09-11 10:04:00,FX:XAUUSD,4347.24,4349.17,4346.91,4349.02,554.0
2026-09-11 10:05:00,FX:XAUUSD,4349.02,4349.77,4348.37,4349.04,511.0
2026-09-11 10:06:00,FX:XAUUSD,4349.04,4349.15,4346.99,4346.99,380.0
2026-09-11 10:07:00,FX:XAUUSD,4346.99,4347.82,4346.54,4347.73,338.0
2026-09-11 10:08:00,FX:XAUUSD,4347.73,4347.88,4346.14,4346.8,386.0
2026-09-11 10:09:00,FX:XAUUSD,4346.8,4346.84,4344.92,4345.65,306.0
2026-09-11 10:10:00,FX:XAUUSD,4345.65,4346.98,4343.52,4346.91,442.0
2026-09-11 10:11:00,FX:XAUUSD,4346.91,4347.75,4345.79,4346.12,390.0
2026-09-11 10:12:00,FX:XAUUSD,4346.12,4346.49,4345.81,4345.99,262.0
2026-09-11 10:13:00,FX:XAUUSD,4345.99,4346.42,4344.83,4345.63,374.0
2026-09-11 10:14:00,FX:XAUUSD,4345.63,4346.47,4345.42,4346.19,283.0
2026-09-11 10:15:00,FX:XAUUSD,4346.19,4347.6,4345.71,4346.31,371.0
2026-09-11 10:16:00,FX:XAUUSD,4346.31,4347.51,4346.1,4346.67,443.0
2026-09-11 10:17:00,FX:XAUUSD,4346.67,4347.05,4346.03,4346.48,414.0
2026-09-11 10:18:00,FX:XAUUSD,4346.48,4347.81,4346.23,4347.81,355.0
2026-09-11 10:19:00,FX:XAUUSD,4347.81,4349.67,4347.58,4349.08,439.0
2026-09-11 10:20:00,FX:XAUUSD,4349.08,4349.82,4348.05,4348.13,395.0
2026-09-11 10:21:00,FX:XAUUSD,4348.13,4348.48,4346.17,4346.84,335.0
2026-09-11 10:22:00,FX:XAUUSD,4346.84,4347.56,4346.12,4347.22,706.0
2026-09-11 10:23:00,FX:XAUUSD,4347.22,4348.49,4345.85,4346.03,518.0
2026-09-11 10:24:00,FX:XAUUSD,4346.03,4348.44,4346.03,4348.44,462.0
2026-09-11 10:25:00,FX:XAUUSD,4348.44,4349.88,4347.98,4349.66,433.0
2026-09-11 10:26:00,FX:XAUUSD,4349.66,4349.69,4348.02,4348.09,441.0
2026-09-11 10:27:00,FX:XAUUSD,4348.09,4348.88,4347.55,4347.75,363.0
2026-09-11 10:28:00,FX:XAUUSD,4347.75,4348.47,4346.96,4347.37,329.0
2026-09-11 10:29:00,FX:XAUUSD,4347.37,4349.36,4347.32,4349.12,390.0
2026-09-11 10:30:00,FX:XAUUSD,4349.12,4349.63,4347.33,4347.56,598.0
2026-09-11 10:31:00,FX:XAUUSD,4347.56,4348.84,4347.27,4347.3,399.0
2026-09-11 10:32:00,FX:XAUUSD,4347.3,4349.43,4347.18,4349.13,500.0
2026-09-11 10:33:00,FX:XAUUSD,4349.13,4349.28,4347.22,4347.3,499.0
2026-09-11 10:34:00,FX:XAUUSD,4347.3,4349.17,4347.3,4349.07,378.0
2026-09-11 10:35:00,FX:XAUUSD,4349.07,4349.07,4348.14,4348.31,549.0
2026-09-11 10:36:00,FX:XAUUSD,4348.31,4348.7,4346.57,4347.04,412.0
2026-09-11 10:37:00,FX:XAUUSD,4347.04,4347.15,4344.3,4344.34,443.0
2026-09-11 10:38:00,FX:XAUUSD,4344.34,4345.82,4344.11,4345.81,323.0
2026-09-11 10:39:00,FX:XAUUSD,4345.81,4346.8,4345.36,4346.6,293.0
2026-09-11 10:40:00,FX:XAUUSD,4346.6,4346.6,4344.23,4344.52,405.0
2026-09-11 10:41:00,FX:XAUUSD,4344.52,4345.19,4343.68,4344.36,423.0
2026-09-11 10:42:00,FX:XAUUSD,4344.36,4345.61,4344.36,4345.61,327.0
2026-09-11 10:43:00,FX:XAUUSD,4345.61,4346.2,4344.95,4346.16,395.0
2026-09-11 10:44:00,FX:XAUUSD,4346.16,4346.34,4344.79,4345.1,420.0
2026-09-11 10:45:00,FX:XAUUSD,4345.1,4345.38,4343.11,4343.54,461.0
2026-09-11 10:46:00,FX:XAUUSD,4343.54,4343.59,4342.49,4342.66,435.0
2026-09-11 10:47:00,FX:XAUUSD,4342.66,4343.56,4342.37,4342.81,366.0
2026-09-11 10:48:00,FX:XAUUSD,4342.81,4343.12,4342.3,4342.46,313.0
2026-09-11 10:49:00,FX:XAUUSD,4342.46,4343.42,4341.6,4341.66,336.0
2026-09-11 10:50:00,FX:XAUUSD,4341.66,4342.41,4340.49,4341.94,417.0
2026-09-11 10:51:00,FX:XAUUSD,4341.94,4342.46,4341.45,4342.46,356.0
2026-09-11 10:52:00,FX:XAUUSD,4342.46,4342.46,4341.2,4341.62,246.0
2026-09-11 10:53:00,FX:XAUUSD,4341.62,4341.85,4340.54,4340.74,338.0
2026-09-11 10:54:00,FX:XAUUSD,4340.74,4341.24,4339.69,4340.57,388.0
2026-09-11 10:55:00,FX:XAUUSD,4340.57,4340.84,4339.54,4340.13,323.0
2026-09-11 10:56:00,FX:XAUUSD,4340.13,4340.22,4338.23,4338.27,453.0
2026-09-11 10:57:00,FX:XAUUSD,4338.27,4338.61,4337.59,4337.74,442.0
2026-09-11 10:58:00,FX:XAUUSD,4337.74,4338.49,4337.22,4337.5,342.0
2026-09-11 10:59:00,FX:XAUUSD,4337.5,4338.33,4336.67,4337.47,383.0
2026-09-11 11:00:00,FX:XAUUSD,4337.47,4340.42,4337.35,4340.03,823.0
2026-09-11 11:01:00,FX:XAUUSD,4340.03,4340.53,4339.16,4339.52,782.0
2026-09-11 11:02:00,FX:XAUUSD,4339.52,4339.96,4338.61,4339.49,576.0
2026-09-11 11:03:00,FX:XAUUSD,4339.49,4342.5,4339.39,4342.01,529.0
2026-09-11 11:04:00,FX:XAUUSD,4342.01,4342.01,4339.17,4339.36,518.0
2026-09-11 11:05:00,FX:XAUUSD,4339.36,4340.25,4339.28,4339.38,415.0
2026-09-11 11:06:00,FX:XAUUSD,4339.38,4339.44,4337.19,4337.69,446.0
2026-09-11 11:07:00,FX:XAUUSD,4337.69,4338.74,4337.15,4337.93,553.0
2026-09-11 11:08:00,FX:XAUUSD,4337.93,4338.63,4337.63,4338.17,433.0
2026-09-11 11:09:00,FX:XAUUSD,4338.17,4338.63,4336.91,4337.35,465.0
2026-09-11 11:10:00,FX:XAUUSD,4337.35,4337.42,4335.69,4335.71,685.0
2026-09-11 11:11:00,FX:XAUUSD,4335.71,4336.03,4334.55,4336.0,676.0
2026-09-11 11:12:00,FX:XAUUSD,4336.0,4337.24,4335.83,4336.25,488.0
2026-09-11 11:13:00,FX:XAUUSD,4336.25,4337.14,4336.17,4336.95,245.0
2026-09-11 11:14:00,FX:XAUUSD,4336.95,4338.41,4336.79,4338.08,410.0
2026-09-11 11:15:00,FX:XAUUSD,4338.08,4338.13,4336.35,4336.84,481.0
2026-09-11 11:16:00,FX:XAUUSD,4336.84,4337.8,4335.98,4336.69,507.0
2026-09-11 11:17:00,FX:XAUUSD,4336.69,4337.26,4336.28,4336.98,434.0
2026-09-11 11:18:00,FX:XAUUSD,4336.98,4338.69,4336.95,4338.5,480.0
2026-09-11 11:19:00,FX:XAUUSD,4338.5,4339.06,4337.84,4338.46,527.0
2026-09-11 11:20:00,FX:XAUUSD,4338.46,4338.75,4337.59,4337.59,322.0
2026-09-11 11:21:00,FX:XAUUSD,4337.59,4339.18,4337.29,4339.17,449.0
2026-09-11 11:22:00,FX:XAUUSD,4339.17,4339.68,4336.88,4337.31,559.0
2026-09-11 11:23:00,FX:XAUUSD,4337.31,4339.45,4336.87,4339.21,513.0
2026-09-11 11:24:00,FX:XAUUSD,4339.21,4339.53,4338.33,4338.57,387.0
2026-09-11 11:25:00,FX:XAUUSD,4338.57,4341.58,4338.57,4340.0,1019.0
2026-09-11 11:26:00,FX:XAUUSD,4340.0,4340.05,4337.82,4337.82,414.0
2026-09-11 11:27:00,FX:XAUUSD,4337.82,4339.12,4337.4,4338.21,470.0
2026-09-11 11:28:00,FX:XAUUSD,4338.21,4338.53,4336.33,4336.53,412.0
2026-09-11 11:29:00,FX:XAUUSD,4336.53,4336.96,4336.08,4336.33,428.0
2026-09-11 11:30:00,FX:XAUUSD,4336.33,4336.97,4335.52,4336.38,458.0
2026-09-11 11:31:00,FX:XAUUSD,4336.38,4337.09,4333.93,4334.32,662.0
2026-09-11 11:32:00,FX:XAUUSD,4334.32,4335.23,4334.15,4334.17,438.0
2026-09-11 11:33:00,FX:XAUUSD,4334.17,4335.62,4332.99,4332.99,420.0
2026-09-11 11:34:00,FX:XAUUSD,4332.99,4333.22,4331.63,4331.7,493.0
2026-09-11 11:35:00,FX:XAUUSD,4331.7,4331.85,4330.17,4330.77,451.0
2026-09-11 11:36:00,FX:XAUUSD,4330.77,4333.05,4330.12,4332.58,619.0
2026-09-11 11:37:00,FX:XAUUSD,4332.58,4333.85,4332.4,4333.64,373.0
2026-09-11 11:38:00,FX:XAUUSD,4333.64,4334.04,4333.12,4333.91,535.0
2026-09-11 11:39:00,FX:XAUUSD,4333.91,4333.91,4332.11,4332.48,434.0
2026-09-11 11:40:00,FX:XAUUSD,4332.48,4333.78,4331.9,4332.26,549.0
2026-09-11 11:41:00,FX:XAUUSD,4332.26,4333.51,4332.26,4333.11,410.0
2026-09-11 11:42:00,FX:XAUUSD,4333.11,4333.36,4330.82,4331.38,479.0
2026-09-11 11:43:00,FX:XAUUSD,4331.38,4331.62,4330.01,4331.2,455.0
2026-09-11 11:44:00,FX:XAUUSD,4331.2,4334.53,4331.2,4334.52,791.0
2026-09-11 11:45:00,FX:XAUUSD,4334.52,4335.7,4333.83,4335.44,655.0
2026-09-11 11:46:00,FX:XAUUSD,4335.44,4335.59,4332.93,4333.84,604.0
2026-09-11 11:47:00,FX:XAUUSD,4333.84,4334.19,4333.01,4333.02,394.0
2026-09-11 11:48:00,FX:XAUUSD,4333.02,4335.18,4332.89,4333.76,557.0
2026-09-11 11:49:00,FX:XAUUSD,4333.76,4336.11,4333.76,4335.15,518.0
2026-09-11 11:50:00,FX:XAUUSD,4335.15,4335.36,4334.54,4334.54,554.0
2026-09-11 11:51:00,FX:XAUUSD,4334.54,4334.92,4333.49,4333.68,546.0
2026-09-11 11:52:00,FX:XAUUSD,4333.68,4334.69,4333.65,4334.42,587.0
2026-09-11 11:53:00,FX:XAUUSD,4334.42,4334.62,4333.04,4334.15,461.0
2026-09-11 11:54:00,FX:XAUUSD,4334.15,4334.53,4330.9,4330.9,641.0
2026-09-11 11:55:00,FX:XAUUSD,4330.9,4332.4,4330.79,4331.88,538.0
2026-09-11 11:56:00,FX:XAUUSD,4331.88,4332.16,4330.84,4331.39,538.0
2026-09-11 11:57:00,FX:XAUUSD,4331.39,4332.55,4331.39,4331.99,448.0
2026-09-11 11:58:00,FX:XAUUSD,4331.99,4333.34,4331.43,4333.3,502.0
2026-09-11 11:59:00,FX:XAUUSD,4333.3,4333.91,4331.86,4333.35,424.0
2026-09-11 12:00:00,FX:XAUUSD,4333.35,4334.8,4332.59,4334.04,745.0
2026-09-11 12:01:00,FX:XAUUSD,4334.04,4334.04,4332.42,4333.47,686.0
2026-09-11 12:02:00,FX:XAUUSD,4333.47,4333.47,4331.42,4331.65,624.0
2026-09-11 12:03:00,FX:XAUUSD,4331.65,4332.24,4330.48,4330.48,605.0
2026-09-11 12:04:00,FX:XAUUSD,4330.48,4330.8,4328.79,4329.45,618.0
2026-09-11 12:05:00,FX:XAUUSD,4329.45,4330.02,4328.79,4329.84,623.0
2026-09-11 12:06:00,FX:XAUUSD,4329.84,4329.98,4327.08,4328.65,775.0
2026-09-11 12:07:00,FX:XAUUSD,4328.65,4329.14,4326.44,4327.67,673.0
2026-09-11 12:08:00,FX:XAUUSD,4327.67,4327.78,4326.76,4327.1,474.0
2026-09-11 12:09:00,FX:XAUUSD,4327.1,4327.62,4326.16,4327.1,638.0
2026-09-11 12:10:00,FX:XAUUSD,4327.1,4329.43,4327.09,4329.28,771.0
2026-09-11 12:11:00,FX:XAUUSD,4329.28,4330.9,4328.82,4330.75,717.0
2026-09-11 12:12:00,FX:XAUUSD,4330.75,4332.37,4328.23,4328.46,961.0
2026-09-11 12:13:00,FX:XAUUSD,4328.46,4328.77,4325.33,4325.56,915.0
2026-09-11 12:14:00,FX:XAUUSD,4325.56,4327.89,4325.05,4327.73,719.0
2026-09-11 12:15:00,FX:XAUUSD,4327.73,4330.57,4327.2,4329.93,884.0
2026-09-11 12:16:00,FX:XAUUSD,4329.93,4330.82,4329.14,4329.16,732.0
2026-09-11 12:17:00,FX:XAUUSD,4329.16,4333.03,4329.1,4333.0,741.0
2026-09-11 12:18:00,FX:XAUUSD,4333.0,4334.05,4331.38,4333.37,839.0
2026-09-11 12:19:00,FX:XAUUSD,4333.37,4333.37,4331.19,4331.28,707.0
2026-09-11 12:20:00,FX:XAUUSD,4331.28,4333.33,4329.39,4332.11,1298.0
2026-09-11 12:21:00,FX:XAUUSD,4332.11,4332.63,4330.6,4331.56,895.0
2026-09-11 12:22:00,FX:XAUUSD,4331.56,4333.86,4330.77,4331.41,1291.0
2026-09-11 12:23:00,FX:XAUUSD,4331.41,4332.45,4329.82,4331.52,1205.0
2026-09-11 12:24:00,FX:XAUUSD,4331.52,4332.48,4329.15,4329.51,1413.0
2026-09-11 12:25:00,FX:XAUUSD,4329.51,4330.02,4328.36,4329.07,793.0
2026-09-11 12:26:00,FX:XAUUSD,4329.07,4333.67,4328.34,4333.26,907.0
2026-09-11 12:27:00,FX:XAUUSD,4333.26,4338.51,4332.58,4337.73,1929.0
2026-09-11 12:28:00,FX:XAUUSD,4337.73,4339.16,4336.4,4338.73,1239.0
2026-09-11 12:29:00,FX:XAUUSD,4338.73,4342.92,4337.31,4340.54,903.0
2026-09-11 12:30:00,FX:XAUUSD,4340.54,4342.78,4292.01,4296.49,3088.0
2026-09-11 12:31:00,FX:XAUUSD,4296.49,4314.15,4294.99,4311.94,3697.0
2026-09-11 12:32:00,FX:XAUUSD,4311.94,4325.3,4309.07,4321.6,3929.0
2026-09-11 12:33:00,FX:XAUUSD,4321.6,4331.66,4318.12,4331.62,3541.0
2026-09-11 12:34:00,FX:XAUUSD,4331.62,4339.38,4329.09,4329.37,3383.0
2026-09-11 12:35:00,FX:XAUUSD,4329.37,4335.4,4326.31,4335.4,3854.0
2026-09-11 12:36:00,FX:XAUUSD,4335.4,4340.52,4335.27,4337.27,3585.0
2026-09-11 12:37:00,FX:XAUUSD,4337.27,4342.83,4337.27,4337.93,3486.0
2026-09-11 12:38:00,FX:XAUUSD,4337.93,4343.26,4333.32,4342.76,3148.0
2026-09-11 12:39:00,FX:XAUUSD,4342.76,4351.5,4342.76,4350.03,3312.0
2026-09-11 12:40:00,FX:XAUUSD,4350.03,4361.85,4349.11,4361.18,3675.0
2026-09-11 12:41:00,FX:XAUUSD,4361.18,4362.33,4354.41,4358.73,3905.0
2026-09-11 12:42:00,FX:XAUUSD,4358.73,4362.18,4354.86,4355.91,3180.0
2026-09-11 12:43:00,FX:XAUUSD,4355.91,4361.29,4355.45,4359.95,3423.0
2026-09-11 12:44:00,FX:XAUUSD,4359.95,4361.77,4351.76,4353.85,3275.0
2026-09-11 12:45:00,FX:XAUUSD,4353.85,4359.65,4352.45,4359.65,3153.0
2026-09-11 12:46:00,FX:XAUUSD,4359.65,4366.66,4359.65,4364.2,3416.0
2026-09-11 12:47:00,FX:XAUUSD,4364.2,4364.9,4357.87,4360.16,2607.0
2026-09-11 12:48:00,FX:XAUUSD,4360.16,4364.71,4357.17,4363.62,2370.0
2026-09-11 12:49:00,FX:XAUUSD,4363.62,4367.52,4361.59,4361.65,2398.0
2026-09-11 12:50:00,FX:XAUUSD,4361.65,4370.91,4360.1,4369.96,2640.0
2026-09-11 12:51:00,FX:XAUUSD,4369.96,4376.48,4369.96,4375.44,3148.0
2026-09-11 12:52:00,FX:XAUUSD,4375.44,4377.46,4373.11,4376.96,3025.0
2026-09-11 12:53:00,FX:XAUUSD,4376.96,4379.22,4376.94,4377.69,2206.0
2026-09-11 12:54:00,FX:XAUUSD,4377.69,4382.39,4376.87,4377.59,2400.0
2026-09-11 12:55:00,FX:XAUUSD,4377.59,4379.88,4377.16,4378.08,2266.0
2026-09-11 12:56:00,FX:XAUUSD,4378.08,4379.97,4376.57,4379.04,1910.0
2026-09-11 12:57:00,FX:XAUUSD,4379.04,4382.67,4377.51,4381.82,2225.0
2026-09-11 12:58:00,FX:XAUUSD,4381.82,4386.81,4377.28,4386.7,2088.0
2026-09-11 12:59:00,FX:XAUUSD,4386.7,4390.15,4386.1,4388.2,2232.0
2026-09-11 13:00:00,FX:XAUUSD,4388.2,4393.24,4387.22,4387.54,3958.0
2026-09-11 13:01:00,FX:XAUUSD,4387.54,4390.17,4384.76,4390.14,3133.0
2026-09-11 13:02:00,FX:XAUUSD,4390.14,4390.31,4385.73,4389.58,2574.0
2026-09-11 13:03:00,FX:XAUUSD,4389.58,4392.91,4387.95,4388.25,2784.0
2026-09-11 13:04:00,FX:XAUUSD,4388.25,4392.32,4386.4,4390.27,2632.0
2026-09-11 13:05:00,FX:XAUUSD,4390.27,4394.25,4389.67,4393.05,2412.0
2026-09-11 13:06:00,FX:XAUUSD,4393.05,4393.08,4386.46,4386.46,2108.0
2026-09-11 13:07:00,FX:XAUUSD,4386.46,4386.97,4382.38,4382.64,2771.0
2026-09-11 13:08:00,FX:XAUUSD,4382.64,4384.83,4381.47,4384.83,2130.0
2026-09-11 13:09:00,FX:XAUUSD,4384.83,4385.76,4382.05,4382.7,2324.0
2026-09-11 13:10:00,FX:XAUUSD,4382.7,4383.65,4380.52,4381.41,1823.0
2026-09-11 13:11:00,FX:XAUUSD,4381.41,4386.23,4381.07,4382.71,2334.0
2026-09-11 13:12:00,FX:XAUUSD,4382.71,4386.21,4382.49,4383.28,2130.0
2026-09-11 13:13:00,FX:XAUUSD,4383.28,4387.16,4381.07,4386.76,2000.0
2026-09-11 13:14:00,FX:XAUUSD,4386.76,4391.44,4386.76,4389.34,2277.0
2026-09-11 13:15:00,FX:XAUUSD,4389.34,4390.25,4386.31,4386.96,2328.0
2026-09-11 13:16:00,FX:XAUUSD,4386.96,4388.35,4383.74,4384.31,2245.0
2026-09-11 13:17:00,FX:XAUUSD,4384.31,4384.51,4381.39,4382.09,2083.0
2026-09-11 13:18:00,FX:XAUUSD,4382.09,4386.89,4381.81,4386.72,1766.0
2026-09-11 13:19:00,FX:XAUUSD,4386.72,4389.03,4385.11,4386.55,1963.0
2026-09-11 13:20:00,FX:XAUUSD,4386.55,4389.46,4384.77,4385.25,2070.0
2026-09-11 13:21:00,FX:XAUUSD,4385.25,4385.25,4380.84,4383.31,1615.0
2026-09-11 13:22:00,FX:XAUUSD,4383.31,4384.74,4380.44,4382.29,1614.0
2026-09-11 13:23:00,FX:XAUUSD,4382.29,4386.0,4381.56,4383.74,1515.0
2026-09-11 13:24:00,FX:XAUUSD,4383.74,4384.39,4382.62,4382.99,1334.0
2026-09-11 13:25:00,FX:XAUUSD,4382.99,4387.3,4382.54,4386.01,1724.0
2026-09-11 13:26:00,FX:XAUUSD,4386.01,4388.1,4384.76,4387.5,1637.0
2026-09-11 13:27:00,FX:XAUUSD,4387.5,4389.11,4385.76,4386.16,1604.0
2026-09-11 13:28:00,FX:XAUUSD,4386.16,4396.48,4384.14,4395.62,3599.0
2026-09-11 13:29:00,FX:XAUUSD,4395.62,4398.43,4389.94,4390.27,2703.0
2026-09-11 13:30:00,FX:XAUUSD,4390.27,4391.02,4386.51,4388.35,3188.0
2026-09-11 13:31:00,FX:XAUUSD,4388.35,4388.35,4382.1,4382.37,2958.0
2026-09-11 13:32:00,FX:XAUUSD,4382.37,4388.01,4381.55,4384.78,2884.0
2026-09-11 13:33:00,FX:XAUUSD,4384.78,4387.61,4383.73,4387.2,2481.0
2026-09-11 13:34:00,FX:XAUUSD,4387.2,4395.37,4386.99,4395.29,2576.0
2026-09-11 13:35:00,FX:XAUUSD,4395.29,4400.23,4394.75,4396.09,3081.0
2026-09-11 13:36:00,FX:XAUUSD,4396.09,4397.05,4391.93,4392.56,2390.0
2026-09-11 13:37:00,FX:XAUUSD,4392.56,4395.58,4392.44,4394.16,2394.0
2026-09-11 13:38:00,FX:XAUUSD,4394.16,4394.23,4383.52,4385.67,2369.0
2026-09-11 13:39:00,FX:XAUUSD,4385.67,4390.24,4385.28,4390.24,2086.0
2026-09-11 13:40:00,FX:XAUUSD,4390.24,4399.02,4387.09,4393.68,3644.0
2026-09-11 13:41:00,FX:XAUUSD,4393.68,4394.98,4391.92,4391.92,3253.0
2026-09-11 13:42:00,FX:XAUUSD,4391.92,4394.23,4390.75,4392.75,2236.0
2026-09-11 13:43:00,FX:XAUUSD,4392.75,4393.65,4390.85,4391.48,2163.0
2026-09-11 13:44:00,FX:XAUUSD,4391.48,4394.66,4388.46,4394.66,2151.0
2026-09-11 13:45:00,FX:XAUUSD,4394.66,4395.82,4392.49,4393.09,2375.0
2026-09-11 13:46:00,FX:XAUUSD,4393.09,4399.94,4393.09,4397.25,2471.0
2026-09-11 13:47:00,FX:XAUUSD,4397.25,4400.33,4396.88,4400.08,2169.0
2026-09-11 13:48:00,FX:XAUUSD,4400.08,4400.32,4391.23,4391.9,1955.0
2026-09-11 13:49:00,FX:XAUUSD,4391.9,4393.87,4389.83,4392.91,1795.0
2026-09-11 13:50:00,FX:XAUUSD,4392.91,4393.92,4390.92,4392.19,2261.0
2026-09-11 13:51:00,FX:XAUUSD,4392.19,4392.19,4389.19,4390.15,2085.0
2026-09-11 13:52:00,FX:XAUUSD,4390.15,4390.76,4387.13,4387.9,1566.0
2026-09-11 13:53:00,FX:XAUUSD,4387.9,4392.79,4387.9,4390.8,1817.0
2026-09-11 13:54:00,FX:XAUUSD,4390.8,4391.56,4388.53,4389.21,1641.0
2026-09-11 13:55:00,FX:XAUUSD,4389.21,4390.41,4388.57,4389.84,1535.0
2026-09-11 13:56:00,FX:XAUUSD,4389.84,4390.88,4389.28,4389.89,1004.0
2026-09-11 13:57:00,FX:XAUUSD,4389.89,4390.22,4387.09,4390.02,869.0
2026-09-11 13:58:00,FX:XAUUSD,4390.02,4396.48,4389.92,4395.94,987.0
2026-09-11 13:59:00,FX:XAUUSD,4395.94,4402.4,4395.94,4401.65,1290.0
2026-09-11 14:00:00,FX:XAUUSD,4401.65,4402.22,4392.86,4392.86,2532.0
2026-09-11 14:01:00,FX:XAUUSD,4392.86,4392.92,4383.82,4383.86,2314.0
2026-09-11 14:02:00,FX:XAUUSD,4383.86,4385.25,4381.55,4384.17,1818.0
2026-09-11 14:03:00,FX:XAUUSD,4384.17,4387.75,4384.17,4387.06,1451.0
2026-09-11 14:04:00,FX:XAUUSD,4387.06,4390.73,4387.06,4390.34,1450.0
2026-09-11 14:05:00,FX:XAUUSD,4390.34,4390.36,4386.98,4386.98,2086.0
2026-09-11 14:06:00,FX:XAUUSD,4386.98,4389.17,4386.29,4388.05,2388.0
2026-09-11 14:07:00,FX:XAUUSD,4388.05,4390.15,4386.1,4386.91,2145.0
2026-09-11 14:08:00,FX:XAUUSD,4386.91,4391.94,4385.52,4388.98,2453.0
2026-09-11 14:09:00,FX:XAUUSD,4388.98,4389.05,4386.25,4387.53,2076.0
2026-09-11 14:10:00,FX:XAUUSD,4387.53,4388.0,4384.38,4386.22,1918.0
2026-09-11 14:11:00,FX:XAUUSD,4386.22,4387.58,4385.19,4386.74,1878.0
2026-09-11 14:12:00,FX:XAUUSD,4386.74,4386.79,4382.03,4382.61,1963.0
2026-09-11 14:13:00,FX:XAUUSD,4382.61,4385.32,4382.47,4383.31,1805.0
2026-09-11 14:14:00,FX:XAUUSD,4383.31,4385.63,4382.99,4382.99,1745.0
2026-09-11 14:15:00,FX:XAUUSD,4382.99,4384.99,4381.25,4383.68,1829.0
2026-09-11 14:16:00,FX:XAUUSD,4383.68,4383.81,4379.02,4379.02,1729.0
2026-09-11 14:17:00,FX:XAUUSD,4379.02,4380.87,4378.12,4379.89,1798.0
2026-09-11 14:18:00,FX:XAUUSD,4379.89,4379.89,4375.87,4379.29,1991.0
2026-09-11 14:19:00,FX:XAUUSD,4379.29,4382.9,4379.18,4382.31,1732.0
2026-09-11 14:20:00,FX:XAUUSD,4382.31,4384.12,4380.65,4382.93,1766.0
2026-09-11 14:21:00,FX:XAUUSD,4382.93,4385.33,4381.82,4384.35,1549.0
2026-09-11 14:22:00,FX:XAUUSD,4384.35,4384.83,4382.14,4384.35,1720.0
2026-09-11 14:23:00,FX:XAUUSD,4384.35,4384.35,4380.88,4381.62,1586.0
2026-09-11 14:24:00,FX:XAUUSD,4381.62,4382.15,4377.64,4379.1,2031.0
2026-09-11 14:25:00,FX:XAUUSD,4379.1,4379.14,4374.79,4375.75,2109.0
2026-09-11 14:26:00,FX:XAUUSD,4375.75,4376.59,4374.34,4375.68,2028.0
2026-09-11 14:27:00,FX:XAUUSD,4375.68,4378.28,4375.34,4377.13,1854.0
2026-09-11 14:28:00,FX:XAUUSD,4377.13,4378.02,4374.6,4375.32,1991.0
2026-09-11 14:29:00,FX:XAUUSD,4375.32,4377.4,4374.83,4375.02,2076.0
2026-09-11 14:30:00,FX:XAUUSD,4375.02,4375.4,4372.04,4373.24,1699.0
2026-09-11 14:31:00,FX:XAUUSD,4373.24,4374.45,4371.26,4371.43,1323.0
2026-09-11 14:32:00,FX:XAUUSD,4371.43,4373.93,4371.04,4373.57,1356.0
2026-09-11 14:33:00,FX:XAUUSD,4373.57,4375.48,4371.85,4373.99,1572.0
2026-09-11 14:34:00,FX:XAUUSD,4373.99,4374.2,4370.97,4371.53,1454.0
2026-09-11 14:35:00,FX:XAUUSD,4371.53,4372.77,4370.41,4371.05,1406.0
2026-09-11 14:36:00,FX:XAUUSD,4371.05,4371.05,4366.49,4367.65,1559.0
2026-09-11 14:37:00,FX:XAUUSD,4367.65,4371.06,4367.59,4369.92,1513.0
2026-09-11 14:38:00,FX:XAUUSD,4369.92,4369.97,4364.68,4365.85,1583.0
2026-09-11 14:39:00,FX:XAUUSD,4365.85,4368.33,4365.48,4368.0,1272.0
2026-09-11 14:40:00,FX:XAUUSD,4368.0,4371.6,4367.73,4369.37,2105.0
2026-09-11 14:41:00,FX:XAUUSD,4369.37,4371.31,4368.37,4370.8,1403.0
2026-09-11 14:42:00,FX:XAUUSD,4370.8,4370.93,4368.29,4369.09,1309.0
2026-09-11 14:43:00,FX:XAUUSD,4369.09,4370.94,4368.89,4368.96,1392.0
2026-09-11 14:44:00,FX:XAUUSD,4368.96,4372.22,4368.96,4371.48,1590.0
2026-09-11 14:45:00,FX:XAUUSD,4371.48,4375.54,4371.34,4375.26,1891.0
2026-09-11 14:46:00,FX:XAUUSD,4375.26,4377.21,4373.78,4376.75,1410.0
2026-09-11 14:47:00,FX:XAUUSD,4376.75,4378.11,4373.79,4374.0,1501.0
2026-09-11 14:48:00,FX:XAUUSD,4374.0,4383.96,4372.21,4379.41,2881.0
2026-09-11 14:49:00,FX:XAUUSD,4379.41,4380.41,4377.3,4379.65,2859.0
2026-09-11 14:50:00,FX:XAUUSD,4379.65,4380.79,4377.29,4380.7,1896.0
2026-09-11 14:51:00,FX:XAUUSD,4380.7,4383.66,4380.66,4381.43,1897.0
2026-09-11 14:52:00,FX:XAUUSD,4381.43,4384.06,4379.76,4379.87,1631.0
2026-09-11 14:53:00,FX:XAUUSD,4379.87,4380.14,4378.28,4379.04,1623.0
2026-09-11 14:54:00,FX:XAUUSD,4379.04,4380.95,4377.61,4377.67,1306.0
2026-09-11 14:55:00,FX:XAUUSD,4377.67,4378.3,4374.11,4374.19,1548.0
2026-09-11 14:56:00,FX:XAUUSD,4374.19,4376.19,4374.19,4375.54,1066.0
2026-09-11 14:57:00,FX:XAUUSD,4375.54,4375.55,4373.54,4373.69,1386.0
2026-09-11 14:58:00,FX:XAUUSD,4373.69,4373.93,4371.19,4371.21,1176.0
2026-09-11 14:59:00,FX:XAUUSD,4371.21,4371.31,4370.44,4370.76,970.0
2026-09-11 15:00:00,FX:XAUUSD,4370.76,4372.33,4368.2,4371.71,1746.0
2026-09-11 15:01:00,FX:XAUUSD,4371.71,4372.62,4370.38,4371.42,1464.0
2026-09-11 15:02:00,FX:XAUUSD,4371.42,4371.52,4367.91,4368.35,1234.0
2026-09-11 15:03:00,FX:XAUUSD,4368.35,4368.78,4366.57,4368.78,1217.0
2026-09-11 15:04:00,FX:XAUUSD,4368.78,4370.77,4368.34,4370.73,1163.0
2026-09-11 15:05:00,FX:XAUUSD,4370.73,4370.73,4368.91,4369.26,1363.0
2026-09-11 15:06:00,FX:XAUUSD,4369.26,4370.17,4368.37,4368.49,1299.0
2026-09-11 15:07:00,FX:XAUUSD,4368.49,4369.0,4364.86,4365.96,1391.0
2026-09-11 15:08:00,FX:XAUUSD,4365.96,4366.2,4362.41,4363.59,1323.0
2026-09-11 15:09:00,FX:XAUUSD,4363.59,4363.96,4361.54,4363.0,1330.0
2026-09-11 15:10:00,FX:XAUUSD,4363.0,4363.51,4361.85,4363.5,1208.0
2026-09-11 15:11:00,FX:XAUUSD,4363.5,4363.78,4361.61,4363.08,1348.0
2026-09-11 15:12:00,FX:XAUUSD,4363.08,4363.36,4360.37,4360.47,1166.0
2026-09-11 15:13:00,FX:XAUUSD,4360.47,4361.24,4359.23,4360.94,1280.0
2026-09-11 15:14:00,FX:XAUUSD,4360.94,4363.18,4360.22,4362.48,1307.0
2026-09-11 15:15:00,FX:XAUUSD,4362.48,4364.43,4362.13,4364.18,1650.0
2026-09-11 15:16:00,FX:XAUUSD,4364.18,4366.1,4362.88,4365.92,1554.0
2026-09-11 15:17:00,FX:XAUUSD,4365.92,4366.2,4364.26,4365.0,1402.0
2026-09-11 15:18:00,FX:XAUUSD,4365.0,4365.04,4361.5,4361.83,1277.0
2026-09-11 15:19:00,FX:XAUUSD,4361.83,4362.58,4361.45,4362.44,1559.0
2026-09-11 15:20:00,FX:XAUUSD,4362.44,4364.97,4362.15,4363.22,1269.0
2026-09-11 15:21:00,FX:XAUUSD,4363.22,4367.93,4363.2,4367.05,1326.0
2026-09-11 15:22:00,FX:XAUUSD,4367.05,4367.81,4364.71,4365.06,1009.0
2026-09-11 15:23:00,FX:XAUUSD,4365.06,4366.19,4363.27,4366.11,887.0
2026-09-11 15:24:00,FX:XAUUSD,4366.11,4366.46,4363.63,4365.37,1062.0
2026-09-11 15:25:00,FX:XAUUSD,4365.37,4367.06,4365.13,4365.77,849.0
2026-09-11 15:26:00,FX:XAUUSD,4365.77,4367.94,4365.77,4366.53,1037.0
2026-09-11 15:27:00,FX:XAUUSD,4366.53,4371.04,4366.53,4370.41,1069.0
2026-09-11 15:28:00,FX:XAUUSD,4370.41,4372.26,4369.76,4370.28,1112.0
2026-09-11 15:29:00,FX:XAUUSD,4370.28,4371.29,4369.29,4370.48,1139.0
2026-09-11 15:30:00,FX:XAUUSD,4370.48,4371.31,4368.97,4371.21,1330.0
2026-09-11 15:31:00,FX:XAUUSD,4371.21,4371.55,4369.79,4370.8,1002.0
2026-09-11 15:32:00,FX:XAUUSD,4370.8,4374.51,4370.62,4374.1,1105.0
2026-09-11 15:33:00,FX:XAUUSD,4374.1,4375.44,4373.23,4374.82,870.0
2026-09-11 15:34:00,FX:XAUUSD,4374.82,4374.99,4372.88,4372.88,997.0
2026-09-11 15:35:00,FX:XAUUSD,4372.88,4373.97,4370.7,4372.55,899.0
2026-09-11 15:36:00,FX:XAUUSD,4372.55,4372.8,4370.99,4372.78,969.0
2026-09-11 15:37:00,FX:XAUUSD,4372.78,4377.02,4372.78,4375.23,1349.0
2026-09-11 15:38:00,FX:XAUUSD,4375.23,4375.26,4373.6,4374.65,1023.0
2026-09-11 15:39:00,FX:XAUUSD,4374.65,4375.2,4373.9,4374.07,804.0
2026-09-11 15:40:00,FX:XAUUSD,4374.07,4374.14,4370.96,4371.74,974.0
2026-09-11 15:41:00,FX:XAUUSD,4371.74,4372.53,4370.29,4371.16,784.0
2026-09-11 15:42:00,FX:XAUUSD,4371.16,4372.87,4371.04,4372.21,719.0
2026-09-11 15:43:00,FX:XAUUSD,4372.21,4375.24,4372.16,4373.77,808.0
2026-09-11 15:44:00,FX:XAUUSD,4373.77,4374.43,4372.27,4372.81,645.0
2026-09-11 15:45:00,FX:XAUUSD,4372.81,4372.95,4370.93,4371.31,800.0
2026-09-11 15:46:00,FX:XAUUSD,4371.31,4372.11,4370.84,4371.14,641.0
2026-09-11 15:47:00,FX:XAUUSD,4371.14,4371.34,4369.48,4369.91,823.0
2026-09-11 15:48:00,FX:XAUUSD,4369.91,4370.75,4368.62,4370.14,754.0
2026-09-11 15:49:00,FX:XAUUSD,4370.14,4373.37,4369.88,4373.06,1001.0
2026-09-11 15:50:00,FX:XAUUSD,4373.06,4373.62,4371.69,4373.3,844.0
2026-09-11 15:51:00,FX:XAUUSD,4373.3,4373.64,4371.59,4372.73,920.0
2026-09-11 15:52:00,FX:XAUUSD,4372.73,4372.8,4371.53,4371.7,856.0
2026-09-11 15:53:00,FX:XAUUSD,4371.7,4371.7,4367.0,4367.17,1350.0
2026-09-11 15:54:00,FX:XAUUSD,4367.17,4369.01,4366.34,4368.86,955.0
2026-09-11 15:55:00,FX:XAUUSD,4368.86,4369.17,4367.97,4368.09,812.0
2026-09-11 15:56:00,FX:XAUUSD,4368.09,4368.15,4365.62,4365.84,885.0
2026-09-11 15:57:00,FX:XAUUSD,4365.84,4367.13,4365.77,4366.0,644.0
2026-09-11 15:58:00,FX:XAUUSD,4366.0,4366.5,4365.04,4365.57,888.0
2026-09-11 15:59:00,FX:XAUUSD,4365.57,4367.3,4365.38,4366.96,677.0
2026-09-11 16:00:00,FX:XAUUSD,4366.96,4370.24,4366.54,4369.93,897.0
2026-09-11 16:01:00,FX:XAUUSD,4369.93,4370.72,4368.42,4368.48,822.0
2026-09-11 16:02:00,FX:XAUUSD,4368.48,4370.14,4368.12,4369.92,672.0
2026-09-11 16:03:00,FX:XAUUSD,4369.92,4370.9,4369.36,4370.39,785.0
2026-09-11 16:04:00,FX:XAUUSD,4370.39,4372.61,4370.36,4371.56,1060.0
2026-09-11 16:05:00,FX:XAUUSD,4371.56,4372.43,4370.88,4370.88,1078.0
2026-09-11 16:06:00,FX:XAUUSD,4370.88,4371.5,4369.79,4370.05,1250.0
2026-09-11 16:07:00,FX:XAUUSD,4370.05,4370.5,4367.34,4367.34,1190.0
2026-09-11 16:08:00,FX:XAUUSD,4367.34,4367.68,4366.18,4366.83,1078.0
2026-09-11 16:09:00,FX:XAUUSD,4366.83,4367.49,4366.35,4367.17,887.0
2026-09-11 16:10:00,FX:XAUUSD,4367.17,4367.7,4366.51,4366.87,1084.0
2026-09-11 16:11:00,FX:XAUUSD,4366.87,4368.97,4366.62,4368.23,950.0
2026-09-11 16:12:00,FX:XAUUSD,4368.23,4368.34,4366.92,4367.28,906.0
2026-09-11 16:13:00,FX:XAUUSD,4367.28,4367.28,4364.39,4364.65,1102.0
2026-09-11 16:14:00,FX:XAUUSD,4364.65,4364.93,4360.88,4361.28,898.0
2026-09-11 16:15:00,FX:XAUUSD,4361.28,4362.23,4360.03,4362.11,824.0
2026-09-11 16:16:00,FX:XAUUSD,4362.11,4362.55,4361.24,4361.88,847.0
2026-09-11 16:17:00,FX:XAUUSD,4361.88,4363.32,4361.87,4362.32,753.0
2026-09-11 16:18:00,FX:XAUUSD,4362.32,4363.92,4361.49,4363.43,689.0
2026-09-11 16:19:00,FX:XAUUSD,4363.43,4363.43,4358.88,4359.23,987.0
2026-09-11 16:20:00,FX:XAUUSD,4359.23,4360.84,4358.62,4358.66,912.0
2026-09-11 16:21:00,FX:XAUUSD,4358.66,4360.49,4358.59,4358.8,675.0
2026-09-11 16:22:00,FX:XAUUSD,4358.8,4359.09,4357.21,4358.06,865.0
2026-09-11 16:23:00,FX:XAUUSD,4358.06,4360.02,4354.77,4354.93,1025.0
2026-09-11 16:24:00,FX:XAUUSD,4354.93,4354.98,4351.9,4352.98,1110.0
2026-09-11 16:25:00,FX:XAUUSD,4352.98,4354.13,4352.66,4354.06,884.0
2026-09-11 16:26:00,FX:XAUUSD,4354.06,4356.91,4353.46,4356.44,944.0
2026-09-11 16:27:00,FX:XAUUSD,4356.44,4360.51,4356.33,4358.9,1068.0
2026-09-11 16:28:00,FX:XAUUSD,4358.9,4362.68,4358.9,4362.66,971.0
2026-09-11 16:29:00,FX:XAUUSD,4362.66,4362.66,4354.56,4354.84,3354.0
2026-09-11 16:30:00,FX:XAUUSD,4354.84,4357.22,4353.34,4356.74,2011.0
2026-09-11 16:31:00,FX:XAUUSD,4356.74,4358.29,4355.68,4357.39,1511.0
2026-09-11 16:32:00,FX:XAUUSD,4357.39,4361.24,4355.69,4360.88,1792.0
2026-09-11 16:33:00,FX:XAUUSD,4360.88,4364.61,4360.76,4364.61,973.0
2026-09-11 16:34:00,FX:XAUUSD,4364.61,4365.73,4363.77,4364.08,1282.0
2026-09-11 16:35:00,FX:XAUUSD,4364.08,4364.17,4362.17,4362.31,1046.0
2026-09-11 16:36:00,FX:XAUUSD,4362.31,4362.64,4359.26,4359.96,1280.0
2026-09-11 16:37:00,FX:XAUUSD,4359.96,4361.87,4359.06,4361.87,1018.0
2026-09-11 16:38:00,FX:XAUUSD,4361.87,4363.22,4361.64,4361.95,867.0
2026-09-11 16:39:00,FX:XAUUSD,4361.95,4362.0,4359.43,4359.45,960.0
2026-09-11 16:40:00,FX:XAUUSD,4359.45,4364.03,4358.82,4364.03,1161.0
2026-09-11 16:41:00,FX:XAUUSD,4364.03,4364.33,4363.02,4363.99,930.0
2026-09-11 16:42:00,FX:XAUUSD,4363.99,4364.24,4360.72,4362.0,800.0
2026-09-11 16:43:00,FX:XAUUSD,4362.0,4363.89,4361.7,4362.98,837.0
2026-09-11 16:44:00,FX:XAUUSD,4362.98,4363.79,4362.73,4363.44,611.0
2026-09-11 16:45:00,FX:XAUUSD,4363.44,4364.87,4363.32,4364.61,738.0
2026-09-11 16:46:00,FX:XAUUSD,4364.61,4364.87,4363.29,4363.29,1018.0
2026-09-11 16:47:00,FX:XAUUSD,4363.29,4364.1,4362.44,4362.44,650.0
2026-09-11 16:48:00,FX:XAUUSD,4362.44,4363.38,4361.8,4362.34,615.0
2026-09-11 16:49:00,FX:XAUUSD,4362.34,4362.39,4360.4,4360.49,683.0
2026-09-11 16:50:00,FX:XAUUSD,4360.49,4361.52,4360.26,4360.84,724.0
2026-09-11 16:51:00,FX:XAUUSD,4360.84,4361.58,4360.3,4361.13,528.0
2026-09-11 16:52:00,FX:XAUUSD,4361.13,4361.53,4360.43,4361.35,537.0
2026-09-11 16:53:00,FX:XAUUSD,4361.35,4361.46,4360.66,4360.72,562.0
2026-09-11 16:54:00,FX:XAUUSD,4360.72,4361.63,4360.63,4361.23,435.0
2026-09-11 16:55:00,FX:XAUUSD,4361.23,4362.73,4361.01,4362.04,599.0
2026-09-11 16:56:00,FX:XAUUSD,4362.04,4362.28,4361.43,4362.07,593.0
2026-09-11 16:57:00,FX:XAUUSD,4362.07,4362.85,4361.06,4362.69,603.0
2026-09-11 16:58:00,FX:XAUUSD,4362.69,4363.3,4362.36,4362.36,471.0
2026-09-11 16:59:00,FX:XAUUSD,4362.36,4362.54,4361.41,4361.56,531.0
2026-09-11 17:00:00,FX:XAUUSD,4361.56,4363.34,4360.75,4361.98,856.0
2026-09-11 17:01:00,FX:XAUUSD,4361.98,4364.07,4361.98,4363.33,444.0
2026-09-11 17:02:00,FX:XAUUSD,4363.33,4363.36,4362.34,4362.92,368.0
2026-09-11 17:03:00,FX:XAUUSD,4362.92,4363.01,4361.79,4362.25,498.0
2026-09-11 17:04:00,FX:XAUUSD,4362.25,4363.43,4362.21,4363.21,468.0
2026-09-11 17:05:00,FX:XAUUSD,4363.21,4363.21,4361.04,4362.45,650.0
2026-09-11 17:06:00,FX:XAUUSD,4362.45,4364.08,4362.4,4363.96,565.0
2026-09-11 17:07:00,FX:XAUUSD,4363.96,4368.83,4363.57,4363.64,1265.0
2026-09-11 17:08:00,FX:XAUUSD,4363.64,4364.39,4363.19,4363.3,515.0
2026-09-11 17:09:00,FX:XAUUSD,4363.3,4364.16,4362.99,4363.84,547.0
2026-09-11 17:10:00,FX:XAUUSD,4363.84,4365.58,4361.88,4363.87,879.0
2026-09-11 17:11:00,FX:XAUUSD,4363.87,4364.94,4362.92,4364.4,834.0
2026-09-11 17:12:00,FX:XAUUSD,4364.4,4366.78,4364.17,4365.59,976.0
2026-09-11 17:13:00,FX:XAUUSD,4365.59,4366.19,4364.79,4364.88,980.0
2026-09-11 17:14:00,FX:XAUUSD,4364.88,4365.8,4363.81,4365.61,676.0
2026-09-11 17:15:00,FX:XAUUSD,4365.61,4366.58,4364.41,4364.42,748.0
2026-09-11 17:16:00,FX:XAUUSD,4364.42,4365.74,4363.3,4365.47,960.0
2026-09-11 17:17:00,FX:XAUUSD,4365.47,4366.93,4365.38,4366.72,909.0
2026-09-11 17:18:00,FX:XAUUSD,4366.72,4366.81,4365.61,4366.07,905.0
2026-09-11 17:19:00,FX:XAUUSD,4366.07,4368.87,4366.07,4367.57,812.0
2026-09-11 17:20:00,FX:XAUUSD,4367.57,4369.16,4367.06,4367.2,875.0
2026-09-11 17:21:00,FX:XAUUSD,4367.2,4367.75,4365.95,4366.04,480.0
2026-09-11 17:22:00,FX:XAUUSD,4366.04,4368.42,4365.86,4366.36,759.0
2026-09-11 17:23:00,FX:XAUUSD,4366.36,4368.6,4365.67,4367.84,748.0
2026-09-11 17:24:00,FX:XAUUSD,4367.84,4369.11,4367.84,4368.94,765.0
2026-09-11 17:25:00,FX:XAUUSD,4368.94,4369.59,4367.45,4368.24,747.0
2026-09-11 17:26:00,FX:XAUUSD,4368.24,4368.24,4366.67,4367.19,426.0
2026-09-11 17:27:00,FX:XAUUSD,4367.19,4368.28,4366.88,4367.28,717.0
2026-09-11 17:28:00,FX:XAUUSD,4367.28,4368.09,4366.39,4366.5,727.0
2026-09-11 17:29:00,FX:XAUUSD,4366.5,4367.31,4366.0,4366.94,1030.0
2026-09-11 17:30:00,FX:XAUUSD,4366.94,4367.66,4365.29,4367.6,771.0
2026-09-11 17:31:00,FX:XAUUSD,4367.6,4370.03,4367.38,4369.98,738.0
2026-09-11 17:32:00,FX:XAUUSD,4369.98,4370.29,4368.07,4368.48,657.0
2026-09-11 17:33:00,FX:XAUUSD,4368.48,4369.1,4367.92,4368.44,619.0
2026-09-11 17:34:00,FX:XAUUSD,4368.44,4369.26,4368.44,4368.96,437.0
2026-09-11 17:35:00,FX:XAUUSD,4368.96,4369.47,4368.27,4368.34,531.0
2026-09-11 17:36:00,FX:XAUUSD,4368.34,4369.32,4366.93,4367.7,588.0
2026-09-11 17:37:00,FX:XAUUSD,4367.7,4367.71,4365.43,4365.43,447.0
2026-09-11 17:38:00,FX:XAUUSD,4365.43,4365.6,4362.93,4363.34,583.0
2026-09-11 17:39:00,FX:XAUUSD,4363.34,4363.36,4362.04,4362.19,760.0
2026-09-11 17:40:00,FX:XAUUSD,4362.19,4363.44,4362.11,4362.4,838.0
2026-09-11 17:41:00,FX:XAUUSD,4362.4,4362.46,4360.72,4361.1,840.0
2026-09-11 17:42:00,FX:XAUUSD,4361.1,4361.44,4359.9,4361.25,734.0
2026-09-11 17:43:00,FX:XAUUSD,4361.25,4362.38,4361.13,4361.59,614.0
2026-09-11 17:44:00,FX:XAUUSD,4361.59,4363.39,4361.16,4361.94,667.0
2026-09-11 17:45:00,FX:XAUUSD,4361.94,4361.94,4360.39,4360.56,862.0
2026-09-11 17:46:00,FX:XAUUSD,4360.56,4361.01,4359.59,4359.75,710.0
2026-09-11 17:47:00,FX:XAUUSD,4359.75,4360.54,4359.19,4360.03,580.0
2026-09-11 17:48:00,FX:XAUUSD,4360.03,4360.68,4359.56,4360.08,563.0
2026-09-11 17:49:00,FX:XAUUSD,4360.08,4362.25,4359.98,4361.43,736.0
2026-09-11 17:50:00,FX:XAUUSD,4361.43,4361.76,4360.77,4361.4,581.0
2026-09-11 17:51:00,FX:XAUUSD,4361.4,4362.43,4360.8,4362.33,498.0
2026-09-11 17:52:00,FX:XAUUSD,4362.33,4363.21,4361.66,4363.21,674.0
2026-09-11 17:53:00,FX:XAUUSD,4363.21,4363.6,4362.44,4362.83,535.0
2026-09-11 17:54:00,FX:XAUUSD,4362.83,4362.91,4362.17,4362.61,434.0
2026-09-11 17:55:00,FX:XAUUSD,4362.61,4362.83,4360.67,4361.21,505.0
2026-09-11 17:56:00,FX:XAUUSD,4361.21,4361.21,4359.39,4359.75,497.0
2026-09-11 17:57:00,FX:XAUUSD,4359.75,4359.75,4358.6,4358.6,402.0
2026-09-11 17:58:00,FX:XAUUSD,4358.6,4358.91,4357.81,4357.95,347.0
2026-09-11 17:59:00,FX:XAUUSD,4357.95,4358.56,4357.85,4358.2,360.0
2026-09-11 18:00:00,FX:XAUUSD,4358.2,4359.21,4357.23,4357.57,498.0
2026-09-11 18:01:00,FX:XAUUSD,4357.57,4357.96,4356.98,4357.63,405.0
2026-09-11 18:02:00,FX:XAUUSD,4357.63,4359.45,4357.63,4359.35,521.0
2026-09-11 18:03:00,FX:XAUUSD,4359.35,4359.52,4358.59,4359.24,388.0
2026-09-11 18:04:00,FX:XAUUSD,4359.24,4359.6,4358.54,4359.56,369.0
2026-09-11 18:05:00,FX:XAUUSD,4359.56,4359.96,4357.49,4358.04,642.0
2026-09-11 18:06:00,FX:XAUUSD,4358.04,4358.58,4357.28,4357.62,433.0
2026-09-11 18:07:00,FX:XAUUSD,4357.62,4357.62,4356.19,4356.31,410.0
2026-09-11 18:08:00,FX:XAUUSD,4356.31,4356.34,4355.24,4355.39,523.0
2026-09-11 18:09:00,FX:XAUUSD,4355.39,4356.18,4353.61,4353.61,507.0
2026-09-11 18:10:00,FX:XAUUSD,4353.61,4355.83,4353.61,4355.71,530.0
2026-09-11 18:11:00,FX:XAUUSD,4355.71,4355.8,4354.12,4354.57,607.0
2026-09-11 18:12:00,FX:XAUUSD,4354.57,4354.57,4352.26,4352.85,706.0
2026-09-11 18:13:00,FX:XAUUSD,4352.85,4352.85,4349.96,4349.96,637.0
2026-09-11 18:14:00,FX:XAUUSD,4349.96,4350.01,4345.82,4346.77,991.0
2026-09-11 18:15:00,FX:XAUUSD,4346.77,4348.77,4344.98,4348.23,778.0
2026-09-11 18:16:00,FX:XAUUSD,4348.23,4349.71,4347.85,4349.17,786.0
2026-09-11 18:17:00,FX:XAUUSD,4349.17,4350.45,4349.06,4349.76,622.0
2026-09-11 18:18:00,FX:XAUUSD,4349.76,4351.15,4348.95,4350.99,627.0
2026-09-11 18:19:00,FX:XAUUSD,4350.99,4352.0,4349.76,4349.81,573.0
2026-09-11 18:20:00,FX:XAUUSD,4349.81,4350.16,4345.36,4346.59,2254.0
2026-09-11 18:21:00,FX:XAUUSD,4346.59,4347.56,4344.1,4345.06,1517.0
2026-09-11 18:22:00,FX:XAUUSD,4345.06,4349.06,4345.02,4348.41,825.0
2026-09-11 18:23:00,FX:XAUUSD,4348.41,4350.04,4347.26,4347.6,827.0
2026-09-11 18:24:00,FX:XAUUSD,4347.6,4349.4,4347.53,4349.03,589.0
2026-09-11 18:25:00,FX:XAUUSD,4349.03,4350.78,4348.96,4349.64,696.0
2026-09-11 18:26:00,FX:XAUUSD,4349.64,4350.63,4348.56,4348.64,675.0
2026-09-11 18:27:00,FX:XAUUSD,4348.64,4350.81,4348.64,4349.6,1153.0
2026-09-11 18:28:00,FX:XAUUSD,4349.6,4352.45,4349.42,4352.04,1084.0
2026-09-11 18:29:00,FX:XAUUSD,4352.04,4352.94,4350.05,4350.5,679.0
2026-09-11 18:30:00,FX:XAUUSD,4350.5,4351.47,4349.59,4349.59,626.0
2026-09-11 18:31:00,FX:XAUUSD,4349.59,4349.71,4345.96,4346.03,595.0
2026-09-11 18:32:00,FX:XAUUSD,4346.03,4346.96,4345.69,4346.85,567.0
2026-09-11 18:33:00,FX:XAUUSD,4346.85,4347.16,4345.96,4346.88,513.0
2026-09-11 18:34:00,FX:XAUUSD,4346.88,4348.36,4346.45,4348.11,487.0
2026-09-11 18:35:00,FX:XAUUSD,4348.11,4348.47,4347.12,4348.18,430.0
2026-09-11 18:36:00,FX:XAUUSD,4348.18,4350.23,4348.15,4350.22,495.0
2026-09-11 18:37:00,FX:XAUUSD,4350.22,4350.22,4348.08,4348.18,528.0
2026-09-11 18:38:00,FX:XAUUSD,4348.18,4348.35,4347.48,4347.84,504.0
2026-09-11 18:39:00,FX:XAUUSD,4347.84,4348.36,4346.82,4347.04,595.0
2026-09-11 18:40:00,FX:XAUUSD,4347.04,4347.64,4346.63,4347.49,395.0
2026-09-11 18:41:00,FX:XAUUSD,4347.49,4347.59,4347.06,4347.41,383.0
2026-09-11 18:42:00,FX:XAUUSD,4347.41,4349.03,4347.23,4348.18,475.0
2026-09-11 18:43:00,FX:XAUUSD,4348.18,4348.87,4347.85,4348.53,395.0
2026-09-11 18:44:00,FX:XAUUSD,4348.53,4348.78,4347.03,4347.03,386.0
2026-09-11 18:45:00,FX:XAUUSD,4347.03,4347.34,4345.01,4345.06,582.0
2026-09-11 18:46:00,FX:XAUUSD,4345.06,4346.28,4345.0,4345.57,457.0
2026-09-11 18:47:00,FX:XAUUSD,4345.57,4346.45,4345.57,4346.07,541.0
2026-09-11 18:48:00,FX:XAUUSD,4346.07,4346.21,4344.18,4344.68,467.0
2026-09-11 18:49:00,FX:XAUUSD,4344.68,4345.4,4344.65,4345.09,502.0
2026-09-11 18:50:00,FX:XAUUSD,4345.09,4346.36,4344.51,4345.78,503.0
2026-09-11 18:51:00,FX:XAUUSD,4345.78,4346.47,4345.45,4346.35,458.0
2026-09-11 18:52:00,FX:XAUUSD,4346.35,4346.78,4344.9,4346.0,400.0
2026-09-11 18:53:00,FX:XAUUSD,4346.0,4346.0,4344.75,4345.19,407.0
2026-09-11 18:54:00,FX:XAUUSD,4345.19,4345.32,4344.65,4345.19,453.0
2026-09-11 18:55:00,FX:XAUUSD,4345.19,4346.7,4344.87,4345.74,586.0
2026-09-11 18:56:00,FX:XAUUSD,4345.74,4346.76,4345.34,4346.29,427.0
2026-09-11 18:57:00,FX:XAUUSD,4346.29,4346.71,4345.99,4346.1,406.0
2026-09-11 18:58:00,FX:XAUUSD,4346.1,4346.94,4345.94,4346.85,349.0
2026-09-11 18:59:00,FX:XAUUSD,4346.85,4346.99,4345.77,4346.85,492.0
2026-09-11 19:00:00,FX:XAUUSD,4346.85,4347.74,4345.4,4347.74,757.0
2026-09-11 19:01:00,FX:XAUUSD,4347.74,4348.16,4346.98,4347.01,682.0
2026-09-11 19:02:00,FX:XAUUSD,4347.01,4347.08,4346.39,4346.91,444.0
2026-09-11 19:03:00,FX:XAUUSD,4346.91,4346.91,4345.27,4346.49,427.0
2026-09-11 19:04:00,FX:XAUUSD,4346.49,4348.06,4345.42,4347.66,447.0
2026-09-11 19:05:00,FX:XAUUSD,4347.66,4347.92,4346.48,4346.88,416.0
2026-09-11 19:06:00,FX:XAUUSD,4346.88,4346.96,4345.19,4345.4,522.0
2026-09-11 19:07:00,FX:XAUUSD,4345.4,4345.4,4344.3,4344.88,392.0
2026-09-11 19:08:00,FX:XAUUSD,4344.88,4348.76,4344.59,4348.52,606.0
2026-09-11 19:09:00,FX:XAUUSD,4348.52,4349.24,4347.47,4347.48,509.0
2026-09-11 19:10:00,FX:XAUUSD,4347.48,4349.22,4346.96,4347.87,655.0
2026-09-11 19:11:00,FX:XAUUSD,4347.87,4349.56,4347.26,4349.47,545.0
2026-09-11 19:12:00,FX:XAUUSD,4349.47,4350.45,4349.17,4349.63,582.0
2026-09-11 19:13:00,FX:XAUUSD,4349.63,4350.93,4349.31,4350.93,582.0
2026-09-11 19:14:00,FX:XAUUSD,4350.93,4351.88,4349.86,4351.88,458.0
2026-09-11 19:15:00,FX:XAUUSD,4351.88,4352.85,4351.65,4351.91,621.0
2026-09-11 19:16:00,FX:XAUUSD,4351.91,4353.64,4351.91,4352.7,470.0
2026-09-11 19:17:00,FX:XAUUSD,4352.7,4352.8,4350.56,4350.75,710.0
2026-09-11 19:18:00,FX:XAUUSD,4350.75,4351.91,4350.56,4350.78,377.0
2026-09-11 19:19:00,FX:XAUUSD,4350.78,4351.07,4349.27,4349.49,348.0
2026-09-11 19:20:00,FX:XAUUSD,4349.49,4350.76,4349.32,4350.37,431.0
2026-09-11 19:21:00,FX:XAUUSD,4350.37,4350.99,4349.92,4350.68,497.0
2026-09-11 19:22:00,FX:XAUUSD,4350.68,4351.05,4349.04,4349.58,743.0
2026-09-11 19:23:00,FX:XAUUSD,4349.58,4350.94,4349.58,4350.89,486.0
2026-09-11 19:24:00,FX:XAUUSD,4350.89,4351.47,4350.09,4351.43,583.0
2026-09-11 19:25:00,FX:XAUUSD,4351.43,4353.09,4351.25,4352.75,390.0
2026-09-11 19:26:00,FX:XAUUSD,4352.75,4353.06,4350.58,4351.34,778.0
2026-09-11 19:27:00,FX:XAUUSD,4351.34,4351.35,4349.45,4349.77,483.0
2026-09-11 19:28:00,FX:XAUUSD,4349.77,4351.15,4349.77,4350.26,493.0
2026-09-11 19:29:00,FX:XAUUSD,4350.26,4350.33,4347.19,4347.19,651.0
2026-09-11 19:30:00,FX:XAUUSD,4347.19,4348.19,4346.99,4347.0,884.0
2026-09-11 19:31:00,FX:XAUUSD,4347.0,4347.16,4346.24,4347.16,573.0
2026-09-11 19:32:00,FX:XAUUSD,4347.16,4347.16,4345.66,4346.02,511.0
2026-09-11 19:33:00,FX:XAUUSD,4346.02,4346.15,4345.42,4345.54,516.0
2026-09-11 19:34:00,FX:XAUUSD,4345.54,4347.31,4345.04,4347.13,511.0
2026-09-11 19:35:00,FX:XAUUSD,4347.13,4347.98,4346.65,4346.71,483.0
2026-09-11 19:36:00,FX:XAUUSD,4346.71,4346.89,4345.82,4346.81,405.0
2026-09-11 19:37:00,FX:XAUUSD,4346.81,4347.46,4346.54,4346.6,449.0
2026-09-11 19:38:00,FX:XAUUSD,4346.6,4346.81,4345.68,4346.3,504.0
2026-09-11 19:39:00,FX:XAUUSD,4346.3,4347.42,4345.68,4346.78,720.0
2026-09-11 19:40:00,FX:XAUUSD,4346.78,4347.74,4346.04,4347.62,620.0
2026-09-11 19:41:00,FX:XAUUSD,4347.62,4348.14,4346.93,4347.62,452.0
2026-09-11 19:42:00,FX:XAUUSD,4347.62,4347.78,4346.09,4346.2,606.0
2026-09-11 19:43:00,FX:XAUUSD,4346.2,4347.35,4345.59,4345.59,855.0
2026-09-11 19:44:00,FX:XAUUSD,4345.59,4346.53,4345.53,4346.08,662.0
2026-09-11 19:45:00,FX:XAUUSD,4346.08,4346.2,4344.78,4345.07,734.0
2026-09-11 19:46:00,FX:XAUUSD,4345.07,4345.24,4343.05,4344.01,822.0
2026-09-11 19:47:00,FX:XAUUSD,4344.01,4344.44,4343.28,4344.32,589.0
2026-09-11 19:48:00,FX:XAUUSD,4344.32,4344.41,4343.48,4343.57,588.0
2026-09-11 19:49:00,FX:XAUUSD,4343.57,4343.85,4342.85,4342.88,514.0
2026-09-11 19:50:00,FX:XAUUSD,4342.88,4344.7,4342.88,4344.38,760.0
2026-09-11 19:51:00,FX:XAUUSD,4344.38,4345.68,4344.16,4344.3,556.0
2026-09-11 19:52:00,FX:XAUUSD,4344.3,4344.3,4342.67,4343.12,481.0
2026-09-11 19:53:00,FX:XAUUSD,4343.12,4344.39,4343.01,4343.83,521.0
2026-09-11 19:54:00,FX:XAUUSD,4343.83,4345.19,4343.83,4345.19,678.0
2026-09-11 19:55:00,FX:XAUUSD,4345.19,4346.78,4344.92,4345.49,736.0
2026-09-11 19:56:00,FX:XAUUSD,4345.49,4345.95,4344.87,4345.95,563.0
2026-09-11 19:57:00,FX:XAUUSD,4345.95,4348.29,4345.87,4347.67,615.0
2026-09-11 19:58:00,FX:XAUUSD,4347.67,4348.41,4347.39,4347.99,1009.0
2026-09-11 19:59:00,FX:XAUUSD,4347.99,4349.43,4347.73,4348.47,1701.0
2026-09-11 20:00:00,FX:XAUUSD,4348.47,4351.36,4348.3,4351.01,540.0
2026-09-11 20:01:00,FX:XAUUSD,4351.01,4351.36,4348.96,4349.19,320.0
2026-09-11 20:02:00,FX:XAUUSD,4349.19,4349.82,4348.51,4348.58,214.0
2026-09-11 20:03:00,FX:XAUUSD,4348.58,4348.62,4347.91,4348.18,139.0
2026-09-11 20:04:00,FX:XAUUSD,4348.18,4349.19,4348.13,4348.74,177.0
2026-09-11 20:05:00,FX:XAUUSD,4348.74,4349.73,4348.27,4349.73,187.0
2026-09-11 20:06:00,FX:XAUUSD,4349.73,4350.41,4349.57,4350.21,194.0
2026-09-11 20:07:00,FX:XAUUSD,4350.21,4350.61,4349.74,4349.89,155.0
2026-09-11 20:08:00,FX:XAUUSD,4349.89,4350.1,4349.55,4349.99,148.0
2026-09-11 20:09:00,FX:XAUUSD,4349.99,4350.16,4349.85,4350.08,92.0
2026-09-11 20:10:00,FX:XAUUSD,4350.08,4350.23,4349.36,4349.36,173.0
2026-09-11 20:11:00,FX:XAUUSD,4349.36,4349.44,4348.29,4348.7,141.0
2026-09-11 20:12:00,FX:XAUUSD,4348.7,4349.04,4348.63,4348.86,111.0
2026-09-11 20:13:00,FX:XAUUSD,4348.86,4349.05,4348.17,4348.71,242.0
2026-09-11 20:14:00,FX:XAUUSD,4348.71,4348.87,4348.23,4348.23,158.0
2026-09-11 20:15:00,FX:XAUUSD,4348.23,4348.23,4347.32,4348.08,184.0
2026-09-11 20:16:00,FX:XAUUSD,4348.08,4348.11,4347.27,4347.27,121.0
2026-09-11 20:17:00,FX:XAUUSD,4347.27,4347.6,4346.92,4347.37,139.0
2026-09-11 20:18:00,FX:XAUUSD,4347.37,4347.44,4346.13,4346.3,72.0
2026-09-11 20:19:00,FX:XAUUSD,4346.3,4349.16,4346.3,4349.14,191.0
2026-09-11 20:20:00,FX:XAUUSD,4349.14,4349.7,4348.92,4349.64,158.0
2026-09-11 20:21:00,FX:XAUUSD,4349.64,4350.21,4349.61,4350.05,148.0
2026-09-11 20:22:00,FX:XAUUSD,4350.05,4350.14,4349.16,4350.09,103.0
2026-09-11 20:23:00,FX:XAUUSD,4350.09,4350.15,4349.6,4349.79,112.0
2026-09-11 20:24:00,FX:XAUUSD,4349.79,4349.96,4349.25,4349.36,100.0
2026-09-11 20:25:00,FX:XAUUSD,4349.36,4349.87,4348.93,4349.76,121.0
2026-09-11 20:26:00,FX:XAUUSD,4349.76,4349.76,4348.94,4348.94,108.0
2026-09-11 20:27:00,FX:XAUUSD,4348.94,4349.17,4348.31,4348.4,101.0
2026-09-11 20:28:00,FX:XAUUSD,4348.4,4349.47,4348.4,4349.14,117.0
2026-09-11 20:29:00,FX:XAUUSD,4349.14,4349.37,4348.39,4348.67,184.0
2026-09-11 20:30:00,FX:XAUUSD,4348.67,4348.75,4347.75,4348.02,211.0
2026-09-11 20:31:00,FX:XAUUSD,4348.02,4348.25,4347.53,4347.68,82.0
2026-09-11 20:32:00,FX:XAUUSD,4347.68,4347.74,4346.84,4347.43,75.0
2026-09-11 20:33:00,FX:XAUUSD,4347.43,4347.66,4346.78,4347.66,91.0
2026-09-11 20:34:00,FX:XAUUSD,4347.66,4347.68,4347.22,4347.29,89.0
2026-09-11 20:35:00,FX:XAUUSD,4347.29,4347.94,4347.28,4347.3,104.0
2026-09-11 20:36:00,FX:XAUUSD,4347.3,4347.76,4346.75,4347.32,81.0
2026-09-11 20:37:00,FX:XAUUSD,4347.32,4348.35,4347.18,4347.86,98.0
2026-09-11 20:38:00,FX:XAUUSD,4347.86,4348.77,4347.83,4348.64,97.0
2026-09-11 20:39:00,FX:XAUUSD,4348.64,4348.64,4347.94,4348.28,95.0
2026-09-11 20:40:00,FX:XAUUSD,4348.28,4348.44,4347.84,4347.84,128.0
2026-09-11 20:41:00,FX:XAUUSD,4347.84,4347.94,4347.43,4347.43,93.0
2026-09-11 20:42:00,FX:XAUUSD,4347.43,4347.5,4345.66,4346.01,203.0
2026-09-11 20:43:00,FX:XAUUSD,4346.01,4346.52,4345.54,4345.91,118.0
2026-09-11 20:44:00,FX:XAUUSD,4345.91,4346.26,4345.68,4346.23,123.0
2026-09-13 22:01:00,FX:XAUUSD,4346.23,4346.23,4330.64,4331.55,1353.0
2026-09-13 22:02:00,FX:XAUUSD,4331.55,4338.22,4331.01,4336.38,1018.0
2026-09-13 22:03:00,FX:XAUUSD,4336.38,4337.07,4333.58,4335.62,1059.0
2026-09-13 22:04:00,FX:XAUUSD,4335.62,4339.24,4334.52,4338.53,798.0
2026-09-13 22:05:00,FX:XAUUSD,4338.53,4340.78,4337.83,4338.94,1123.0
2026-09-13 22:06:00,FX:XAUUSD,4338.94,4339.22,4336.98,4337.12,636.0
2026-09-13 22:07:00,FX:XAUUSD,4337.12,4339.69,4336.61,4337.12,541.0
2026-09-13 22:08:00,FX:XAUUSD,4337.12,4338.14,4333.75,4333.77,332.0
2026-09-13 22:09:00,FX:XAUUSD,4333.77,4334.22,4330.75,4331.12,742.0
2026-09-13 22:10:00,FX:XAUUSD,4331.12,4333.19,4330.1,4330.43,632.0
2026-09-13 22:11:00,FX:XAUUSD,4330.43,4332.14,4330.15,4331.2,791.0
2026-09-13 22:12:00,FX:XAUUSD,4331.2,4332.31,4329.96,4331.07,844.0
2026-09-13 22:13:00,FX:XAUUSD,4331.07,4333.9,4330.57,4332.56,619.0
2026-09-13 22:14:00,FX:XAUUSD,4332.56,4333.26,4330.23,4330.47,655.0
2026-09-13 22:15:00,FX:XAUUSD,4330.47,4333.16,4330.47,4331.93,645.0
2026-09-13 22:16:00,FX:XAUUSD,4331.93,4332.54,4331.25,4332.06,490.0
2026-09-13 22:17:00,FX:XAUUSD,4332.06,4332.26,4329.81,4330.17,566.0
2026-09-13 22:18:00,FX:XAUUSD,4330.17,4332.45,4330.17,4330.85,516.0
2026-09-13 22:19:00,FX:XAUUSD,4330.85,4333.78,4330.6,4333.46,592.0
2026-09-13 22:20:00,FX:XAUUSD,4333.46,4334.8,4332.8,4332.85,504.0
2026-09-13 22:21:00,FX:XAUUSD,4332.85,4333.81,4332.23,4333.13,530.0
2026-09-13 22:22:00,FX:XAUUSD,4333.13,4333.18,4330.92,4330.93,473.0
2026-09-13 22:23:00,FX:XAUUSD,4330.93,4331.22,4329.24,4329.27,301.0
2026-09-13 22:24:00,FX:XAUUSD,4329.27,4329.63,4328.18,4328.81,463.0
2026-09-13 22:25:00,FX:XAUUSD,4328.81,4331.01,4328.8,4331.01,479.0
2026-09-13 22:26:00,FX:XAUUSD,4331.01,4332.83,4330.87,4332.74,516.0
2026-09-13 22:27:00,FX:XAUUSD,4332.74,4335.95,4332.74,4335.49,462.0
2026-09-13 22:28:00,FX:XAUUSD,4335.49,4336.08,4334.92,4335.95,376.0
2026-09-13 22:29:00,FX:XAUUSD,4335.95,4336.31,4335.43,4336.11,238.0
2026-09-13 22:30:00,FX:XAUUSD,4336.11,4336.47,4334.66,4336.15,424.0
2026-09-13 22:31:00,FX:XAUUSD,4336.15,4336.72,4335.7,4335.8,317.0
2026-09-13 22:32:00,FX:XAUUSD,4335.8,4336.08,4335.41,4335.81,305.0
2026-09-13 22:33:00,FX:XAUUSD,4335.81,4338.0,4335.81,4337.96,380.0
2026-09-13 22:34:00,FX:XAUUSD,4337.96,4338.05,4336.52,4336.54,247.0
2026-09-13 22:35:00,FX:XAUUSD,4336.54,4336.82,4334.91,4335.17,250.0
2026-09-13 22:36:00,FX:XAUUSD,4335.17,4336.1,4335.05,4336.09,149.0
2026-09-13 22:37:00,FX:XAUUSD,4336.09,4337.15,4335.9,4336.23,362.0
2026-09-13 22:38:00,FX:XAUUSD,4336.23,4336.69,4336.02,4336.05,265.0
2026-09-13 22:39:00,FX:XAUUSD,4336.05,4336.46,4335.28,4336.0,261.0
2026-09-13 22:40:00,FX:XAUUSD,4336.0,4336.0,4335.04,4335.36,209.0
2026-09-13 22:41:00,FX:XAUUSD,4335.36,4336.53,4335.25,4336.24,167.0
2026-09-13 22:42:00,FX:XAUUSD,4336.24,4336.24,4335.5,4335.67,165.0
2026-09-13 22:43:00,FX:XAUUSD,4335.67,4335.96,4333.73,4335.83,237.0
2026-09-13 22:44:00,FX:XAUUSD,4335.83,4337.37,4335.48,4337.17,184.0
2026-09-13 22:45:00,FX:XAUUSD,4337.17,4337.84,4337.15,4337.33,120.0
2026-09-13 22:46:00,FX:XAUUSD,4337.33,4337.61,4336.92,4336.96,256.0
2026-09-13 22:47:00,FX:XAUUSD,4336.96,4336.96,4335.98,4336.23,119.0
2026-09-13 22:48:00,FX:XAUUSD,4336.23,4336.68,4336.12,4336.34,116.0
2026-09-13 22:49:00,FX:XAUUSD,4336.34,4336.57,4336.23,4336.44,150.0
2026-09-13 22:50:00,FX:XAUUSD,4336.44,4336.68,4335.85,4335.94,120.0
2026-09-13 22:51:00,FX:XAUUSD,4335.94,4336.9,4335.3,4336.58,130.0
2026-09-13 22:52:00,FX:XAUUSD,4336.58,4336.92,4335.8,4336.05,93.0
2026-09-13 22:53:00,FX:XAUUSD,4336.05,4337.75,4334.9,4337.75,217.0
2026-09-13 22:54:00,FX:XAUUSD,4337.75,4339.76,4337.75,4339.54,248.0
2026-09-13 22:55:00,FX:XAUUSD,4339.54,4339.54,4338.09,4338.9,262.0
2026-09-13 22:56:00,FX:XAUUSD,4338.9,4338.9,4338.03,4338.77,131.0
2026-09-13 22:57:00,FX:XAUUSD,4338.77,4339.11,4338.42,4338.59,156.0
2026-09-13 22:58:00,FX:XAUUSD,4338.59,4338.64,4338.19,4338.2,130.0
2026-09-13 22:59:00,FX:XAUUSD,4338.2,4338.36,4337.76,4337.9,127.0
2026-09-13 23:00:00,FX:XAUUSD,4337.9,4341.99,4337.87,4341.56,298.0
2026-09-13 23:01:00,FX:XAUUSD,4341.56,4342.33,4341.38,4341.97,271.0
2026-09-13 23:02:00,FX:XAUUSD,4341.97,4341.97,4341.12,4341.17,129.0
2026-09-13 23:03:00,FX:XAUUSD,4341.17,4341.92,4341.09,4341.86,164.0
2026-09-13 23:04:00,FX:XAUUSD,4341.86,4341.88,4341.15,4341.15,111.0
2026-09-13 23:05:00,FX:XAUUSD,4341.15,4341.18,4340.87,4341.11,110.0
2026-09-13 23:06:00,FX:XAUUSD,4341.11,4341.11,4340.77,4340.82,75.0
2026-09-13 23:07:00,FX:XAUUSD,4340.82,4341.41,4340.61,4341.35,95.0
2026-09-13 23:08:00,FX:XAUUSD,4341.35,4341.68,4341.34,4341.68,102.0
2026-09-13 23:09:00,FX:XAUUSD,4341.68,4341.68,4341.44,4341.47,83.0
2026-09-13 23:10:00,FX:XAUUSD,4341.47,4342.27,4340.99,4341.96,121.0
2026-09-13 23:11:00,FX:XAUUSD,4341.96,4342.36,4341.92,4341.95,96.0
2026-09-13 23:12:00,FX:XAUUSD,4341.95,4341.95,4341.15,4341.3,104.0
2026-09-13 23:13:00,FX:XAUUSD,4341.3,4341.3,4340.82,4340.93,89.0
2026-09-13 23:14:00,FX:XAUUSD,4340.93,4341.0,4339.42,4339.42,121.0
2026-09-13 23:15:00,FX:XAUUSD,4339.42,4340.66,4339.4,4340.36,166.0
2026-09-13 23:16:00,FX:XAUUSD,4340.36,4340.43,4339.64,4339.78,76.0
2026-09-13 23:17:00,FX:XAUUSD,4339.78,4339.94,4338.74,4338.74,97.0
2026-09-13 23:18:00,FX:XAUUSD,4338.74,4338.93,4337.63,4337.63,152.0
2026-09-13 23:19:00,FX:XAUUSD,4337.63,4338.04,4337.58,4337.58,102.0
2026-09-13 23:20:00,FX:XAUUSD,4337.58,4337.67,4336.49,4336.59,140.0
2026-09-13 23:21:00,FX:XAUUSD,4336.59,4336.87,4335.66,4335.83,97.0
2026-09-13 23:22:00,FX:XAUUSD,4335.83,4336.88,4335.82,4336.07,126.0
2026-09-13 23:23:00,FX:XAUUSD,4336.07,4337.01,4335.91,4336.96,152.0
2026-09-13 23:24:00,FX:XAUUSD,4336.96,4338.46,4336.96,4338.08,209.0
2026-09-13 23:25:00,FX:XAUUSD,4338.08,4338.2,4337.36,4337.6,219.0
2026-09-13 23:26:00,FX:XAUUSD,4337.6,4338.51,4337.58,4337.81,177.0
2026-09-13 23:27:00,FX:XAUUSD,4337.81,4338.18,4337.32,4337.77,112.0
2026-09-13 23:28:00,FX:XAUUSD,4337.77,4337.94,4337.0,4337.94,150.0
2026-09-13 23:29:00,FX:XAUUSD,4337.94,4340.33,4337.93,4339.31,239.0
2026-09-13 23:30:00,FX:XAUUSD,4339.31,4340.1,4339.15,4340.1,152.0
2026-09-13 23:31:00,FX:XAUUSD,4340.1,4340.25,4339.1,4339.25,127.0
2026-09-13 23:32:00,FX:XAUUSD,4339.25,4340.37,4339.25,4340.37,114.0
2026-09-13 23:33:00,FX:XAUUSD,4340.37,4341.73,4340.37,4341.59,184.0
2026-09-13 23:34:00,FX:XAUUSD,4341.59,4342.16,4340.98,4341.39,196.0
2026-09-13 23:35:00,FX:XAUUSD,4341.39,4341.44,4339.87,4339.89,245.0
2026-09-13 23:36:00,FX:XAUUSD,4339.89,4340.43,4338.7,4340.03,252.0
2026-09-13 23:37:00,FX:XAUUSD,4340.03,4341.67,4339.55,4341.02,339.0
2026-09-13 23:38:00,FX:XAUUSD,4341.02,4341.63,4340.82,4341.55,238.0
2026-09-13 23:39:00,FX:XAUUSD,4341.55,4342.05,4339.75,4340.58,319.0
2026-09-13 23:40:00,FX:XAUUSD,4340.58,4341.38,4339.76,4340.28,295.0
2026-09-13 23:41:00,FX:XAUUSD,4340.28,4340.67,4338.56,4338.61,221.0
2026-09-13 23:42:00,FX:XAUUSD,4338.61,4339.0,4338.28,4338.38,183.0
2026-09-13 23:43:00,FX:XAUUSD,4338.38,4338.43,4337.87,4338.24,227.0
2026-09-13 23:44:00,FX:XAUUSD,4338.24,4338.75,4337.9,4337.9,222.0
2026-09-13 23:45:00,FX:XAUUSD,4337.9,4338.26,4335.99,4337.04,838.0
2026-09-13 23:46:00,FX:XAUUSD,4337.04,4337.8,4336.51,4336.56,632.0
2026-09-13 23:47:00,FX:XAUUSD,4336.56,4337.9,4336.17,4337.81,455.0
2026-09-13 23:48:00,FX:XAUUSD,4337.81,4338.26,4334.97,4335.31,559.0
2026-09-13 23:49:00,FX:XAUUSD,4335.31,4335.33,4331.98,4332.04,559.0
2026-09-13 23:50:00,FX:XAUUSD,4332.04,4332.86,4331.82,4332.69,452.0
2026-09-13 23:51:00,FX:XAUUSD,4332.69,4333.27,4332.14,4332.47,371.0
2026-09-13 23:52:00,FX:XAUUSD,4332.47,4334.22,4332.47,4334.21,278.0
2026-09-13 23:53:00,FX:XAUUSD,4334.21,4335.05,4333.35,4334.9,480.0
2026-09-13 23:54:00,FX:XAUUSD,4334.9,4334.95,4333.68,4333.79,309.0
2026-09-13 23:55:00,FX:XAUUSD,4333.79,4335.17,4333.45,4334.22,555.0
2026-09-13 23:56:00,FX:XAUUSD,4334.22,4334.86,4331.99,4333.08,613.0
2026-09-13 23:57:00,FX:XAUUSD,4333.08,4334.26,4332.87,4333.8,562.0
2026-09-13 23:58:00,FX:XAUUSD,4333.8,4335.31,4333.3,4334.2,542.0
2026-09-13 23:59:00,FX:XAUUSD,4334.2,4334.33,4331.96,4332.73,559.0
2026-09-14 00:00:00,FX:XAUUSD,4332.73,4334.32,4329.75,4331.43,1632.0
2026-09-14 00:01:00,FX:XAUUSD,4331.43,4333.01,4330.59,4331.82,1476.0
2026-09-14 00:02:00,FX:XAUUSD,4331.82,4334.56,4331.14,4334.53,862.0
2026-09-14 00:03:00,FX:XAUUSD,4334.53,4335.74,4334.1,4335.31,612.0
2026-09-14 00:04:00,FX:XAUUSD,4335.31,4335.31,4333.2,4333.68,688.0
2026-09-14 00:05:00,FX:XAUUSD,4333.68,4338.1,4333.68,4337.55,953.0
2026-09-14 00:06:00,FX:XAUUSD,4337.55,4341.72,4337.34,4341.7,840.0
2026-09-14 00:07:00,FX:XAUUSD,4341.7,4344.37,4341.62,4344.12,860.0
2026-09-14 00:08:00,FX:XAUUSD,4344.12,4345.53,4343.31,4345.24,610.0
2026-09-14 00:09:00,FX:XAUUSD,4345.24,4346.49,4344.76,4345.61,641.0
2026-09-14 00:10:00,FX:XAUUSD,4345.61,4346.21,4344.72,4346.05,791.0
2026-09-14 00:11:00,FX:XAUUSD,4346.05,4346.6,4344.02,4344.73,930.0
2026-09-14 00:12:00,FX:XAUUSD,4344.73,4346.05,4343.14,4345.27,982.0
2026-09-14 00:13:00,FX:XAUUSD,4345.27,4347.48,4344.53,4344.55,752.0
2026-09-14 00:14:00,FX:XAUUSD,4344.55,4344.57,4341.16,4342.63,820.0
2026-09-14 00:15:00,FX:XAUUSD,4342.63,4344.98,4342.41,4342.79,977.0
2026-09-14 00:16:00,FX:XAUUSD,4342.79,4343.15,4339.94,4341.31,674.0
2026-09-14 00:17:00,FX:XAUUSD,4341.31,4343.18,4340.3,4343.16,500.0
2026-09-14 00:18:00,FX:XAUUSD,4343.16,4343.25,4341.68,4341.93,526.0
2026-09-14 00:19:00,FX:XAUUSD,4341.93,4342.61,4341.19,4341.25,481.0
2026-09-14 00:20:00,FX:XAUUSD,4341.25,4341.25,4338.3,4339.95,678.0
2026-09-14 00:21:00,FX:XAUUSD,4339.95,4339.95,4337.19,4338.11,813.0
2026-09-14 00:22:00,FX:XAUUSD,4338.11,4340.06,4336.92,4339.69,606.0
2026-09-14 00:23:00,FX:XAUUSD,4339.69,4339.75,4337.41,4338.18,729.0
2026-09-14 00:24:00,FX:XAUUSD,4338.18,4338.84,4337.46,4338.75,622.0
2026-09-14 00:25:00,FX:XAUUSD,4338.75,4339.97,4336.91,4336.91,728.0
2026-09-14 00:26:00,FX:XAUUSD,4336.91,4336.91,4333.07,4334.01,684.0
2026-09-14 00:27:00,FX:XAUUSD,4334.01,4335.33,4333.82,4334.71,794.0
2026-09-14 00:28:00,FX:XAUUSD,4334.71,4335.64,4334.46,4335.31,602.0
2026-09-14 00:29:00,FX:XAUUSD,4335.31,4338.23,4335.2,4337.85,583.0
2026-09-14 00:30:00,FX:XAUUSD,4337.85,4340.04,4337.19,4337.19,779.0
2026-09-14 00:31:00,FX:XAUUSD,4337.19,4339.52,4336.44,4339.47,965.0
2026-09-14 00:32:00,FX:XAUUSD,4339.47,4340.01,4338.35,4339.74,731.0
2026-09-14 00:33:00,FX:XAUUSD,4339.74,4339.82,4337.76,4338.87,729.0
2026-09-14 00:34:00,FX:XAUUSD,4338.87,4340.54,4338.81,4339.46,799.0
2026-09-14 00:35:00,FX:XAUUSD,4339.46,4340.66,4334.64,4336.4,1073.0
2026-09-14 00:36:00,FX:XAUUSD,4336.4,4336.4,4334.04,4334.44,706.0
2026-09-14 00:37:00,FX:XAUUSD,4334.44,4334.54,4333.05,4333.97,666.0
2026-09-14 00:38:00,FX:XAUUSD,4333.97,4334.64,4333.12,4333.42,752.0
2026-09-14 00:39:00,FX:XAUUSD,4333.42,4333.75,4332.82,4332.83,470.0
2026-09-14 00:40:00,FX:XAUUSD,4332.83,4333.98,4332.08,4333.09,565.0
2026-09-14 00:41:00,FX:XAUUSD,4333.09,4334.54,4332.83,4333.98,721.0
2026-09-14 00:42:00,FX:XAUUSD,4333.98,4334.67,4333.18,4333.44,449.0
2026-09-14 00:43:00,FX:XAUUSD,4333.44,4337.81,4333.11,4337.65,635.0
2026-09-14 00:44:00,FX:XAUUSD,4337.65,4338.55,4336.74,4338.16,521.0
2026-09-14 00:45:00,FX:XAUUSD,4338.16,4339.1,4337.26,4337.31,811.0
2026-09-14 00:46:00,FX:XAUUSD,4337.31,4339.87,4337.31,4338.71,834.0
2026-09-14 00:47:00,FX:XAUUSD,4338.71,4342.52,4338.71,4340.31,972.0
2026-09-14 00:48:00,FX:XAUUSD,4340.31,4341.72,4338.55,4338.69,699.0
2026-09-14 00:49:00,FX:XAUUSD,4338.69,4340.28,4338.68,4339.65,660.0
2026-09-14 00:50:00,FX:XAUUSD,4339.65,4341.09,4339.61,4340.72,727.0
2026-09-14 00:51:00,FX:XAUUSD,4340.72,4341.06,4339.73,4340.84,509.0
2026-09-14 00:52:00,FX:XAUUSD,4340.84,4341.57,4340.35,4341.54,490.0
2026-09-14 00:53:00,FX:XAUUSD,4341.54,4342.46,4339.76,4340.16,664.0
2026-09-14 00:54:00,FX:XAUUSD,4340.16,4342.66,4340.16,4342.66,582.0
2026-09-14 00:55:00,FX:XAUUSD,4342.66,4343.39,4340.36,4340.82,633.0
2026-09-14 00:56:00,FX:XAUUSD,4340.82,4341.2,4340.33,4340.74,468.0
2026-09-14 00:57:00,FX:XAUUSD,4340.74,4341.41,4340.12,4340.12,429.0
2026-09-14 00:58:00,FX:XAUUSD,4340.12,4341.43,4338.3,4338.37,714.0
2026-09-14 00:59:00,FX:XAUUSD,4338.37,4340.05,4337.92,4338.6,1232.0
2026-09-14 01:00:00,FX:XAUUSD,4338.6,4341.65,4333.82,4341.48,3642.0
2026-09-14 01:01:00,FX:XAUUSD,4341.48,4344.54,4339.05,4344.07,2791.0
2026-09-14 01:02:00,FX:XAUUSD,4344.07,4344.48,4338.78,4342.54,2865.0
2026-09-14 01:03:00,FX:XAUUSD,4342.54,4342.54,4332.53,4335.44,2839.0
2026-09-14 01:04:00,FX:XAUUSD,4335.44,4335.53,4330.95,4331.1,2615.0
2026-09-14 01:05:00,FX:XAUUSD,4331.1,4334.78,4330.92,4333.64,2184.0
2026-09-14 01:06:00,FX:XAUUSD,4333.64,4334.58,4330.03,4330.03,2314.0
2026-09-14 01:07:00,FX:XAUUSD,4330.03,4335.27,4329.73,4334.77,2186.0
2026-09-14 01:08:00,FX:XAUUSD,4334.77,4335.84,4333.95,4335.37,1726.0
2026-09-14 01:09:00,FX:XAUUSD,4335.37,4336.98,4333.17,4336.32,1718.0
2026-09-14 01:10:00,FX:XAUUSD,4336.32,4336.79,4332.53,4332.53,1900.0
2026-09-14 01:11:00,FX:XAUUSD,4332.53,4335.47,4331.3,4332.2,1707.0
2026-09-14 01:12:00,FX:XAUUSD,4332.2,4332.58,4329.38,4331.26,2028.0
2026-09-14 01:13:00,FX:XAUUSD,4331.26,4331.68,4330.16,4330.33,1737.0
2026-09-14 01:14:00,FX:XAUUSD,4330.33,4332.25,4329.58,4331.51,1458.0
2026-09-14 01:15:00,FX:XAUUSD,4331.51,4333.65,4330.61,4331.41,1761.0
2026-09-14 01:16:00,FX:XAUUSD,4331.41,4332.11,4329.23,4329.74,1630.0
2026-09-14 01:17:00,FX:XAUUSD,4329.74,4332.36,4328.62,4330.32,1529.0
2026-09-14 01:18:00,FX:XAUUSD,4330.32,4332.78,4330.32,4331.75,1226.0
2026-09-14 01:19:00,FX:XAUUSD,4331.75,4332.98,4326.86,4327.14,1569.0
2026-09-14 01:20:00,FX:XAUUSD,4327.14,4329.56,4326.25,4329.33,1259.0
2026-09-14 01:21:00,FX:XAUUSD,4329.33,4332.86,4329.09,4331.87,1324.0
2026-09-14 01:22:00,FX:XAUUSD,4331.87,4334.14,4331.27,4334.08,955.0
2026-09-14 01:23:00,FX:XAUUSD,4334.08,4335.47,4331.98,4334.31,1072.0
2026-09-14 01:24:00,FX:XAUUSD,4334.31,4337.56,4334.31,4334.99,1348.0
2026-09-14 01:25:00,FX:XAUUSD,4334.99,4335.07,4332.25,4332.96,1148.0
2026-09-14 01:26:00,FX:XAUUSD,4332.96,4335.11,4330.9,4335.04,1285.0
2026-09-14 01:27:00,FX:XAUUSD,4335.04,4337.23,4333.42,4336.14,1204.0
2026-09-14 01:28:00,FX:XAUUSD,4336.14,4337.83,4335.85,4337.09,1253.0
2026-09-14 01:29:00,FX:XAUUSD,4337.09,4337.23,4334.34,4335.45,1083.0
2026-09-14 01:30:00,FX:XAUUSD,4335.45,4336.11,4334.13,4334.64,1205.0
2026-09-14 01:31:00,FX:XAUUSD,4334.64,4335.74,4332.32,4333.31,1180.0
2026-09-14 01:32:00,FX:XAUUSD,4333.31,4333.93,4330.14,4330.82,1322.0
2026-09-14 01:33:00,FX:XAUUSD,4330.82,4331.25,4328.49,4330.55,1249.0
2026-09-14 01:34:00,FX:XAUUSD,4330.55,4332.57,4328.35,4331.76,1227.0
2026-09-14 01:35:00,FX:XAUUSD,4331.76,4337.27,4331.65,4335.94,1448.0
2026-09-14 01:36:00,FX:XAUUSD,4335.94,4339.68,4335.55,4338.24,1177.0
2026-09-14 01:37:00,FX:XAUUSD,4338.24,4339.84,4338.24,4339.64,716.0
2026-09-14 01:38:00,FX:XAUUSD,4339.64,4341.64,4339.51,4341.64,851.0
2026-09-14 01:39:00,FX:XAUUSD,4341.64,4344.85,4341.64,4344.59,1185.0
2026-09-14 01:40:00,FX:XAUUSD,4344.59,4346.57,4341.99,4342.93,1340.0
2026-09-14 01:41:00,FX:XAUUSD,4342.93,4343.12,4341.31,4342.88,1031.0
2026-09-14 01:42:00,FX:XAUUSD,4342.88,4342.99,4338.23,4338.28,1288.0
2026-09-14 01:43:00,FX:XAUUSD,4338.28,4341.34,4337.43,4341.32,1008.0
2026-09-14 01:44:00,FX:XAUUSD,4341.32,4342.93,4340.3,4342.42,822.0
2026-09-14 01:45:00,FX:XAUUSD,4342.42,4344.73,4342.42,4344.52,1063.0
2026-09-14 01:46:00,FX:XAUUSD,4344.52,4344.83,4342.74,4344.73,769.0
2026-09-14 01:47:00,FX:XAUUSD,4344.73,4346.66,4343.8,4346.42,780.0
2026-09-14 01:48:00,FX:XAUUSD,4346.42,4348.91,4345.74,4347.6,1015.0
2026-09-14 01:49:00,FX:XAUUSD,4347.6,4348.57,4345.7,4345.73,753.0
2026-09-14 01:50:00,FX:XAUUSD,4345.73,4346.28,4344.81,4344.97,1047.0
2026-09-14 01:51:00,FX:XAUUSD,4344.97,4347.93,4342.59,4347.31,1065.0
2026-09-14 01:52:00,FX:XAUUSD,4347.31,4348.95,4346.92,4348.95,672.0
2026-09-14 01:53:00,FX:XAUUSD,4348.95,4349.97,4347.24,4348.18,826.0
2026-09-14 01:54:00,FX:XAUUSD,4348.18,4349.18,4347.93,4348.08,478.0
2026-09-14 01:55:00,FX:XAUUSD,4348.08,4348.28,4346.68,4347.51,761.0
2026-09-14 01:56:00,FX:XAUUSD,4347.51,4350.26,4347.44,4350.17,782.0
2026-09-14 01:57:00,FX:XAUUSD,4350.17,4351.76,4349.73,4351.13,850.0
2026-09-14 01:58:00,FX:XAUUSD,4351.13,4355.25,4350.92,4353.46,827.0
2026-09-14 01:59:00,FX:XAUUSD,4353.46,4354.4,4352.7,4353.24,794.0
2026-09-14 02:00:00,FX:XAUUSD,4353.24,4353.59,4350.67,4352.03,996.0
2026-09-14 02:01:00,FX:XAUUSD,4352.03,4353.82,4351.13,4353.09,709.0
2026-09-14 02:02:00,FX:XAUUSD,4353.09,4354.03,4350.64,4351.23,750.0
2026-09-14 02:03:00,FX:XAUUSD,4351.23,4352.31,4348.87,4348.87,695.0
2026-09-14 02:04:00,FX:XAUUSD,4348.87,4350.18,4348.46,4349.11,760.0
2026-09-14 02:05:00,FX:XAUUSD,4349.11,4350.74,4349.09,4350.21,675.0
2026-09-14 02:06:00,FX:XAUUSD,4350.21,4352.32,4349.01,4351.91,845.0
2026-09-14 02:07:00,FX:XAUUSD,4351.91,4353.29,4350.85,4353.19,741.0
2026-09-14 02:08:00,FX:XAUUSD,4353.19,4354.89,4352.32,4354.41,615.0
2026-09-14 02:09:00,FX:XAUUSD,4354.41,4354.74,4352.3,4352.51,615.0
2026-09-14 02:10:00,FX:XAUUSD,4352.51,4353.94,4350.98,4350.98,593.0
2026-09-14 02:11:00,FX:XAUUSD,4350.98,4351.73,4350.35,4350.71,489.0
2026-09-14 02:12:00,FX:XAUUSD,4350.71,4350.82,4348.45,4348.58,504.0
2026-09-14 02:13:00,FX:XAUUSD,4348.58,4349.77,4348.58,4349.31,485.0
2026-09-14 02:14:00,FX:XAUUSD,4349.31,4349.48,4348.88,4349.31,500.0
2026-09-14 02:15:00,FX:XAUUSD,4349.31,4349.31,4348.7,4348.88,287.0
2026-09-14 02:16:00,FX:XAUUSD,4348.88,4348.99,4348.19,4348.88,316.0
2026-09-14 02:17:00,FX:XAUUSD,4348.88,4349.27,4348.72,4349.27,171.0
2026-09-14 02:18:00,FX:XAUUSD,4349.27,4349.79,4348.43,4349.47,391.0
2026-09-14 02:19:00,FX:XAUUSD,4349.47,4350.02,4349.08,4349.13,395.0
2026-09-14 02:20:00,FX:XAUUSD,4349.13,4350.8,4348.87,4350.43,384.0
2026-09-14 02:21:00,FX:XAUUSD,4350.43,4350.43,4349.6,4349.78,402.0
2026-09-14 02:22:00,FX:XAUUSD,4349.78,4350.44,4349.42,4350.37,256.0
2026-09-14 02:23:00,FX:XAUUSD,4350.37,4353.78,4350.37,4352.49,346.0
2026-09-14 02:24:00,FX:XAUUSD,4352.49,4353.28,4351.95,4353.28,286.0
2026-09-14 02:25:00,FX:XAUUSD,4353.28,4353.83,4352.7,4353.09,412.0
2026-09-14 02:26:00,FX:XAUUSD,4353.09,4354.06,4352.94,4353.73,334.0
2026-09-14 02:27:00,FX:XAUUSD,4353.73,4353.81,4352.95,4353.05,250.0
2026-09-14 02:28:00,FX:XAUUSD,4353.05,4353.37,4352.41,4352.48,282.0
2026-09-14 02:29:00,FX:XAUUSD,4352.48,4353.09,4351.82,4352.12,280.0
2026-09-14 02:30:00,FX:XAUUSD,4352.12,4354.38,4350.54,4353.51,1328.0
2026-09-14 02:31:00,FX:XAUUSD,4353.51,4355.3,4353.28,4354.97,814.0
2026-09-14 02:32:00,FX:XAUUSD,4354.97,4355.16,4352.65,4353.33,594.0
2026-09-14 02:33:00,FX:XAUUSD,4353.33,4354.54,4352.6,4353.19,808.0
2026-09-14 02:34:00,FX:XAUUSD,4353.19,4355.11,4353.19,4354.32,806.0
2026-09-14 02:35:00,FX:XAUUSD,4354.32,4354.47,4351.49,4351.66,987.0
2026-09-14 02:36:00,FX:XAUUSD,4351.66,4351.67,4350.36,4351.13,704.0
2026-09-14 02:37:00,FX:XAUUSD,4351.13,4351.13,4349.65,4350.36,596.0
2026-09-14 02:38:00,FX:XAUUSD,4350.36,4350.48,4348.68,4349.89,541.0
2026-09-14 02:39:00,FX:XAUUSD,4349.89,4351.84,4347.52,4347.85,774.0
2026-09-14 02:40:00,FX:XAUUSD,4347.85,4347.9,4345.83,4345.83,651.0
2026-09-14 02:41:00,FX:XAUUSD,4345.83,4346.47,4344.83,4345.09,761.0
2026-09-14 02:42:00,FX:XAUUSD,4345.09,4345.32,4343.03,4345.11,839.0
2026-09-14 02:43:00,FX:XAUUSD,4345.11,4347.58,4344.45,4347.35,896.0
2026-09-14 02:44:00,FX:XAUUSD,4347.35,4347.35,4344.65,4345.53,664.0
2026-09-14 02:45:00,FX:XAUUSD,4345.53,4348.05,4345.09,4347.4,697.0
2026-09-14 02:46:00,FX:XAUUSD,4347.4,4347.98,4346.47,4346.47,590.0
2026-09-14 02:47:00,FX:XAUUSD,4346.47,4346.97,4345.36,4345.83,547.0
2026-09-14 02:48:00,FX:XAUUSD,4345.83,4346.99,4345.36,4345.42,515.0
2026-09-14 02:49:00,FX:XAUUSD,4345.42,4345.92,4344.46,4345.02,376.0
2026-09-14 02:50:00,FX:XAUUSD,4345.02,4345.13,4343.37,4344.04,644.0
2026-09-14 02:51:00,FX:XAUUSD,4344.04,4344.04,4341.07,4341.29,698.0
2026-09-14 02:52:00,FX:XAUUSD,4341.29,4341.29,4339.56,4340.45,659.0
2026-09-14 02:53:00,FX:XAUUSD,4340.45,4340.75,4339.37,4340.37,445.0
2026-09-14 02:54:00,FX:XAUUSD,4340.37,4340.64,4337.99,4338.34,586.0
2026-09-14 02:55:00,FX:XAUUSD,4338.34,4338.34,4335.62,4335.73,495.0
2026-09-14 02:56:00,FX:XAUUSD,4335.73,4337.19,4334.76,4335.22,791.0
2026-09-14 02:57:00,FX:XAUUSD,4335.22,4335.22,4332.51,4332.67,836.0
2026-09-14 02:58:00,FX:XAUUSD,4332.67,4333.3,4330.96,4331.02,775.0
2026-09-14 02:59:00,FX:XAUUSD,4331.02,4331.85,4330.26,4330.9,770.0
2026-09-14 03:00:00,FX:XAUUSD,4330.9,4332.18,4328.59,4330.41,1318.0
2026-09-14 03:01:00,FX:XAUUSD,4330.41,4331.2,4327.6,4330.89,930.0
2026-09-14 03:02:00,FX:XAUUSD,4330.89,4331.99,4330.63,4330.63,716.0
2026-09-14 03:03:00,FX:XAUUSD,4330.63,4332.91,4330.61,4332.87,462.0
2026-09-14 03:04:00,FX:XAUUSD,4332.87,4332.9,4331.36,4332.4,583.0
2026-09-14 03:05:00,FX:XAUUSD,4332.4,4333.36,4331.97,4332.95,533.0
2026-09-14 03:06:00,FX:XAUUSD,4332.95,4334.39,4332.28,4333.13,581.0
2026-09-14 03:07:00,FX:XAUUSD,4333.13,4333.92,4331.94,4333.63,513.0
2026-09-14 03:08:00,FX:XAUUSD,4333.63,4334.58,4333.17,4334.58,409.0
2026-09-14 03:09:00,FX:XAUUSD,4334.58,4336.0,4334.13,4335.73,440.0
2026-09-14 03:10:00,FX:XAUUSD,4335.73,4335.96,4332.84,4333.61,542.0
2026-09-14 03:11:00,FX:XAUUSD,4333.61,4334.4,4333.23,4334.22,351.0
2026-09-14 03:12:00,FX:XAUUSD,4334.22,4335.93,4334.22,4334.34,460.0
2026-09-14 03:13:00,FX:XAUUSD,4334.34,4336.06,4333.94,4335.53,364.0
2026-09-14 03:14:00,FX:XAUUSD,4335.53,4335.72,4332.82,4333.36,448.0
2026-09-14 03:15:00,FX:XAUUSD,4333.36,4333.93,4332.67,4332.97,437.0
2026-09-14 03:16:00,FX:XAUUSD,4332.97,4333.4,4331.99,4333.14,443.0
2026-09-14 03:17:00,FX:XAUUSD,4333.14,4334.02,4331.96,4333.56,549.0
2026-09-14 03:18:00,FX:XAUUSD,4333.56,4334.57,4333.51,4334.34,226.0
2026-09-14 03:19:00,FX:XAUUSD,4334.34,4335.87,4333.92,4335.56,418.0
2026-09-14 03:20:00,FX:XAUUSD,4335.56,4336.29,4334.96,4335.37,392.0
2026-09-14 03:21:00,FX:XAUUSD,4335.37,4335.41,4334.11,4334.59,339.0
2026-09-14 03:22:00,FX:XAUUSD,4334.59,4336.36,4334.17,4335.75,379.0
2026-09-14 03:23:00,FX:XAUUSD,4335.75,4336.03,4335.4,4335.65,178.0
2026-09-14 03:24:00,FX:XAUUSD,4335.65,4335.87,4334.8,4334.85,301.0
2026-09-14 03:25:00,FX:XAUUSD,4334.85,4335.46,4333.95,4334.1,432.0
2026-09-14 03:26:00,FX:XAUUSD,4334.1,4334.4,4333.35,4333.61,539.0
2026-09-14 03:27:00,FX:XAUUSD,4333.61,4333.92,4333.08,4333.67,372.0
2026-09-14 03:28:00,FX:XAUUSD,4333.67,4334.87,4333.67,4334.55,297.0
2026-09-14 03:29:00,FX:XAUUSD,4334.55,4335.14,4334.31,4334.86,322.0
2026-09-14 03:30:00,FX:XAUUSD,4334.86,4335.22,4332.68,4332.7,456.0
2026-09-14 03:31:00,FX:XAUUSD,4332.7,4333.26,4332.04,4333.09,373.0
2026-09-14 03:32:00,FX:XAUUSD,4333.09,4333.51,4332.14,4332.27,313.0
2026-09-14 03:33:00,FX:XAUUSD,4332.27,4332.27,4330.64,4330.73,368.0
2026-09-14 03:34:00,FX:XAUUSD,4330.73,4331.18,4330.03,4330.25,337.0
2026-09-14 03:35:00,FX:XAUUSD,4330.25,4330.47,4328.96,4329.25,513.0
2026-09-14 03:36:00,FX:XAUUSD,4329.25,4329.57,4328.25,4329.14,367.0
2026-09-14 03:37:00,FX:XAUUSD,4329.14,4332.07,4328.93,4331.62,538.0
2026-09-14 03:38:00,FX:XAUUSD,4331.62,4332.15,4331.09,4331.95,428.0
2026-09-14 03:39:00,FX:XAUUSD,4331.95,4333.0,4331.41,4332.04,388.0
2026-09-14 03:40:00,FX:XAUUSD,4332.04,4332.04,4328.77,4329.17,490.0
2026-09-14 03:41:00,FX:XAUUSD,4329.17,4329.32,4327.19,4327.29,480.0
2026-09-14 03:42:00,FX:XAUUSD,4327.29,4328.72,4327.2,4328.72,388.0
2026-09-14 03:43:00,FX:XAUUSD,4328.72,4329.46,4328.17,4329.22,434.0
2026-09-14 03:44:00,FX:XAUUSD,4329.22,4329.34,4328.58,4328.97,234.0
2026-09-14 03:45:00,FX:XAUUSD,4328.97,4330.14,4328.92,4330.12,188.0
2026-09-14 03:46:00,FX:XAUUSD,4330.12,4331.05,4329.61,4329.96,292.0
2026-09-14 03:47:00,FX:XAUUSD,4329.96,4330.04,4328.65,4329.24,398.0
2026-09-14 03:48:00,FX:XAUUSD,4329.24,4331.2,4329.24,4330.98,331.0
2026-09-14 03:49:00,FX:XAUUSD,4330.98,4333.29,4330.83,4332.95,341.0
2026-09-14 03:50:00,FX:XAUUSD,4332.95,4333.16,4332.0,4333.12,202.0
2026-09-14 03:51:00,FX:XAUUSD,4333.12,4333.67,4330.42,4331.03,307.0
2026-09-14 03:52:00,FX:XAUUSD,4331.03,4331.68,4330.35,4331.63,273.0
2026-09-14 03:53:00,FX:XAUUSD,4331.63,4332.94,4331.49,4332.94,218.0
2026-09-14 03:54:00,FX:XAUUSD,4332.94,4333.22,4331.69,4331.95,284.0
2026-09-14 03:55:00,FX:XAUUSD,4331.95,4332.73,4331.02,4331.51,348.0
2026-09-14 03:56:00,FX:XAUUSD,4331.51,4331.88,4330.43,4331.08,454.0
2026-09-14 03:57:00,FX:XAUUSD,4331.08,4331.72,4330.88,4331.02,349.0
2026-09-14 03:58:00,FX:XAUUSD,4331.02,4331.02,4329.64,4330.32,418.0
2026-09-14 03:59:00,FX:XAUUSD,4330.32,4330.49,4330.22,4330.39,144.0
2026-09-14 04:00:00,FX:XAUUSD,4330.39,4331.49,4330.1,4330.88,350.0
2026-09-14 04:01:00,FX:XAUUSD,4330.88,4331.62,4330.21,4330.21,261.0
2026-09-14 04:02:00,FX:XAUUSD,4330.21,4330.52,4329.91,4330.22,303.0
2026-09-14 04:03:00,FX:XAUUSD,4330.22,4331.55,4330.01,4331.51,337.0
2026-09-14 04:04:00,FX:XAUUSD,4331.51,4331.56,4330.7,4331.04,199.0
2026-09-14 04:05:00,FX:XAUUSD,4331.04,4331.59,4329.83,4330.44,290.0
2026-09-14 04:06:00,FX:XAUUSD,4330.44,4331.11,4329.72,4330.49,369.0
2026-09-14 04:07:00,FX:XAUUSD,4330.49,4331.23,4329.9,4330.03,362.0
2026-09-14 04:08:00,FX:XAUUSD,4330.03,4330.07,4329.16,4329.26,276.0
2026-09-14 04:09:00,FX:XAUUSD,4329.26,4330.77,4329.09,4330.75,437.0
2026-09-14 04:10:00,FX:XAUUSD,4330.75,4331.01,4330.16,4330.25,322.0
2026-09-14 04:11:00,FX:XAUUSD,4330.25,4330.86,4329.69,4330.67,234.0
2026-09-14 04:12:00,FX:XAUUSD,4330.67,4330.77,4329.77,4329.86,265.0
2026-09-14 04:13:00,FX:XAUUSD,4329.86,4330.67,4329.58,4330.32,236.0
2026-09-14 04:14:00,FX:XAUUSD,4330.32,4330.42,4329.07,4329.07,197.0
2026-09-14 04:15:00,FX:XAUUSD,4329.07,4330.09,4329.06,4329.68,254.0
2026-09-14 04:16:00,FX:XAUUSD,4329.68,4330.09,4329.3,4330.08,273.0
2026-09-14 04:17:00,FX:XAUUSD,4330.08,4330.12,4329.39,4329.52,225.0
2026-09-14 04:18:00,FX:XAUUSD,4329.52,4329.67,4328.88,4329.41,268.0
2026-09-14 04:19:00,FX:XAUUSD,4329.41,4329.79,4329.13,4329.7,165.0
2026-09-14 04:20:00,FX:XAUUSD,4329.7,4329.7,4329.29,4329.41,151.0
2026-09-14 04:21:00,FX:XAUUSD,4329.41,4329.88,4329.24,4329.48,153.0
2026-09-14 04:22:00,FX:XAUUSD,4329.48,4330.44,4329.07,4330.41,274.0
2026-09-14 04:23:00,FX:XAUUSD,4330.41,4330.42,4329.6,4330.18,171.0
2026-09-14 04:24:00,FX:XAUUSD,4330.18,4330.25,4329.79,4330.07,152.0
2026-09-14 04:25:00,FX:XAUUSD,4330.07,4331.05,4330.07,4330.43,320.0
2026-09-14 04:26:00,FX:XAUUSD,4330.43,4330.78,4329.56,4330.78,260.0
2026-09-14 04:27:00,FX:XAUUSD,4330.78,4331.63,4330.76,4331.18,291.0
2026-09-14 04:28:00,FX:XAUUSD,4331.18,4331.46,4330.72,4330.97,247.0
2026-09-14 04:29:00,FX:XAUUSD,4330.97,4331.69,4330.69,4331.42,247.0
2026-09-14 04:30:00,FX:XAUUSD,4331.42,4331.63,4330.26,4331.12,296.0
2026-09-14 04:31:00,FX:XAUUSD,4331.12,4331.29,4330.15,4330.17,250.0
2026-09-14 04:32:00,FX:XAUUSD,4330.17,4330.72,4329.24,4329.37,265.0
2026-09-14 04:33:00,FX:XAUUSD,4329.37,4330.14,4328.45,4328.46,369.0
2026-09-14 04:34:00,FX:XAUUSD,4328.46,4328.85,4327.63,4327.75,280.0
2026-09-14 04:35:00,FX:XAUUSD,4327.75,4329.79,4327.69,4329.38,373.0
2026-09-14 04:36:00,FX:XAUUSD,4329.38,4329.83,4328.65,4328.65,288.0
2026-09-14 04:37:00,FX:XAUUSD,4328.65,4329.08,4327.23,4327.68,381.0
2026-09-14 04:38:00,FX:XAUUSD,4327.68,4327.79,4325.12,4325.32,667.0
2026-09-14 04:39:00,FX:XAUUSD,4325.32,4326.77,4325.1,4326.43,404.0
2026-09-14 04:40:00,FX:XAUUSD,4326.43,4326.54,4325.18,4325.43,374.0
2026-09-14 04:41:00,FX:XAUUSD,4325.43,4325.67,4324.34,4324.64,538.0
2026-09-14 04:42:00,FX:XAUUSD,4324.64,4325.18,4324.03,4324.98,426.0
2026-09-14 04:43:00,FX:XAUUSD,4324.98,4325.48,4324.07,4324.21,300.0
2026-09-14 04:44:00,FX:XAUUSD,4324.21,4324.44,4323.26,4323.26,385.0
2026-09-14 04:45:00,FX:XAUUSD,4323.26,4324.15,4322.94,4323.9,474.0
2026-09-14 04:46:00,FX:XAUUSD,4323.9,4323.9,4322.91,4323.01,295.0
2026-09-14 04:47:00,FX:XAUUSD,4323.01,4323.35,4322.03,4322.35,370.0
2026-09-14 04:48:00,FX:XAUUSD,4322.35,4324.64,4322.13,4324.51,364.0
2026-09-14 04:49:00,FX:XAUUSD,4324.51,4325.54,4324.08,4324.85,391.0
2026-09-14 04:50:00,FX:XAUUSD,4324.85,4325.4,4324.56,4324.97,307.0
2026-09-14 04:51:00,FX:XAUUSD,4324.97,4324.99,4323.09,4324.31,443.0
2026-09-14 04:52:00,FX:XAUUSD,4324.31,4325.82,4323.8,4324.75,444.0
2026-09-14 04:53:00,FX:XAUUSD,4324.75,4326.9,4324.26,4326.48,440.0
2026-09-14 04:54:00,FX:XAUUSD,4326.48,4328.34,4326.04,4328.24,388.0
2026-09-14 04:55:00,FX:XAUUSD,4328.24,4330.8,4328.24,4330.68,451.0
2026-09-14 04:56:00,FX:XAUUSD,4330.68,4331.5,4329.44,4329.47,332.0
2026-09-14 04:57:00,FX:XAUUSD,4329.47,4329.72,4328.53,4329.01,296.0
2026-09-14 04:58:00,FX:XAUUSD,4329.01,4329.53,4328.67,4329.53,294.0
2026-09-14 04:59:00,FX:XAUUSD,4329.53,4329.82,4329.27,4329.45,293.0
2026-09-14 05:00:00,FX:XAUUSD,4329.45,4330.17,4329.29,4329.89,289.0
2026-09-14 05:01:00,FX:XAUUSD,4329.89,4330.04,4328.68,4328.89,360.0
2026-09-14 05:02:00,FX:XAUUSD,4328.89,4328.92,4327.78,4328.1,474.0
2026-09-14 05:03:00,FX:XAUUSD,4328.1,4330.12,4327.02,4330.1,380.0
2026-09-14 05:04:00,FX:XAUUSD,4330.1,4332.69,4330.07,4332.02,424.0
2026-09-14 05:05:00,FX:XAUUSD,4332.02,4332.02,4330.65,4331.99,380.0
2026-09-14 05:06:00,FX:XAUUSD,4331.99,4332.02,4330.3,4330.56,435.0
2026-09-14 05:07:00,FX:XAUUSD,4330.56,4331.6,4329.86,4331.23,509.0
2026-09-14 05:08:00,FX:XAUUSD,4331.23,4332.32,4330.06,4330.52,343.0
2026-09-14 05:09:00,FX:XAUUSD,4330.52,4330.77,4328.74,4328.87,373.0
2026-09-14 05:10:00,FX:XAUUSD,4328.87,4328.89,4326.63,4326.76,426.0
2026-09-14 05:11:00,FX:XAUUSD,4326.76,4327.56,4326.54,4327.06,408.0
2026-09-14 05:12:00,FX:XAUUSD,4327.06,4328.43,4326.67,4327.93,313.0
2026-09-14 05:13:00,FX:XAUUSD,4327.93,4329.45,4327.68,4329.45,318.0
2026-09-14 05:14:00,FX:XAUUSD,4329.45,4330.73,4329.15,4330.73,245.0
2026-09-14 05:15:00,FX:XAUUSD,4330.73,4331.81,4330.64,4331.2,320.0
2026-09-14 05:16:00,FX:XAUUSD,4331.2,4332.16,4330.92,4331.02,299.0
2026-09-14 05:17:00,FX:XAUUSD,4331.02,4331.49,4330.53,4330.53,295.0
2026-09-14 05:18:00,FX:XAUUSD,4330.53,4330.82,4329.77,4329.8,323.0
2026-09-14 05:19:00,FX:XAUUSD,4329.8,4330.11,4329.54,4329.7,194.0
2026-09-14 05:20:00,FX:XAUUSD,4329.7,4330.18,4329.6,4329.62,284.0
2026-09-14 05:21:00,FX:XAUUSD,4329.62,4329.99,4329.41,4329.83,287.0
2026-09-14 05:22:00,FX:XAUUSD,4329.83,4330.17,4329.37,4329.4,221.0
2026-09-14 05:23:00,FX:XAUUSD,4329.4,4329.84,4327.74,4327.74,351.0
2026-09-14 05:24:00,FX:XAUUSD,4327.74,4327.77,4326.32,4327.28,377.0
2026-09-14 05:25:00,FX:XAUUSD,4327.28,4328.12,4326.9,4327.77,354.0
2026-09-14 05:26:00,FX:XAUUSD,4327.77,4328.9,4327.63,4328.48,252.0
2026-09-14 05:27:00,FX:XAUUSD,4328.48,4328.99,4327.71,4328.9,353.0
2026-09-14 05:28:00,FX:XAUUSD,4328.9,4328.9,4327.22,4327.51,309.0
2026-09-14 05:29:00,FX:XAUUSD,4327.51,4327.98,4326.42,4326.42,466.0
2026-09-14 05:30:00,FX:XAUUSD,4326.42,4333.61,4325.37,4332.27,1863.0
2026-09-14 05:31:00,FX:XAUUSD,4332.27,4333.19,4331.88,4332.29,943.0
2026-09-14 05:32:00,FX:XAUUSD,4332.29,4334.88,4332.0,4334.75,900.0
2026-09-14 05:33:00,FX:XAUUSD,4334.75,4336.66,4334.59,4336.2,883.0
2026-09-14 05:34:00,FX:XAUUSD,4336.2,4336.2,4332.29,4332.29,776.0
2026-09-14 05:35:00,FX:XAUUSD,4332.29,4336.14,4332.28,4334.56,896.0
2026-09-14 05:36:00,FX:XAUUSD,4334.56,4334.82,4332.61,4333.9,830.0
2026-09-14 05:37:00,FX:XAUUSD,4333.9,4334.58,4333.51,4334.07,620.0
2026-09-14 05:38:00,FX:XAUUSD,4334.07,4336.33,4334.06,4335.17,649.0
2026-09-14 05:39:00,FX:XAUUSD,4335.17,4337.09,4335.14,4335.25,651.0
2026-09-14 05:40:00,FX:XAUUSD,4335.25,4335.25,4332.27,4333.33,793.0
2026-09-14 05:41:00,FX:XAUUSD,4333.33,4333.33,4330.24,4332.11,839.0
2026-09-14 05:42:00,FX:XAUUSD,4332.11,4332.4,4326.75,4327.01,1239.0
2026-09-14 05:43:00,FX:XAUUSD,4327.01,4329.89,4326.32,4329.59,1109.0
2026-09-14 05:44:00,FX:XAUUSD,4329.59,4331.73,4328.99,4330.85,732.0
2026-09-14 05:45:00,FX:XAUUSD,4330.85,4331.91,4329.52,4329.56,839.0
2026-09-14 05:46:00,FX:XAUUSD,4329.56,4333.97,4329.56,4330.37,1045.0
2026-09-14 05:47:00,FX:XAUUSD,4330.37,4331.11,4329.07,4330.56,899.0
2026-09-14 05:48:00,FX:XAUUSD,4330.56,4331.28,4326.49,4327.24,903.0
2026-09-14 05:49:00,FX:XAUUSD,4327.24,4327.38,4325.22,4326.2,771.0
2026-09-14 05:50:00,FX:XAUUSD,4326.2,4327.24,4323.3,4327.14,993.0
2026-09-14 05:51:00,FX:XAUUSD,4327.14,4329.52,4327.14,4328.65,792.0
2026-09-14 05:52:00,FX:XAUUSD,4328.65,4329.41,4327.91,4329.05,793.0
2026-09-14 05:53:00,FX:XAUUSD,4329.05,4332.59,4328.91,4332.38,634.0
2026-09-14 05:54:00,FX:XAUUSD,4332.38,4334.66,4332.38,4334.57,642.0
2026-09-14 05:55:00,FX:XAUUSD,4334.57,4334.57,4332.83,4333.68,841.0
2026-09-14 05:56:00,FX:XAUUSD,4333.68,4336.38,4333.59,4335.22,676.0
2026-09-14 05:57:00,FX:XAUUSD,4335.22,4336.32,4334.67,4335.69,674.0
2026-09-14 05:58:00,FX:XAUUSD,4335.69,4336.77,4334.99,4336.29,487.0
2026-09-14 05:59:00,FX:XAUUSD,4336.29,4337.34,4335.82,4337.28,588.0
2026-09-14 06:00:00,FX:XAUUSD,4337.28,4338.47,4335.91,4336.22,1093.0
2026-09-14 06:01:00,FX:XAUUSD,4336.22,4338.44,4335.35,4337.96,831.0
2026-09-14 06:02:00,FX:XAUUSD,4337.96,4338.6,4336.47,4336.74,871.0
2026-09-14 06:03:00,FX:XAUUSD,4336.74,4336.8,4335.72,4335.9,606.0
2026-09-14 06:04:00,FX:XAUUSD,4335.9,4336.35,4334.27,4334.42,747.0
2026-09-14 06:05:00,FX:XAUUSD,4334.42,4335.92,4332.96,4333.5,867.0
2026-09-14 06:06:00,FX:XAUUSD,4333.5,4334.3,4331.22,4331.63,820.0
2026-09-14 06:07:00,FX:XAUUSD,4331.63,4333.58,4330.84,4333.41,751.0
2026-09-14 06:08:00,FX:XAUUSD,4333.41,4334.33,4332.73,4332.73,644.0
2026-09-14 06:09:00,FX:XAUUSD,4332.73,4332.73,4330.88,4330.88,768.0
2026-09-14 06:10:00,FX:XAUUSD,4330.88,4331.7,4330.1,4331.46,731.0
2026-09-14 06:11:00,FX:XAUUSD,4331.46,4333.7,4330.93,4332.43,819.0
2026-09-14 06:12:00,FX:XAUUSD,4332.43,4332.63,4328.59,4328.98,780.0
2026-09-14 06:13:00,FX:XAUUSD,4328.98,4329.41,4326.94,4327.87,630.0
2026-09-14 06:14:00,FX:XAUUSD,4327.87,4329.98,4327.87,4329.88,497.0
2026-09-14 06:15:00,FX:XAUUSD,4329.88,4329.95,4328.06,4328.49,553.0
2026-09-14 06:16:00,FX:XAUUSD,4328.49,4330.03,4327.64,4329.35,744.0
2026-09-14 06:17:00,FX:XAUUSD,4329.35,4330.0,4328.78,4329.1,480.0
2026-09-14 06:18:00,FX:XAUUSD,4329.1,4329.24,4328.64,4329.11,411.0
2026-09-14 06:19:00,FX:XAUUSD,4329.11,4330.39,4328.33,4330.22,425.0
2026-09-14 06:20:00,FX:XAUUSD,4330.22,4331.35,4329.18,4329.21,530.0
2026-09-14 06:21:00,FX:XAUUSD,4329.21,4329.21,4327.66,4328.73,504.0
2026-09-14 06:22:00,FX:XAUUSD,4328.73,4329.12,4326.84,4327.62,498.0
2026-09-14 06:23:00,FX:XAUUSD,4327.62,4329.08,4327.53,4329.01,579.0
2026-09-14 06:24:00,FX:XAUUSD,4329.01,4329.84,4328.86,4329.41,331.0
2026-09-14 06:25:00,FX:XAUUSD,4329.41,4330.86,4328.86,4330.65,381.0
2026-09-14 06:26:00,FX:XAUUSD,4330.65,4331.61,4329.83,4331.5,523.0
2026-09-14 06:27:00,FX:XAUUSD,4331.5,4332.47,4330.92,4331.9,476.0
2026-09-14 06:28:00,FX:XAUUSD,4331.9,4331.9,4329.96,4330.41,564.0
2026-09-14 06:29:00,FX:XAUUSD,4330.41,4331.5,4329.99,4330.06,497.0
2026-09-14 06:30:00,FX:XAUUSD,4330.06,4330.94,4329.7,4330.82,541.0
2026-09-14 06:31:00,FX:XAUUSD,4330.82,4332.2,4330.63,4331.23,433.0
2026-09-14 06:32:00,FX:XAUUSD,4331.23,4331.7,4329.29,4330.19,459.0
2026-09-14 06:33:00,FX:XAUUSD,4330.19,4330.9,4329.79,4329.96,399.0
2026-09-14 06:34:00,FX:XAUUSD,4329.96,4330.13,4329.18,4330.13,363.0
2026-09-14 06:35:00,FX:XAUUSD,4330.13,4330.84,4328.89,4329.12,532.0
2026-09-14 06:36:00,FX:XAUUSD,4329.12,4331.26,4329.12,4331.25,477.0
2026-09-14 06:37:00,FX:XAUUSD,4331.25,4332.27,4330.58,4330.63,521.0
2026-09-14 06:38:00,FX:XAUUSD,4330.63,4331.56,4328.81,4328.83,536.0
2026-09-14 06:39:00,FX:XAUUSD,4328.83,4329.0,4327.6,4327.66,653.0
2026-09-14 06:40:00,FX:XAUUSD,4327.66,4328.05,4326.8,4327.19,489.0
2026-09-14 06:41:00,FX:XAUUSD,4327.19,4327.89,4326.8,4327.01,536.0
2026-09-14 06:42:00,FX:XAUUSD,4327.01,4327.07,4325.85,4326.37,673.0
2026-09-14 06:43:00,FX:XAUUSD,4326.37,4326.44,4325.17,4325.45,518.0
2026-09-14 06:44:00,FX:XAUUSD,4325.45,4327.65,4325.05,4327.25,684.0
2026-09-14 06:45:00,FX:XAUUSD,4327.25,4329.71,4327.25,4328.39,756.0
2026-09-14 06:46:00,FX:XAUUSD,4328.39,4329.19,4325.9,4328.43,872.0
2026-09-14 06:47:00,FX:XAUUSD,4328.43,4328.99,4327.19,4327.58,621.0
2026-09-14 06:48:00,FX:XAUUSD,4327.58,4328.34,4327.14,4327.66,588.0
2026-09-14 06:49:00,FX:XAUUSD,4327.66,4327.85,4323.77,4323.77,585.0
2026-09-14 06:50:00,FX:XAUUSD,4323.77,4324.92,4322.16,4322.54,714.0
2026-09-14 06:51:00,FX:XAUUSD,4322.54,4322.87,4322.15,4322.79,490.0
2026-09-14 06:52:00,FX:XAUUSD,4322.79,4324.71,4322.6,4324.0,556.0
2026-09-14 06:53:00,FX:XAUUSD,4324.0,4324.14,4322.38,4322.6,360.0
2026-09-14 06:54:00,FX:XAUUSD,4322.6,4323.43,4322.29,4323.08,302.0
2026-09-14 06:55:00,FX:XAUUSD,4323.08,4323.22,4322.18,4323.0,441.0
2026-09-14 06:56:00,FX:XAUUSD,4323.0,4323.06,4320.51,4321.22,526.0
2026-09-14 06:57:00,FX:XAUUSD,4321.22,4322.43,4320.93,4321.8,536.0
2026-09-14 06:58:00,FX:XAUUSD,4321.8,4322.25,4321.05,4321.45,534.0
2026-09-14 06:59:00,FX:XAUUSD,4321.45,4322.55,4321.45,4322.12,435.0
2026-09-14 07:00:00,FX:XAUUSD,4322.12,4322.22,4319.96,4320.65,1184.0
2026-09-14 07:01:00,FX:XAUUSD,4320.65,4322.24,4319.73,4319.73,796.0
2026-09-14 07:02:00,FX:XAUUSD,4319.73,4321.19,4318.22,4318.39,1064.0
2026-09-14 07:03:00,FX:XAUUSD,4318.39,4319.42,4317.53,4319.31,737.0
2026-09-14 07:04:00,FX:XAUUSD,4319.31,4321.55,4318.58,4321.48,796.0
2026-09-14 07:05:00,FX:XAUUSD,4321.48,4322.5,4319.7,4322.15,773.0
2026-09-14 07:06:00,FX:XAUUSD,4322.15,4323.14,4321.16,4321.3,647.0
2026-09-14 07:07:00,FX:XAUUSD,4321.3,4321.88,4319.72,4320.07,619.0
2026-09-14 07:08:00,FX:XAUUSD,4320.07,4320.88,4319.37,4320.73,656.0
2026-09-14 07:09:00,FX:XAUUSD,4320.73,4321.34,4318.68,4319.05,842.0
2026-09-14 07:10:00,FX:XAUUSD,4319.05,4321.83,4318.56,4320.93,844.0
2026-09-14 07:11:00,FX:XAUUSD,4320.93,4322.01,4319.87,4321.96,605.0
2026-09-14 07:12:00,FX:XAUUSD,4321.96,4323.34,4321.26,4321.95,569.0
2026-09-14 07:13:00,FX:XAUUSD,4321.95,4323.33,4321.15,4323.33,422.0
2026-09-14 07:14:00,FX:XAUUSD,4323.33,4324.12,4322.77,4323.87,383.0
2026-09-14 07:15:00,FX:XAUUSD,4323.87,4324.18,4321.42,4321.94,517.0
2026-09-14 07:16:00,FX:XAUUSD,4321.94,4323.9,4321.73,4322.84,463.0
2026-09-14 07:17:00,FX:XAUUSD,4322.84,4323.8,4321.75,4322.32,620.0
2026-09-14 07:18:00,FX:XAUUSD,4322.32,4323.03,4321.84,4323.01,402.0
2026-09-14 07:19:00,FX:XAUUSD,4323.01,4323.86,4322.38,4323.74,422.0
2026-09-14 07:20:00,FX:XAUUSD,4323.74,4323.74,4320.21,4320.46,604.0
2026-09-14 07:21:00,FX:XAUUSD,4320.46,4321.68,4319.75,4321.32,457.0
2026-09-14 07:22:00,FX:XAUUSD,4321.32,4321.92,4320.58,4321.51,613.0
2026-09-14 07:23:00,FX:XAUUSD,4321.51,4322.33,4321.13,4322.1,475.0
2026-09-14 07:24:00,FX:XAUUSD,4322.1,4322.1,4319.3,4319.85,664.0
2026-09-14 07:25:00,FX:XAUUSD,4319.85,4320.55,4318.67,4318.95,624.0
2026-09-14 07:26:00,FX:XAUUSD,4318.95,4321.23,4318.84,4321.14,554.0
2026-09-14 07:27:00,FX:XAUUSD,4321.14,4321.61,4318.84,4319.84,443.0
2026-09-14 07:28:00,FX:XAUUSD,4319.84,4319.88,4318.33,4318.42,551.0
2026-09-14 07:29:00,FX:XAUUSD,4318.42,4318.81,4316.31,4316.85,661.0
2026-09-14 07:30:00,FX:XAUUSD,4316.85,4318.14,4316.04,4318.1,612.0
2026-09-14 07:31:00,FX:XAUUSD,4318.1,4319.42,4317.58,4319.12,617.0
2026-09-14 07:32:00,FX:XAUUSD,4319.12,4319.18,4317.62,4318.02,744.0
2026-09-14 07:33:00,FX:XAUUSD,4318.02,4319.03,4316.8,4316.84,504.0
2026-09-14 07:34:00,FX:XAUUSD,4316.84,4317.37,4315.99,4317.36,455.0
2026-09-14 07:35:00,FX:XAUUSD,4317.36,4317.57,4316.33,4316.7,410.0
2026-09-14 07:36:00,FX:XAUUSD,4316.7,4317.9,4316.27,4316.78,577.0
2026-09-14 07:37:00,FX:XAUUSD,4316.78,4317.65,4316.48,4316.72,315.0
2026-09-14 07:38:00,FX:XAUUSD,4316.72,4317.88,4316.72,4317.31,340.0
2026-09-14 07:39:00,FX:XAUUSD,4317.31,4317.98,4315.64,4316.94,572.0
2026-09-14 07:40:00,FX:XAUUSD,4316.94,4318.79,4316.84,4317.9,577.0
2026-09-14 07:41:00,FX:XAUUSD,4317.9,4318.34,4316.68,4317.73,402.0
2026-09-14 07:42:00,FX:XAUUSD,4317.73,4319.12,4317.32,4319.09,380.0
2026-09-14 07:43:00,FX:XAUUSD,4319.09,4319.46,4318.15,4318.47,454.0
2026-09-14 07:44:00,FX:XAUUSD,4318.47,4319.28,4317.61,4319.23,456.0
2026-09-14 07:45:00,FX:XAUUSD,4319.23,4321.89,4318.87,4319.93,672.0
2026-09-14 07:46:00,FX:XAUUSD,4319.93,4321.17,4319.68,4319.97,592.0
2026-09-14 07:47:00,FX:XAUUSD,4319.97,4320.19,4318.23,4318.95,681.0
2026-09-14 07:48:00,FX:XAUUSD,4318.95,4321.03,4316.91,4316.95,801.0
2026-09-14 07:49:00,FX:XAUUSD,4316.95,4318.32,4316.06,4317.76,671.0
2026-09-14 07:50:00,FX:XAUUSD,4317.76,4319.59,4316.62,4316.63,744.0
2026-09-14 07:51:00,FX:XAUUSD,4316.63,4316.63,4311.54,4311.7,875.0
2026-09-14 07:52:00,FX:XAUUSD,4311.7,4312.26,4310.85,4311.66,896.0
2026-09-14 07:53:00,FX:XAUUSD,4311.66,4312.87,4311.04,4311.39,756.0
2026-09-14 07:54:00,FX:XAUUSD,4311.39,4312.34,4311.21,4311.21,539.0
2026-09-14 07:55:00,FX:XAUUSD,4311.21,4312.51,4309.97,4310.04,664.0
2026-09-14 07:56:00,FX:XAUUSD,4310.04,4310.78,4309.29,4309.55,657.0
2026-09-14 07:57:00,FX:XAUUSD,4309.55,4310.02,4308.54,4308.54,526.0
2026-09-14 07:58:00,FX:XAUUSD,4308.54,4310.93,4307.83,4310.67,799.0
2026-09-14 07:59:00,FX:XAUUSD,4310.67,4311.12,4309.97,4310.82,527.0
2026-09-14 08:00:00,FX:XAUUSD,4310.82,4312.4,4310.69,4311.08,1218.0
2026-09-14 08:01:00,FX:XAUUSD,4311.08,4314.18,4310.9,4313.41,1036.0
2026-09-14 08:02:00,FX:XAUUSD,4313.41,4314.33,4311.75,4313.24,881.0
2026-09-14 08:03:00,FX:XAUUSD,4313.24,4314.07,4311.44,4314.06,754.0
2026-09-14 08:04:00,FX:XAUUSD,4314.06,4316.49,4313.78,4314.85,917.0
2026-09-14 08:05:00,FX:XAUUSD,4314.85,4317.35,4313.5,4316.86,781.0
2026-09-14 08:06:00,FX:XAUUSD,4316.86,4318.23,4316.0,4317.74,594.0
2026-09-14 08:07:00,FX:XAUUSD,4317.74,4317.74,4314.37,4314.63,651.0
2026-09-14 08:08:00,FX:XAUUSD,4314.63,4315.72,4314.02,4314.59,577.0
2026-09-14 08:09:00,FX:XAUUSD,4314.59,4316.45,4314.59,4315.86,530.0
2026-09-14 08:10:00,FX:XAUUSD,4315.86,4316.25,4315.11,4315.67,591.0
2026-09-14 08:11:00,FX:XAUUSD,4315.67,4315.72,4314.54,4314.85,479.0
2026-09-14 08:12:00,FX:XAUUSD,4314.85,4314.96,4313.27,4313.94,530.0
2026-09-14 08:13:00,FX:XAUUSD,4313.94,4315.38,4313.25,4313.25,570.0
2026-09-14 08:14:00,FX:XAUUSD,4313.25,4313.8,4312.51,4313.25,480.0
2026-09-14 08:15:00,FX:XAUUSD,4313.25,4313.26,4310.93,4310.93,571.0
2026-09-14 08:16:00,FX:XAUUSD,4310.93,4311.92,4310.61,4311.44,580.0
2026-09-14 08:17:00,FX:XAUUSD,4311.44,4311.89,4310.99,4311.13,398.0
2026-09-14 08:18:00,FX:XAUUSD,4311.13,4311.6,4310.65,4310.87,435.0
2026-09-14 08:19:00,FX:XAUUSD,4310.87,4312.18,4310.1,4311.33,621.0
2026-09-14 08:20:00,FX:XAUUSD,4311.33,4313.06,4311.0,4312.19,555.0
2026-09-14 08:21:00,FX:XAUUSD,4312.19,4313.12,4311.89,4312.42,525.0
2026-09-14 08:22:00,FX:XAUUSD,4312.42,4313.06,4311.91,4312.25,612.0
2026-09-14 08:23:00,FX:XAUUSD,4312.25,4313.24,4311.49,4313.24,759.0
2026-09-14 08:24:00,FX:XAUUSD,4313.24,4314.36,4312.67,4313.22,589.0
2026-09-14 08:25:00,FX:XAUUSD,4313.22,4313.83,4312.24,4312.62,471.0
2026-09-14 08:26:00,FX:XAUUSD,4312.62,4313.35,4312.17,4313.21,514.0
2026-09-14 08:27:00,FX:XAUUSD,4313.21,4313.63,4312.31,4312.9,518.0
2026-09-14 08:28:00,FX:XAUUSD,4312.9,4313.37,4311.74,4312.41,744.0
2026-09-14 08:29:00,FX:XAUUSD,4312.41,4312.41,4310.33,4310.55,865.0
2026-09-14 08:30:00,FX:XAUUSD,4310.55,4310.55,4309.62,4310.18,868.0
2026-09-14 08:31:00,FX:XAUUSD,4310.18,4312.55,4310.02,4311.97,890.0
2026-09-14 08:32:00,FX:XAUUSD,4311.97,4314.01,4311.83,4313.85,548.0
2026-09-14 08:33:00,FX:XAUUSD,4313.85,4313.92,4311.01,4312.06,560.0
2026-09-14 08:34:00,FX:XAUUSD,4312.06,4312.63,4311.79,4312.49,530.0
2026-09-14 08:35:00,FX:XAUUSD,4312.49,4313.79,4312.49,4313.78,485.0
2026-09-14 08:36:00,FX:XAUUSD,4313.78,4314.03,4313.09,4313.66,386.0
2026-09-14 08:37:00,FX:XAUUSD,4313.66,4316.0,4313.47,4314.74,722.0
2026-09-14 08:38:00,FX:XAUUSD,4314.74,4314.75,4313.41,4314.04,540.0
2026-09-14 08:39:00,FX:XAUUSD,4314.04,4314.88,4311.77,4313.29,642.0
2026-09-14 08:40:00,FX:XAUUSD,4313.29,4313.98,4311.96,4312.92,645.0
2026-09-14 08:41:00,FX:XAUUSD,4312.92,4313.89,4312.48,4312.63,689.0
2026-09-14 08:42:00,FX:XAUUSD,4312.63,4313.27,4311.37,4312.06,606.0
2026-09-14 08:43:00,FX:XAUUSD,4312.06,4313.11,4309.57,4309.75,610.0
2026-09-14 08:44:00,FX:XAUUSD,4309.75,4312.12,4309.75,4311.85,478.0
2026-09-14 08:45:00,FX:XAUUSD,4311.85,4313.3,4311.33,4311.43,604.0
2026-09-14 08:46:00,FX:XAUUSD,4311.43,4311.61,4310.46,4310.54,370.0
2026-09-14 08:47:00,FX:XAUUSD,4310.54,4311.53,4310.03,4310.73,416.0
2026-09-14 08:48:00,FX:XAUUSD,4310.73,4310.73,4309.13,4309.13,449.0
2026-09-14 08:49:00,FX:XAUUSD,4309.13,4309.79,4307.12,4309.14,720.0
2026-09-14 08:50:00,FX:XAUUSD,4309.14,4309.14,4306.98,4308.03,513.0
2026-09-14 08:51:00,FX:XAUUSD,4308.03,4308.14,4306.93,4307.24,747.0
2026-09-14 08:52:00,FX:XAUUSD,4307.24,4307.66,4306.8,4307.3,580.0
2026-09-14 08:53:00,FX:XAUUSD,4307.3,4307.35,4305.78,4305.87,575.0
2026-09-14 08:54:00,FX:XAUUSD,4305.87,4306.49,4305.77,4306.26,363.0
2026-09-14 08:55:00,FX:XAUUSD,4306.26,4306.65,4305.58,4305.67,419.0
2026-09-14 08:56:00,FX:XAUUSD,4305.67,4305.77,4303.59,4303.78,544.0
2026-09-14 08:57:00,FX:XAUUSD,4303.78,4304.82,4303.15,4304.78,510.0
2026-09-14 08:58:00,FX:XAUUSD,4304.78,4306.2,4304.31,4305.86,632.0
2026-09-14 08:59:00,FX:XAUUSD,4305.86,4307.25,4305.76,4306.56,558.0
2026-09-14 09:00:00,FX:XAUUSD,4306.56,4309.63,4305.33,4309.56,1102.0
2026-09-14 09:01:00,FX:XAUUSD,4309.56,4311.67,4309.02,4311.63,848.0
2026-09-14 09:02:00,FX:XAUUSD,4311.63,4311.63,4308.63,4308.72,902.0
2026-09-14 09:03:00,FX:XAUUSD,4308.72,4310.69,4307.67,4310.66,702.0
2026-09-14 09:04:00,FX:XAUUSD,4310.66,4311.24,4308.91,4309.16,607.0
2026-09-14 09:05:00,FX:XAUUSD,4309.16,4310.21,4308.83,4309.23,614.0
2026-09-14 09:06:00,FX:XAUUSD,4309.23,4309.46,4308.58,4308.58,567.0
2026-09-14 09:07:00,FX:XAUUSD,4308.58,4309.48,4308.2,4308.66,382.0
2026-09-14 09:08:00,FX:XAUUSD,4308.66,4309.49,4308.3,4309.37,446.0
2026-09-14 09:09:00,FX:XAUUSD,4309.37,4311.33,4308.16,4310.41,926.0
2026-09-14 09:10:00,FX:XAUUSD,4310.41,4310.48,4308.2,4309.12,1092.0
2026-09-14 09:11:00,FX:XAUUSD,4309.12,4309.17,4306.34,4306.36,716.0
2026-09-14 09:12:00,FX:XAUUSD,4306.36,4306.82,4305.79,4306.45,673.0
2026-09-14 09:13:00,FX:XAUUSD,4306.45,4306.52,4305.54,4306.08,648.0
2026-09-14 09:14:00,FX:XAUUSD,4306.08,4306.29,4305.0,4305.88,543.0
2026-09-14 09:15:00,FX:XAUUSD,4305.88,4306.05,4303.08,4303.36,772.0
2026-09-14 09:16:00,FX:XAUUSD,4303.36,4303.79,4302.29,4302.29,697.0
2026-09-14 09:17:00,FX:XAUUSD,4302.29,4302.29,4299.41,4301.02,898.0
2026-09-14 09:18:00,FX:XAUUSD,4301.02,4301.2,4297.27,4297.38,857.0
2026-09-14 09:19:00,FX:XAUUSD,4297.38,4297.79,4286.67,4292.59,2427.0
2026-09-14 09:20:00,FX:XAUUSD,4292.59,4293.07,4289.85,4292.67,1428.0
2026-09-14 09:21:00,FX:XAUUSD,4292.67,4292.67,4289.31,4289.87,876.0
2026-09-14 09:22:00,FX:XAUUSD,4289.87,4290.69,4286.68,4287.23,1079.0
2026-09-14 09:23:00,FX:XAUUSD,4287.23,4289.26,4286.84,4288.78,790.0
2026-09-14 09:24:00,FX:XAUUSD,4288.78,4288.78,4286.12,4287.65,1009.0
2026-09-14 09:25:00,FX:XAUUSD,4287.65,4288.05,4285.1,4285.14,1117.0
2026-09-14 09:26:00,FX:XAUUSD,4285.14,4285.14,4280.19,4283.14,1627.0
2026-09-14 09:27:00,FX:XAUUSD,4283.14,4283.63,4282.23,4283.52,799.0
2026-09-14 09:28:00,FX:XAUUSD,4283.52,4284.9,4283.27,4284.72,790.0
2026-09-14 09:29:00,FX:XAUUSD,4284.72,4288.34,4284.01,4287.92,1162.0
2026-09-14 09:30:00,FX:XAUUSD,4287.92,4288.57,4286.13,4288.5,1370.0
2026-09-14 09:31:00,FX:XAUUSD,4288.5,4289.75,4284.41,4285.88,1301.0
2026-09-14 09:32:00,FX:XAUUSD,4285.88,4286.91,4283.33,4283.6,933.0
2026-09-14 09:33:00,FX:XAUUSD,4283.6,4286.42,4283.56,4286.2,807.0
2026-09-14 09:34:00,FX:XAUUSD,4286.2,4288.02,4285.43,4287.68,583.0
2026-09-14 09:35:00,FX:XAUUSD,4287.68,4288.7,4285.89,4286.14,633.0
2026-09-14 09:36:00,FX:XAUUSD,4286.14,4287.58,4284.79,4287.27,750.0
2026-09-14 09:37:00,FX:XAUUSD,4287.27,4288.19,4285.19,4286.6,616.0
2026-09-14 09:38:00,FX:XAUUSD,4286.6,4287.55,4283.91,4284.22,651.0
2026-09-14 09:39:00,FX:XAUUSD,4284.22,4284.22,4279.31,4282.13,1106.0
2026-09-14 09:40:00,FX:XAUUSD,4282.13,4287.56,4280.51,4280.73,1545.0
2026-09-14 09:41:00,FX:XAUUSD,4280.73,4284.12,4280.48,4283.93,973.0
2026-09-14 09:42:00,FX:XAUUSD,4283.93,4286.56,4283.62,4285.79,765.0
2026-09-14 09:43:00,FX:XAUUSD,4285.79,4286.22,4284.1,4285.56,561.0
2026-09-14 09:44:00,FX:XAUUSD,4285.56,4285.56,4281.27,4281.35,654.0
2026-09-14 09:45:00,FX:XAUUSD,4281.35,4282.31,4279.2,4280.48,1009.0
2026-09-14 09:46:00,FX:XAUUSD,4280.48,4282.02,4280.29,4281.56,841.0
2026-09-14 09:47:00,FX:XAUUSD,4281.56,4284.29,4280.55,4282.0,753.0
2026-09-14 09:48:00,FX:XAUUSD,4282.0,4282.09,4280.64,4280.74,652.0
2026-09-14 09:49:00,FX:XAUUSD,4280.74,4281.71,4279.47,4281.71,527.0
2026-09-14 09:50:00,FX:XAUUSD,4281.71,4283.73,4280.58,4280.8,790.0
2026-09-14 09:51:00,FX:XAUUSD,4280.8,4281.75,4278.48,4281.13,895.0
2026-09-14 09:52:00,FX:XAUUSD,4281.13,4283.58,4281.13,4283.11,601.0
2026-09-14 09:53:00,FX:XAUUSD,4283.11,4285.1,4282.94,4284.64,465.0
2026-09-14 09:54:00,FX:XAUUSD,4284.64,4287.65,4284.01,4287.55,718.0
2026-09-14 09:55:00,FX:XAUUSD,4287.55,4288.3,4286.65,4286.65,721.0
2026-09-14 09:56:00,FX:XAUUSD,4286.65,4287.47,4284.78,4287.07,709.0
2026-09-14 09:57:00,FX:XAUUSD,4287.07,4287.69,4286.04,4286.1,562.0
2026-09-14 09:58:00,FX:XAUUSD,4286.1,4287.29,4285.31,4285.34,701.0
2026-09-14 09:59:00,FX:XAUUSD,4285.34,4285.61,4284.42,4285.33,739.0
2026-09-14 10:00:00,FX:XAUUSD,4285.33,4285.9,4283.14,4283.43,1083.0
2026-09-14 10:01:00,FX:XAUUSD,4283.43,4284.13,4281.28,4281.35,931.0
2026-09-14 10:02:00,FX:XAUUSD,4281.35,4282.36,4280.15,4281.15,801.0
2026-09-14 10:03:00,FX:XAUUSD,4281.15,4281.42,4278.3,4279.14,785.0
2026-09-14 10:04:00,FX:XAUUSD,4279.14,4282.24,4278.95,4281.63,989.0
2026-09-14 10:05:00,FX:XAUUSD,4281.63,4284.55,4281.59,4283.57,688.0
2026-09-14 10:06:00,FX:XAUUSD,4283.57,4284.01,4282.13,4282.38,650.0
2026-09-14 10:07:00,FX:XAUUSD,4282.38,4285.5,4282.38,4284.63,572.0
2026-09-14 10:08:00,FX:XAUUSD,4284.63,4285.07,4283.95,4284.76,451.0
2026-09-14 10:09:00,FX:XAUUSD,4284.76,4286.04,4284.03,4286.03,480.0
2026-09-14 10:10:00,FX:XAUUSD,4286.03,4286.69,4285.52,4286.38,379.0
2026-09-14 10:11:00,FX:XAUUSD,4286.38,4287.9,4285.82,4287.75,465.0
2026-09-14 10:12:00,FX:XAUUSD,4287.75,4288.44,4287.06,4287.48,450.0
2026-09-14 10:13:00,FX:XAUUSD,4287.48,4288.51,4287.37,4288.36,415.0
2026-09-14 10:14:00,FX:XAUUSD,4288.36,4289.23,4287.55,4288.36,585.0
2026-09-14 10:15:00,FX:XAUUSD,4288.36,4289.01,4287.46,4287.53,580.0
2026-09-14 10:16:00,FX:XAUUSD,4287.53,4287.53,4285.95,4287.0,459.0
2026-09-14 10:17:00,FX:XAUUSD,4287.0,4287.98,4286.52,4287.61,595.0
2026-09-14 10:18:00,FX:XAUUSD,4287.61,4290.22,4287.61,4289.87,570.0
2026-09-14 10:19:00,FX:XAUUSD,4289.87,4290.94,4287.97,4289.99,690.0
2026-09-14 10:20:00,FX:XAUUSD,4289.99,4290.02,4286.68,4286.87,552.0
2026-09-14 10:21:00,FX:XAUUSD,4286.87,4287.17,4285.77,4286.71,702.0
2026-09-14 10:22:00,FX:XAUUSD,4286.71,4288.3,4286.1,4286.86,529.0
2026-09-14 10:23:00,FX:XAUUSD,4286.86,4288.94,4285.93,4288.6,454.0
2026-09-14 10:24:00,FX:XAUUSD,4288.6,4289.31,4287.73,4289.08,384.0
2026-09-14 10:25:00,FX:XAUUSD,4289.08,4291.62,4289.0,4291.29,370.0
2026-09-14 10:26:00,FX:XAUUSD,4291.29,4292.6,4290.84,4292.24,483.0
2026-09-14 10:27:00,FX:XAUUSD,4292.24,4292.39,4290.38,4290.69,385.0
2026-09-14 10:28:00,FX:XAUUSD,4290.69,4291.67,4290.62,4291.1,436.0
2026-09-14 10:29:00,FX:XAUUSD,4291.1,4291.38,4290.34,4291.16,302.0
2026-09-14 10:30:00,FX:XAUUSD,4291.16,4291.58,4290.34,4290.93,422.0
2026-09-14 10:31:00,FX:XAUUSD,4290.93,4291.47,4289.29,4290.3,434.0
2026-09-14 10:32:00,FX:XAUUSD,4290.3,4291.86,4290.3,4291.14,415.0
2026-09-14 10:33:00,FX:XAUUSD,4291.14,4292.29,4291.14,4291.97,412.0
2026-09-14 10:34:00,FX:XAUUSD,4291.97,4292.7,4290.9,4291.11,424.0
2026-09-14 10:35:00,FX:XAUUSD,4291.11,4292.23,4290.93,4292.23,399.0
2026-09-14 10:36:00,FX:XAUUSD,4292.23,4292.65,4291.99,4292.39,338.0
2026-09-14 10:37:00,FX:XAUUSD,4292.39,4293.05,4291.13,4291.49,472.0
2026-09-14 10:38:00,FX:XAUUSD,4291.49,4293.32,4291.42,4293.2,382.0
2026-09-14 10:39:00,FX:XAUUSD,4293.2,4293.82,4293.02,4293.35,281.0
2026-09-14 10:40:00,FX:XAUUSD,4293.35,4293.74,4292.95,4293.12,334.0
2026-09-14 10:41:00,FX:XAUUSD,4293.12,4294.29,4293.12,4294.24,353.0
2026-09-14 10:42:00,FX:XAUUSD,4294.24,4294.9,4294.11,4294.25,313.0
2026-09-14 10:43:00,FX:XAUUSD,4294.25,4294.3,4293.26,4293.26,270.0
2026-09-14 10:44:00,FX:XAUUSD,4293.26,4294.25,4293.13,4293.86,388.0
2026-09-14 10:45:00,FX:XAUUSD,4293.86,4294.49,4293.51,4294.43,392.0
2026-09-14 10:46:00,FX:XAUUSD,4294.43,4294.62,4292.91,4293.33,408.0
2026-09-14 10:47:00,FX:XAUUSD,4293.33,4293.79,4292.11,4292.26,410.0
2026-09-14 10:48:00,FX:XAUUSD,4292.26,4292.95,4292.02,4292.69,399.0
2026-09-14 10:49:00,FX:XAUUSD,4292.69,4293.0,4291.99,4292.63,279.0
2026-09-14 10:50:00,FX:XAUUSD,4292.63,4292.79,4291.43,4291.88,398.0
2026-09-14 10:51:00,FX:XAUUSD,4291.88,4293.24,4291.84,4292.26,383.0
2026-09-14 10:52:00,FX:XAUUSD,4292.26,4292.26,4291.34,4291.65,306.0
2026-09-14 10:53:00,FX:XAUUSD,4291.65,4292.96,4291.65,4292.4,330.0
2026-09-14 10:54:00,FX:XAUUSD,4292.4,4292.63,4291.4,4291.48,339.0
2026-09-14 10:55:00,FX:XAUUSD,4291.48,4291.73,4290.0,4291.71,550.0
2026-09-14 10:56:00,FX:XAUUSD,4291.71,4293.93,4291.68,4293.87,419.0
2026-09-14 10:57:00,FX:XAUUSD,4293.87,4294.99,4293.84,4294.4,453.0
2026-09-14 10:58:00,FX:XAUUSD,4294.4,4296.37,4293.84,4296.05,522.0
2026-09-14 10:59:00,FX:XAUUSD,4296.05,4296.54,4294.49,4294.6,405.0
2026-09-14 11:00:00,FX:XAUUSD,4294.6,4294.91,4293.33,4294.46,902.0
2026-09-14 11:01:00,FX:XAUUSD,4294.46,4295.86,4294.31,4294.98,640.0
2026-09-14 11:02:00,FX:XAUUSD,4294.98,4296.27,4294.94,4295.62,531.0
2026-09-14 11:03:00,FX:XAUUSD,4295.62,4296.46,4294.01,4296.34,599.0
2026-09-14 11:04:00,FX:XAUUSD,4296.34,4296.76,4295.38,4296.76,488.0
2026-09-14 11:05:00,FX:XAUUSD,4296.76,4296.83,4295.13,4295.33,424.0
2026-09-14 11:06:00,FX:XAUUSD,4295.33,4296.72,4295.0,4295.32,408.0
2026-09-14 11:07:00,FX:XAUUSD,4295.32,4295.46,4293.24,4294.37,386.0
2026-09-14 11:08:00,FX:XAUUSD,4294.37,4295.5,4293.61,4295.04,539.0
2026-09-14 11:09:00,FX:XAUUSD,4295.04,4295.59,4294.24,4294.79,523.0
2026-09-14 11:10:00,FX:XAUUSD,4294.79,4294.83,4292.25,4292.25,581.0
2026-09-14 11:11:00,FX:XAUUSD,4292.25,4293.9,4291.78,4292.69,764.0
2026-09-14 11:12:00,FX:XAUUSD,4292.69,4293.55,4292.19,4292.21,397.0
2026-09-14 11:13:00,FX:XAUUSD,4292.21,4292.53,4291.29,4291.84,398.0
2026-09-14 11:14:00,FX:XAUUSD,4291.84,4292.31,4291.12,4292.14,410.0
2026-09-14 11:15:00,FX:XAUUSD,4292.14,4293.41,4291.04,4293.39,494.0
2026-09-14 11:16:00,FX:XAUUSD,4293.39,4293.98,4292.11,4292.53,424.0
2026-09-14 11:17:00,FX:XAUUSD,4292.53,4295.52,4292.49,4294.75,469.0
2026-09-14 11:18:00,FX:XAUUSD,4294.75,4295.15,4294.04,4294.73,351.0
2026-09-14 11:19:00,FX:XAUUSD,4294.73,4295.62,4294.59,4295.53,337.0
2026-09-14 11:20:00,FX:XAUUSD,4295.53,4296.34,4295.53,4296.16,429.0
2026-09-14 11:21:00,FX:XAUUSD,4296.16,4296.16,4294.1,4294.91,423.0
2026-09-14 11:22:00,FX:XAUUSD,4294.91,4296.35,4294.83,4296.22,400.0
2026-09-14 11:23:00,FX:XAUUSD,4296.22,4296.68,4296.05,4296.37,264.0
2026-09-14 11:24:00,FX:XAUUSD,4296.37,4296.83,4296.27,4296.74,257.0
2026-09-14 11:25:00,FX:XAUUSD,4296.74,4296.74,4295.85,4296.47,398.0
2026-09-14 11:26:00,FX:XAUUSD,4296.47,4296.74,4295.98,4296.12,236.0
2026-09-14 11:27:00,FX:XAUUSD,4296.12,4296.59,4296.07,4296.1,241.0
2026-09-14 11:28:00,FX:XAUUSD,4296.1,4296.64,4295.62,4296.31,272.0
2026-09-14 11:29:00,FX:XAUUSD,4296.31,4296.31,4295.84,4296.06,247.0
2026-09-14 11:30:00,FX:XAUUSD,4296.06,4296.42,4295.68,4296.03,368.0
2026-09-14 11:31:00,FX:XAUUSD,4296.03,4296.68,4295.84,4296.39,471.0
2026-09-14 11:32:00,FX:XAUUSD,4296.39,4296.7,4295.24,4295.53,558.0
2026-09-14 11:33:00,FX:XAUUSD,4295.53,4295.71,4293.78,4294.73,688.0
2026-09-14 11:34:00,FX:XAUUSD,4294.73,4295.37,4293.82,4294.72,549.0
2026-09-14 11:35:00,FX:XAUUSD,4294.72,4294.92,4293.59,4293.7,559.0
2026-09-14 11:36:00,FX:XAUUSD,4293.7,4294.12,4293.15,4293.42,391.0
2026-09-14 11:37:00,FX:XAUUSD,4293.42,4293.69,4292.02,4292.92,612.0
2026-09-14 11:38:00,FX:XAUUSD,4292.92,4293.66,4292.59,4293.23,325.0
2026-09-14 11:39:00,FX:XAUUSD,4293.23,4293.49,4292.84,4293.08,309.0
2026-09-14 11:40:00,FX:XAUUSD,4293.08,4293.76,4293.08,4293.65,365.0
2026-09-14 11:41:00,FX:XAUUSD,4293.65,4294.83,4292.03,4292.52,498.0
2026-09-14 11:42:00,FX:XAUUSD,4292.52,4293.79,4292.52,4293.59,371.0
2026-09-14 11:43:00,FX:XAUUSD,4293.59,4294.29,4293.15,4294.12,417.0
2026-09-14 11:44:00,FX:XAUUSD,4294.12,4294.12,4292.1,4292.22,445.0
2026-09-14 11:45:00,FX:XAUUSD,4292.22,4293.19,4292.17,4292.98,346.0
2026-09-14 11:46:00,FX:XAUUSD,4292.98,4293.09,4291.75,4291.86,357.0
2026-09-14 11:47:00,FX:XAUUSD,4291.86,4292.88,4291.72,4292.88,334.0
2026-09-14 11:48:00,FX:XAUUSD,4292.88,4293.09,4291.69,4292.36,485.0
2026-09-14 11:49:00,FX:XAUUSD,4292.36,4293.76,4292.36,4293.31,306.0
2026-09-14 11:50:00,FX:XAUUSD,4293.31,4293.31,4291.04,4291.37,566.0
2026-09-14 11:51:00,FX:XAUUSD,4291.37,4291.5,4289.35,4289.84,597.0
2026-09-14 11:52:00,FX:XAUUSD,4289.84,4290.01,4287.67,4288.19,564.0
2026-09-14 11:53:00,FX:XAUUSD,4288.19,4288.19,4286.73,4287.28,472.0
2026-09-14 11:54:00,FX:XAUUSD,4287.28,4288.3,4287.13,4287.47,540.0
2026-09-14 11:55:00,FX:XAUUSD,4287.47,4288.21,4286.29,4286.3,635.0
2026-09-14 11:56:00,FX:XAUUSD,4286.3,4286.55,4284.19,4284.66,680.0
2026-09-14 11:57:00,FX:XAUUSD,4284.66,4285.91,4284.66,4284.88,459.0
2026-09-14 11:58:00,FX:XAUUSD,4284.88,4285.42,4284.5,4284.85,364.0
2026-09-14 11:59:00,FX:XAUUSD,4284.85,4287.5,4284.83,4286.99,500.0
2026-09-14 12:00:00,FX:XAUUSD,4286.99,4289.42,4286.38,4289.41,803.0
2026-09-14 12:01:00,FX:XAUUSD,4289.41,4290.14,4289.03,4289.62,629.0
2026-09-14 12:02:00,FX:XAUUSD,4289.62,4289.87,4287.96,4288.27,567.0
2026-09-14 12:03:00,FX:XAUUSD,4288.27,4288.27,4285.29,4285.39,580.0
2026-09-14 12:04:00,FX:XAUUSD,4285.39,4287.23,4285.13,4287.17,702.0
2026-09-14 12:05:00,FX:XAUUSD,4287.17,4287.37,4286.21,4286.98,711.0
2026-09-14 12:06:00,FX:XAUUSD,4286.98,4287.74,4286.06,4287.48,778.0
2026-09-14 12:07:00,FX:XAUUSD,4287.48,4290.87,4287.48,4290.37,729.0
2026-09-14 12:08:00,FX:XAUUSD,4290.37,4292.85,4290.37,4291.91,678.0
2026-09-14 12:09:00,FX:XAUUSD,4291.91,4294.4,4291.91,4293.68,693.0
2026-09-14 12:10:00,FX:XAUUSD,4293.68,4296.0,4292.11,4295.79,595.0
2026-09-14 12:11:00,FX:XAUUSD,4295.79,4296.56,4295.76,4296.03,499.0
2026-09-14 12:12:00,FX:XAUUSD,4296.03,4296.63,4295.38,4295.7,469.0
2026-09-14 12:13:00,FX:XAUUSD,4295.7,4295.9,4293.39,4293.53,637.0
2026-09-14 12:14:00,FX:XAUUSD,4293.53,4294.58,4292.69,4294.56,798.0
2026-09-14 12:15:00,FX:XAUUSD,4294.56,4296.32,4294.47,4295.78,643.0
2026-09-14 12:16:00,FX:XAUUSD,4295.78,4297.53,4291.54,4292.83,933.0
2026-09-14 12:17:00,FX:XAUUSD,4292.83,4296.15,4292.64,4295.69,1137.0
2026-09-14 12:18:00,FX:XAUUSD,4295.69,4295.87,4291.44,4291.44,912.0
2026-09-14 12:19:00,FX:XAUUSD,4291.44,4294.24,4289.87,4290.27,1204.0
2026-09-14 12:20:00,FX:XAUUSD,4290.27,4290.27,4287.0,4287.71,1403.0
2026-09-14 12:21:00,FX:XAUUSD,4287.71,4288.29,4286.02,4286.09,839.0
2026-09-14 12:22:00,FX:XAUUSD,4286.09,4287.84,4285.64,4286.91,934.0
2026-09-14 12:23:00,FX:XAUUSD,4286.91,4289.02,4285.96,4286.58,1026.0
2026-09-14 12:24:00,FX:XAUUSD,4286.58,4286.96,4284.52,4285.79,789.0
2026-09-14 12:25:00,FX:XAUUSD,4285.79,4286.35,4283.67,4284.14,1093.0
2026-09-14 12:26:00,FX:XAUUSD,4284.14,4286.33,4284.04,4285.79,1054.0
2026-09-14 12:27:00,FX:XAUUSD,4285.79,4286.49,4285.32,4285.55,751.0
2026-09-14 12:28:00,FX:XAUUSD,4285.55,4287.17,4285.05,4286.22,808.0
2026-09-14 12:29:00,FX:XAUUSD,4286.22,4287.99,4285.58,4286.03,825.0
2026-09-14 12:30:00,FX:XAUUSD,4286.03,4287.52,4283.29,4285.03,1374.0
2026-09-14 12:31:00,FX:XAUUSD,4285.03,4289.23,4283.95,4288.87,1190.0
2026-09-14 12:32:00,FX:XAUUSD,4288.87,4288.97,4284.45,4285.89,1105.0
2026-09-14 12:33:00,FX:XAUUSD,4285.89,4286.68,4285.28,4285.69,1097.0
2026-09-14 12:34:00,FX:XAUUSD,4285.69,4288.32,4285.13,4287.95,1088.0
2026-09-14 12:35:00,FX:XAUUSD,4287.95,4289.52,4280.63,4281.08,3274.0
2026-09-14 12:36:00,FX:XAUUSD,4281.08,4281.08,4273.82,4278.41,3037.0
2026-09-14 12:37:00,FX:XAUUSD,4278.41,4279.26,4273.53,4276.21,2181.0
2026-09-14 12:38:00,FX:XAUUSD,4276.21,4277.1,4273.49,4276.71,2050.0
2026-09-14 12:39:00,FX:XAUUSD,4276.71,4281.47,4276.71,4278.12,1771.0
2026-09-14 12:40:00,FX:XAUUSD,4278.12,4282.75,4276.89,4282.34,1752.0
2026-09-14 12:41:00,FX:XAUUSD,4282.34,4283.32,4276.09,4280.99,2383.0
2026-09-14 12:42:00,FX:XAUUSD,4280.99,4284.03,4279.73,4282.3,1225.0
2026-09-14 12:43:00,FX:XAUUSD,4282.3,4286.62,4282.27,4285.71,1351.0
2026-09-14 12:44:00,FX:XAUUSD,4285.71,4286.44,4283.34,4283.69,1114.0
2026-09-14 12:45:00,FX:XAUUSD,4283.69,4283.69,4281.06,4281.18,1365.0
2026-09-14 12:46:00,FX:XAUUSD,4281.18,4281.6,4278.76,4279.72,1286.0
2026-09-14 12:47:00,FX:XAUUSD,4279.72,4281.91,4279.63,4281.13,950.0
2026-09-14 12:48:00,FX:XAUUSD,4281.13,4281.13,4277.3,4277.43,944.0
2026-09-14 12:49:00,FX:XAUUSD,4277.43,4279.11,4276.34,4278.62,1277.0
2026-09-14 12:50:00,FX:XAUUSD,4278.62,4279.04,4276.21,4277.64,1124.0
2026-09-14 12:51:00,FX:XAUUSD,4277.64,4277.64,4273.8,4273.89,1085.0
2026-09-14 12:52:00,FX:XAUUSD,4273.89,4275.25,4273.55,4274.26,961.0
2026-09-14 12:53:00,FX:XAUUSD,4274.26,4274.54,4269.13,4269.13,1237.0
2026-09-14 12:54:00,FX:XAUUSD,4269.13,4269.97,4267.65,4269.81,1279.0
2026-09-14 12:55:00,FX:XAUUSD,4269.81,4270.92,4266.44,4266.44,1358.0
2026-09-14 12:56:00,FX:XAUUSD,4266.44,4268.18,4265.9,4266.36,1084.0
2026-09-14 12:57:00,FX:XAUUSD,4266.36,4270.13,4266.11,4269.84,960.0
2026-09-14 12:58:00,FX:XAUUSD,4269.84,4272.01,4268.92,4270.89,882.0
2026-09-14 12:59:00,FX:XAUUSD,4270.89,4271.69,4268.37,4271.02,1224.0
2026-09-14 13:00:00,FX:XAUUSD,4271.02,4272.57,4267.09,4270.31,2870.0
2026-09-14 13:01:00,FX:XAUUSD,4270.31,4271.23,4266.71,4269.59,2089.0
2026-09-14 13:02:00,FX:XAUUSD,4269.59,4272.13,4269.2,4269.84,1567.0
2026-09-14 13:03:00,FX:XAUUSD,4269.84,4272.2,4266.75,4266.92,1969.0
2026-09-14 13:04:00,FX:XAUUSD,4266.92,4268.77,4265.49,4267.66,1910.0
2026-09-14 13:05:00,FX:XAUUSD,4267.66,4270.11,4266.93,4268.37,1928.0
2026-09-14 13:06:00,FX:XAUUSD,4268.37,4270.24,4266.24,4266.37,1606.0
2026-09-14 13:07:00,FX:XAUUSD,4266.37,4267.24,4262.31,4262.31,2142.0
2026-09-14 13:08:00,FX:XAUUSD,4262.31,4262.83,4254.5,4254.65,2224.0
2026-09-14 13:09:00,FX:XAUUSD,4254.65,4261.54,4253.59,4260.14,1815.0
2026-09-14 13:10:00,FX:XAUUSD,4260.14,4262.12,4259.59,4261.84,1400.0
2026-09-14 13:11:00,FX:XAUUSD,4261.84,4265.74,4261.84,4265.15,1827.0
2026-09-14 13:12:00,FX:XAUUSD,4265.15,4265.43,4261.78,4263.76,1463.0
2026-09-14 13:13:00,FX:XAUUSD,4263.76,4267.07,4263.51,4266.62,1182.0
2026-09-14 13:14:00,FX:XAUUSD,4266.62,4268.41,4266.25,4266.28,1134.0
2026-09-14 13:15:00,FX:XAUUSD,4266.28,4266.36,4263.77,4265.46,1100.0
2026-09-14 13:16:00,FX:XAUUSD,4265.46,4267.99,4265.46,4267.66,1215.0
2026-09-14 13:17:00,FX:XAUUSD,4267.66,4269.53,4267.63,4269.52,1138.0
2026-09-14 13:18:00,FX:XAUUSD,4269.52,4272.05,4268.91,4271.6,1082.0
2026-09-14 13:19:00,FX:XAUUSD,4271.6,4272.91,4269.44,4272.87,1152.0
2026-09-14 13:20:00,FX:XAUUSD,4272.87,4274.71,4272.5,4273.4,910.0
2026-09-14 13:21:00,FX:XAUUSD,4273.4,4274.15,4272.17,4273.53,958.0
2026-09-14 13:22:00,FX:XAUUSD,4273.53,4275.88,4272.97,4275.37,1003.0
2026-09-14 13:23:00,FX:XAUUSD,4275.37,4275.53,4274.45,4274.95,854.0
2026-09-14 13:24:00,FX:XAUUSD,4274.95,4277.33,4274.91,4275.99,866.0
2026-09-14 13:25:00,FX:XAUUSD,4275.99,4276.85,4275.7,4276.16,822.0
2026-09-14 13:26:00,FX:XAUUSD,4276.16,4277.68,4274.24,4275.42,852.0
2026-09-14 13:27:00,FX:XAUUSD,4275.42,4275.71,4271.6,4271.61,858.0
2026-09-14 13:28:00,FX:XAUUSD,4271.61,4273.02,4271.16,4272.93,972.0
2026-09-14 13:29:00,FX:XAUUSD,4272.93,4274.14,4271.89,4273.31,851.0
2026-09-14 13:30:00,FX:XAUUSD,4273.31,4276.06,4272.06,4275.92,2861.0
2026-09-14 13:31:00,FX:XAUUSD,4275.92,4278.16,4274.93,4275.16,2509.0
2026-09-14 13:32:00,FX:XAUUSD,4275.16,4277.74,4273.4,4277.64,2347.0
2026-09-14 13:33:00,FX:XAUUSD,4277.64,4277.79,4274.27,4274.74,1768.0
2026-09-14 13:34:00,FX:XAUUSD,4274.74,4274.81,4272.1,4272.14,1723.0
2026-09-14 13:35:00,FX:XAUUSD,4272.14,4274.34,4271.15,4272.95,2134.0
2026-09-14 13:36:00,FX:XAUUSD,4272.95,4272.96,4270.46,4271.51,2026.0
2026-09-14 13:37:00,FX:XAUUSD,4271.51,4274.85,4271.51,4273.27,1606.0
2026-09-14 13:38:00,FX:XAUUSD,4273.27,4273.76,4269.29,4270.85,1698.0
2026-09-14 13:39:00,FX:XAUUSD,4270.85,4272.13,4268.55,4268.59,1245.0
2026-09-14 13:40:00,FX:XAUUSD,4268.59,4270.41,4268.59,4269.79,1600.0
2026-09-14 13:41:00,FX:XAUUSD,4269.79,4269.95,4266.96,4269.89,1673.0
2026-09-14 13:42:00,FX:XAUUSD,4269.89,4270.22,4267.7,4269.64,1906.0
2026-09-14 13:43:00,FX:XAUUSD,4269.64,4272.48,4268.5,4272.19,2011.0
2026-09-14 13:44:00,FX:XAUUSD,4272.19,4274.94,4271.93,4274.86,1566.0
2026-09-14 13:45:00,FX:XAUUSD,4274.86,4277.2,4274.44,4275.17,2182.0
2026-09-14 13:46:00,FX:XAUUSD,4275.17,4275.84,4271.76,4275.69,1954.0
2026-09-14 13:47:00,FX:XAUUSD,4275.69,4280.85,4275.31,4280.69,2056.0
2026-09-14 13:48:00,FX:XAUUSD,4280.69,4281.06,4277.92,4277.92,1916.0
2026-09-14 13:49:00,FX:XAUUSD,4277.92,4279.88,4276.14,4276.56,2054.0
2026-09-14 13:50:00,FX:XAUUSD,4276.56,4279.25,4276.12,4277.02,1782.0
2026-09-14 13:51:00,FX:XAUUSD,4277.02,4278.33,4274.77,4275.2,1825.0
2026-09-14 13:52:00,FX:XAUUSD,4275.2,4280.85,4275.1,4278.29,2673.0
2026-09-14 13:53:00,FX:XAUUSD,4278.29,4279.44,4276.02,4276.46,1882.0
2026-09-14 13:54:00,FX:XAUUSD,4276.46,4276.54,4270.63,4273.15,2267.0
2026-09-14 13:55:00,FX:XAUUSD,4273.15,4274.55,4272.13,4274.05,1581.0
2026-09-14 13:56:00,FX:XAUUSD,4274.05,4275.73,4270.7,4271.31,1481.0
2026-09-14 13:57:00,FX:XAUUSD,4271.31,4272.19,4270.53,4271.66,1408.0
2026-09-14 13:58:00,FX:XAUUSD,4271.66,4273.93,4269.73,4271.22,2061.0
2026-09-14 13:59:00,FX:XAUUSD,4271.22,4273.0,4271.22,4272.54,1649.0
2026-09-14 14:00:00,FX:XAUUSD,4272.54,4275.83,4270.85,4271.29,2079.0
2026-09-14 14:01:00,FX:XAUUSD,4271.29,4273.48,4269.9,4272.08,2000.0
2026-09-14 14:02:00,FX:XAUUSD,4272.08,4272.51,4269.38,4269.38,1604.0
2026-09-14 14:03:00,FX:XAUUSD,4269.38,4270.65,4266.04,4266.13,1751.0
2026-09-14 14:04:00,FX:XAUUSD,4266.13,4267.86,4266.01,4267.61,1273.0
2026-09-14 14:05:00,FX:XAUUSD,4267.61,4267.75,4264.97,4265.39,1390.0
2026-09-14 14:06:00,FX:XAUUSD,4265.39,4269.81,4265.06,4268.78,1558.0
2026-09-14 14:07:00,FX:XAUUSD,4268.78,4270.47,4267.43,4268.83,1661.0
2026-09-14 14:08:00,FX:XAUUSD,4268.83,4271.43,4268.46,4269.41,1409.0
2026-09-14 14:09:00,FX:XAUUSD,4269.41,4271.2,4268.7,4271.19,1313.0
2026-09-14 14:10:00,FX:XAUUSD,4271.19,4275.25,4271.19,4274.15,1530.0
2026-09-14 14:11:00,FX:XAUUSD,4274.15,4276.43,4273.32,4273.81,1305.0
2026-09-14 14:12:00,FX:XAUUSD,4273.81,4273.99,4271.38,4273.39,1387.0
2026-09-14 14:13:00,FX:XAUUSD,4273.39,4278.99,4272.85,4278.34,1587.0
2026-09-14 14:14:00,FX:XAUUSD,4278.34,4281.83,4277.73,4281.8,1695.0
2026-09-14 14:15:00,FX:XAUUSD,4281.8,4282.89,4280.81,4281.66,1024.0
2026-09-14 14:16:00,FX:XAUUSD,4281.66,4281.66,4276.53,4277.35,849.0
2026-09-14 14:17:00,FX:XAUUSD,4277.35,4278.46,4274.73,4275.09,1128.0
2026-09-14 14:18:00,FX:XAUUSD,4275.09,4275.09,4273.05,4273.14,1127.0
2026-09-14 14:19:00,FX:XAUUSD,4273.14,4276.24,4272.89,4276.24,992.0
2026-09-14 14:20:00,FX:XAUUSD,4276.24,4276.24,4272.41,4272.43,1206.0
2026-09-14 14:21:00,FX:XAUUSD,4272.43,4272.86,4268.56,4269.32,1248.0
2026-09-14 14:22:00,FX:XAUUSD,4269.32,4270.37,4268.28,4268.53,1025.0
2026-09-14 14:23:00,FX:XAUUSD,4268.53,4268.91,4265.66,4267.67,1439.0
2026-09-14 14:24:00,FX:XAUUSD,4267.67,4267.85,4263.95,4264.73,1598.0
2026-09-14 14:25:00,FX:XAUUSD,4264.73,4267.27,4264.73,4265.52,1529.0
2026-09-14 14:26:00,FX:XAUUSD,4265.52,4265.69,4264.23,4264.87,1329.0
2026-09-14 14:27:00,FX:XAUUSD,4264.87,4266.46,4264.02,4265.82,1169.0
2026-09-14 14:28:00,FX:XAUUSD,4265.82,4269.23,4265.51,4268.27,1254.0
2026-09-14 14:29:00,FX:XAUUSD,4268.27,4270.0,4267.73,4270.0,1028.0
2026-09-14 14:30:00,FX:XAUUSD,4270.0,4271.19,4267.81,4267.81,1456.0
2026-09-14 14:31:00,FX:XAUUSD,4267.81,4270.36,4267.81,4268.65,1109.0
2026-09-14 14:32:00,FX:XAUUSD,4268.65,4269.54,4266.65,4269.48,1273.0
2026-09-14 14:33:00,FX:XAUUSD,4269.48,4270.48,4269.25,4269.81,975.0
2026-09-14 14:34:00,FX:XAUUSD,4269.81,4271.48,4269.7,4271.29,971.0
2026-09-14 14:35:00,FX:XAUUSD,4271.29,4271.72,4269.74,4270.27,999.0
2026-09-14 14:36:00,FX:XAUUSD,4270.27,4270.67,4268.15,4269.0,1358.0
2026-09-14 14:37:00,FX:XAUUSD,4269.0,4269.97,4267.88,4269.02,938.0
2026-09-14 14:38:00,FX:XAUUSD,4269.02,4272.26,4269.02,4271.83,985.0
2026-09-14 14:39:00,FX:XAUUSD,4271.83,4272.23,4269.9,4271.5,1020.0
2026-09-14 14:40:00,FX:XAUUSD,4271.5,4271.5,4269.6,4270.78,1057.0
2026-09-14 14:41:00,FX:XAUUSD,4270.78,4272.38,4269.08,4270.47,1191.0
2026-09-14 14:42:00,FX:XAUUSD,4270.47,4271.75,4270.36,4271.17,1038.0
2026-09-14 14:43:00,FX:XAUUSD,4271.17,4273.09,4270.97,4272.51,1298.0
2026-09-14 14:44:00,FX:XAUUSD,4272.51,4277.1,4272.51,4276.73,918.0
2026-09-14 14:45:00,FX:XAUUSD,4276.73,4279.1,4276.73,4278.6,1194.0
2026-09-14 14:46:00,FX:XAUUSD,4278.6,4278.96,4276.43,4277.01,1305.0
2026-09-14 14:47:00,FX:XAUUSD,4277.01,4277.59,4276.44,4276.78,1104.0
2026-09-14 14:48:00,FX:XAUUSD,4276.78,4279.42,4276.78,4277.84,1048.0
2026-09-14 14:49:00,FX:XAUUSD,4277.84,4278.73,4277.25,4278.34,835.0
2026-09-14 14:50:00,FX:XAUUSD,4278.34,4279.24,4276.87,4277.54,1125.0
2026-09-14 14:51:00,FX:XAUUSD,4277.54,4278.87,4275.77,4278.73,1206.0
2026-09-14 14:52:00,FX:XAUUSD,4278.73,4279.1,4275.59,4275.59,1081.0
2026-09-14 14:53:00,FX:XAUUSD,4275.59,4276.52,4274.04,4274.52,904.0
2026-09-14 14:54:00,FX:XAUUSD,4274.52,4276.69,4273.88,4276.25,1114.0
2026-09-14 14:55:00,FX:XAUUSD,4276.25,4277.81,4274.7,4277.67,1189.0
2026-09-14 14:56:00,FX:XAUUSD,4277.67,4277.96,4276.23,4276.64,1063.0
2026-09-14 14:57:00,FX:XAUUSD,4276.64,4277.73,4274.96,4275.14,1129.0
2026-09-14 14:58:00,FX:XAUUSD,4275.14,4277.03,4274.66,4276.48,1015.0
2026-09-14 14:59:00,FX:XAUUSD,4276.48,4279.38,4275.86,4279.36,973.0
2026-09-14 15:00:00,FX:XAUUSD,4279.36,4279.8,4277.7,4278.47,1424.0
2026-09-14 15:01:00,FX:XAUUSD,4278.47,4279.21,4276.82,4278.35,1053.0
2026-09-14 15:02:00,FX:XAUUSD,4278.35,4279.94,4277.06,4277.49,1137.0
2026-09-14 15:03:00,FX:XAUUSD,4277.49,4277.81,4275.9,4277.18,1274.0
2026-09-14 15:04:00,FX:XAUUSD,4277.18,4277.19,4272.58,4272.84,1083.0
2026-09-14 15:05:00,FX:XAUUSD,4272.84,4284.24,4272.58,4280.58,2534.0
2026-09-14 15:06:00,FX:XAUUSD,4280.58,4286.24,4280.58,4284.9,4357.0
2026-09-14 15:07:00,FX:XAUUSD,4284.9,4286.17,4283.02,4283.63,2543.0
2026-09-14 15:08:00,FX:XAUUSD,4283.63,4283.72,4280.75,4282.14,1766.0
2026-09-14 15:09:00,FX:XAUUSD,4282.14,4282.91,4279.84,4280.16,1743.0
2026-09-14 15:10:00,FX:XAUUSD,4280.16,4282.84,4280.16,4282.14,1831.0
2026-09-14 15:11:00,FX:XAUUSD,4282.14,4282.58,4279.94,4280.54,1650.0
2026-09-14 15:12:00,FX:XAUUSD,4280.54,4280.91,4278.99,4279.35,1297.0
2026-09-14 15:13:00,FX:XAUUSD,4279.35,4279.85,4278.61,4279.07,1058.0
2026-09-14 15:14:00,FX:XAUUSD,4279.07,4280.71,4276.93,4276.93,1163.0
2026-09-14 15:15:00,FX:XAUUSD,4276.93,4278.72,4274.6,4278.57,1343.0
2026-09-14 15:16:00,FX:XAUUSD,4278.57,4278.57,4275.19,4276.99,1277.0
2026-09-14 15:17:00,FX:XAUUSD,4276.99,4277.53,4274.59,4275.33,969.0
2026-09-14 15:18:00,FX:XAUUSD,4275.33,4275.92,4272.53,4273.61,1153.0
2026-09-14 15:19:00,FX:XAUUSD,4273.61,4276.47,4273.53,4275.88,862.0
2026-09-14 15:20:00,FX:XAUUSD,4275.88,4276.22,4274.22,4275.47,783.0
2026-09-14 15:21:00,FX:XAUUSD,4275.47,4276.22,4274.48,4275.59,681.0
2026-09-14 15:22:00,FX:XAUUSD,4275.59,4276.22,4274.97,4275.57,708.0
2026-09-14 15:23:00,FX:XAUUSD,4275.57,4276.22,4274.24,4275.86,706.0
2026-09-14 15:24:00,FX:XAUUSD,4275.86,4279.48,4275.13,4279.29,799.0
2026-09-14 15:25:00,FX:XAUUSD,4279.29,4280.39,4278.3,4278.72,964.0
2026-09-14 15:26:00,FX:XAUUSD,4278.72,4279.92,4278.14,4279.77,607.0
2026-09-14 15:27:00,FX:XAUUSD,4279.77,4281.33,4279.6,4280.72,880.0
2026-09-14 15:28:00,FX:XAUUSD,4280.72,4284.36,4280.72,4284.06,854.0
2026-09-14 15:29:00,FX:XAUUSD,4284.06,4284.67,4283.17,4283.49,1067.0
2026-09-14 15:30:00,FX:XAUUSD,4283.49,4286.47,4283.1,4286.41,1321.0
2026-09-14 15:31:00,FX:XAUUSD,4286.41,4286.41,4283.82,4284.6,1045.0
2026-09-14 15:32:00,FX:XAUUSD,4284.6,4289.76,4282.74,4287.78,3020.0
2026-09-14 15:33:00,FX:XAUUSD,4287.78,4292.09,4286.83,4291.85,2442.0
2026-09-14 15:34:00,FX:XAUUSD,4291.85,4293.99,4290.4,4293.84,1888.0
2026-09-14 15:35:00,FX:XAUUSD,4293.84,4295.71,4293.18,4293.18,2000.0
2026-09-14 15:36:00,FX:XAUUSD,4293.18,4294.04,4289.63,4289.73,1838.0
2026-09-14 15:37:00,FX:XAUUSD,4289.73,4296.36,4289.73,4296.35,1638.0
2026-09-14 15:38:00,FX:XAUUSD,4296.35,4297.35,4293.74,4296.59,1508.0
2026-09-14 15:39:00,FX:XAUUSD,4296.59,4297.53,4296.27,4297.53,1341.0
2026-09-14 15:40:00,FX:XAUUSD,4297.53,4297.53,4292.59,4294.94,2066.0
2026-09-14 15:41:00,FX:XAUUSD,4294.94,4297.63,4294.19,4297.51,1678.0
2026-09-14 15:42:00,FX:XAUUSD,4297.51,4297.79,4294.75,4294.89,1253.0
2026-09-14 15:43:00,FX:XAUUSD,4294.89,4297.22,4293.38,4296.89,1356.0
2026-09-14 15:44:00,FX:XAUUSD,4296.89,4297.95,4294.01,4294.17,1537.0
2026-09-14 15:45:00,FX:XAUUSD,4294.17,4294.73,4291.45,4293.72,1391.0
2026-09-14 15:46:00,FX:XAUUSD,4293.72,4295.02,4293.25,4293.43,1054.0
2026-09-14 15:47:00,FX:XAUUSD,4293.43,4293.75,4290.61,4290.82,933.0
2026-09-14 15:48:00,FX:XAUUSD,4290.82,4292.75,4289.85,4289.9,962.0
2026-09-14 15:49:00,FX:XAUUSD,4289.9,4290.25,4287.79,4288.14,942.0
2026-09-14 15:50:00,FX:XAUUSD,4288.14,4288.5,4286.25,4287.36,930.0
2026-09-14 15:51:00,FX:XAUUSD,4287.36,4288.15,4286.88,4287.99,874.0
2026-09-14 15:52:00,FX:XAUUSD,4287.99,4289.48,4287.26,4288.81,882.0
2026-09-14 15:53:00,FX:XAUUSD,4288.81,4289.92,4288.23,4289.61,849.0
2026-09-14 15:54:00,FX:XAUUSD,4289.61,4290.48,4288.01,4289.35,892.0
2026-09-14 15:55:00,FX:XAUUSD,4289.35,4290.56,4288.13,4290.27,780.0
2026-09-14 15:56:00,FX:XAUUSD,4290.27,4290.89,4289.23,4290.46,633.0
2026-09-14 15:57:00,FX:XAUUSD,4290.46,4291.28,4289.93,4290.77,702.0
2026-09-14 15:58:00,FX:XAUUSD,4290.77,4291.23,4288.08,4288.86,686.0
2026-09-14 15:59:00,FX:XAUUSD,4288.86,4289.01,4287.89,4288.16,572.0
2026-09-14 16:00:00,FX:XAUUSD,4288.16,4290.14,4288.13,4288.47,709.0
2026-09-14 16:01:00,FX:XAUUSD,4288.47,4288.91,4286.77,4286.97,839.0
2026-09-14 16:02:00,FX:XAUUSD,4286.97,4288.37,4286.97,4288.15,630.0
2026-09-14 16:03:00,FX:XAUUSD,4288.15,4288.89,4287.54,4287.76,634.0
2026-09-14 16:04:00,FX:XAUUSD,4287.76,4287.9,4286.34,4286.54,704.0
2026-09-14 16:05:00,FX:XAUUSD,4286.54,4289.05,4286.46,4288.47,895.0
2026-09-14 16:06:00,FX:XAUUSD,4288.47,4290.19,4288.47,4290.05,779.0
2026-09-14 16:07:00,FX:XAUUSD,4290.05,4292.8,4289.33,4291.6,863.0
2026-09-14 16:08:00,FX:XAUUSD,4291.6,4292.32,4290.44,4292.07,1147.0
2026-09-14 16:09:00,FX:XAUUSD,4292.07,4294.95,4291.48,4294.95,839.0
2026-09-14 16:10:00,FX:XAUUSD,4294.95,4297.74,4294.68,4296.0,1006.0
2026-09-14 16:11:00,FX:XAUUSD,4296.0,4297.6,4295.88,4296.68,914.0
2026-09-14 16:12:00,FX:XAUUSD,4296.68,4297.59,4295.56,4296.21,751.0
2026-09-14 16:13:00,FX:XAUUSD,4296.21,4296.68,4295.17,4295.65,699.0
2026-09-14 16:14:00,FX:XAUUSD,4295.65,4296.13,4294.93,4294.93,579.0
2026-09-14 16:15:00,FX:XAUUSD,4294.93,4297.46,4294.93,4296.91,631.0
2026-09-14 16:16:00,FX:XAUUSD,4296.91,4297.66,4296.05,4296.05,696.0
2026-09-14 16:17:00,FX:XAUUSD,4296.05,4297.13,4295.39,4297.13,858.0
2026-09-14 16:18:00,FX:XAUUSD,4297.13,4298.54,4297.04,4298.53,892.0
2026-09-14 16:19:00,FX:XAUUSD,4298.53,4299.23,4297.85,4298.73,662.0
2026-09-14 16:20:00,FX:XAUUSD,4298.73,4299.12,4298.02,4298.51,742.0
2026-09-14 16:21:00,FX:XAUUSD,4298.51,4298.81,4297.32,4298.71,792.0
2026-09-14 16:22:00,FX:XAUUSD,4298.71,4301.54,4298.7,4300.73,869.0
2026-09-14 16:23:00,FX:XAUUSD,4300.73,4304.13,4300.6,4304.1,867.0
2026-09-14 16:24:00,FX:XAUUSD,4304.1,4305.11,4304.03,4304.3,852.0
2026-09-14 16:25:00,FX:XAUUSD,4304.3,4305.05,4303.07,4303.07,1221.0
2026-09-14 16:26:00,FX:XAUUSD,4303.07,4303.23,4301.32,4302.5,1055.0
2026-09-14 16:27:00,FX:XAUUSD,4302.5,4303.76,4301.56,4303.76,763.0
2026-09-14 16:28:00,FX:XAUUSD,4303.76,4304.12,4300.18,4300.29,817.0
2026-09-14 16:29:00,FX:XAUUSD,4300.29,4300.91,4299.75,4300.06,752.0
2026-09-14 16:30:00,FX:XAUUSD,4300.06,4301.43,4299.38,4299.73,888.0
2026-09-14 16:31:00,FX:XAUUSD,4299.73,4304.19,4299.73,4302.48,1153.0
2026-09-14 16:32:00,FX:XAUUSD,4302.48,4303.79,4301.13,4301.68,1037.0
2026-09-14 16:33:00,FX:XAUUSD,4301.68,4303.12,4301.4,4302.65,606.0
2026-09-14 16:34:00,FX:XAUUSD,4302.65,4303.35,4300.97,4300.98,613.0
2026-09-14 16:35:00,FX:XAUUSD,4300.98,4301.8,4299.93,4301.58,835.0
2026-09-14 16:36:00,FX:XAUUSD,4301.58,4302.48,4300.67,4300.92,949.0
2026-09-14 16:37:00,FX:XAUUSD,4300.92,4302.89,4300.9,4302.1,891.0
2026-09-14 16:38:00,FX:XAUUSD,4302.1,4303.29,4301.82,4302.47,775.0
2026-09-14 16:39:00,FX:XAUUSD,4302.47,4303.12,4301.19,4303.12,660.0
2026-09-14 16:40:00,FX:XAUUSD,4303.12,4304.75,4302.59,4304.73,618.0
2026-09-14 16:41:00,FX:XAUUSD,4304.73,4305.45,4304.11,4305.45,788.0
2026-09-14 16:42:00,FX:XAUUSD,4305.45,4305.45,4303.49,4304.78,630.0
2026-09-14 16:43:00,FX:XAUUSD,4304.78,4307.62,4304.49,4307.31,759.0
2026-09-14 16:44:00,FX:XAUUSD,4307.31,4307.51,4305.75,4306.01,747.0
2026-09-14 16:45:00,FX:XAUUSD,4306.01,4306.29,4304.69,4306.17,851.0
2026-09-14 16:46:00,FX:XAUUSD,4306.17,4308.11,4305.49,4305.91,765.0
2026-09-14 16:47:00,FX:XAUUSD,4305.91,4312.89,4305.75,4311.43,2971.0
2026-09-14 16:48:00,FX:XAUUSD,4311.43,4315.26,4309.74,4313.27,2818.0
2026-09-14 16:49:00,FX:XAUUSD,4313.27,4315.2,4311.42,4313.9,2181.0
2026-09-14 16:50:00,FX:XAUUSD,4313.9,4314.75,4312.27,4313.5,1935.0
2026-09-14 16:51:00,FX:XAUUSD,4313.5,4316.5,4312.74,4316.4,1594.0
2026-09-14 16:52:00,FX:XAUUSD,4316.4,4317.56,4315.84,4316.13,1783.0
2026-09-14 16:53:00,FX:XAUUSD,4316.13,4317.39,4315.73,4315.88,2006.0
2026-09-14 16:54:00,FX:XAUUSD,4315.88,4317.0,4314.68,4316.53,1516.0
2026-09-14 16:55:00,FX:XAUUSD,4316.53,4317.44,4315.86,4316.8,1192.0
2026-09-14 16:56:00,FX:XAUUSD,4316.8,4317.47,4316.07,4316.26,1153.0
2026-09-14 16:57:00,FX:XAUUSD,4316.26,4317.37,4314.84,4314.94,1188.0
2026-09-14 16:58:00,FX:XAUUSD,4314.94,4315.89,4314.64,4315.0,1067.0
2026-09-14 16:59:00,FX:XAUUSD,4315.0,4315.94,4314.89,4315.74,825.0
2026-09-14 17:00:00,FX:XAUUSD,4315.74,4316.39,4314.14,4316.2,1169.0
2026-09-14 17:01:00,FX:XAUUSD,4316.2,4316.22,4312.64,4313.56,1165.0
2026-09-14 17:02:00,FX:XAUUSD,4313.56,4315.16,4313.39,4313.65,931.0
2026-09-14 17:03:00,FX:XAUUSD,4313.65,4313.97,4312.39,4313.2,1133.0
2026-09-14 17:04:00,FX:XAUUSD,4313.2,4314.7,4313.2,4314.5,949.0
2026-09-14 17:05:00,FX:XAUUSD,4314.5,4314.7,4312.48,4312.7,1014.0
2026-09-14 17:06:00,FX:XAUUSD,4312.7,4314.09,4312.7,4312.8,917.0
2026-09-14 17:07:00,FX:XAUUSD,4312.8,4313.57,4312.08,4312.76,935.0
2026-09-14 17:08:00,FX:XAUUSD,4312.76,4313.58,4312.26,4313.58,706.0
2026-09-14 17:09:00,FX:XAUUSD,4313.58,4314.28,4312.41,4313.61,891.0
2026-09-14 17:10:00,FX:XAUUSD,4313.61,4314.86,4313.41,4313.97,1028.0
2026-09-14 17:11:00,FX:XAUUSD,4313.97,4314.92,4312.76,4313.29,1339.0
2026-09-14 17:12:00,FX:XAUUSD,4313.29,4315.79,4313.29,4315.49,1143.0
2026-09-14 17:13:00,FX:XAUUSD,4315.49,4315.49,4313.03,4313.1,690.0
2026-09-14 17:14:00,FX:XAUUSD,4313.1,4313.52,4311.27,4311.47,983.0
2026-09-14 17:15:00,FX:XAUUSD,4311.47,4311.47,4310.18,4310.8,823.0
2026-09-14 17:16:00,FX:XAUUSD,4310.8,4311.22,4310.38,4310.63,843.0
2026-09-14 17:17:00,FX:XAUUSD,4310.63,4312.76,4310.63,4311.45,1023.0
2026-09-14 17:18:00,FX:XAUUSD,4311.45,4311.51,4309.19,4310.0,1034.0
2026-09-14 17:19:00,FX:XAUUSD,4310.0,4310.3,4309.72,4309.75,858.0
2026-09-14 17:20:00,FX:XAUUSD,4309.75,4310.99,4309.75,4309.87,985.0
2026-09-14 17:21:00,FX:XAUUSD,4309.87,4310.72,4309.82,4310.47,890.0
2026-09-14 17:22:00,FX:XAUUSD,4310.47,4311.31,4310.18,4311.22,742.0
2026-09-14 17:23:00,FX:XAUUSD,4311.22,4312.09,4311.0,4311.87,789.0
2026-09-14 17:24:00,FX:XAUUSD,4311.87,4312.03,4310.7,4311.29,1428.0
2026-09-14 17:25:00,FX:XAUUSD,4311.29,4312.04,4310.9,4311.41,1124.0
2026-09-14 17:26:00,FX:XAUUSD,4311.41,4313.12,4311.02,4312.86,864.0
2026-09-14 17:27:00,FX:XAUUSD,4312.86,4313.55,4312.63,4313.0,885.0
2026-09-14 17:28:00,FX:XAUUSD,4313.0,4314.08,4311.62,4312.14,1106.0
2026-09-14 17:29:00,FX:XAUUSD,4312.14,4312.14,4309.99,4311.62,1557.0
2026-09-14 17:30:00,FX:XAUUSD,4311.62,4313.2,4311.32,4313.17,1107.0
2026-09-14 17:31:00,FX:XAUUSD,4313.17,4313.58,4310.52,4311.05,799.0
2026-09-14 17:32:00,FX:XAUUSD,4311.05,4311.81,4310.34,4311.04,697.0
2026-09-14 17:33:00,FX:XAUUSD,4311.04,4311.46,4309.4,4310.35,969.0
2026-09-14 17:34:00,FX:XAUUSD,4310.35,4310.35,4308.89,4309.02,659.0
2026-09-14 17:35:00,FX:XAUUSD,4309.02,4309.13,4307.74,4308.08,745.0
2026-09-14 17:36:00,FX:XAUUSD,4308.08,4310.13,4308.08,4309.72,711.0
2026-09-14 17:37:00,FX:XAUUSD,4309.72,4310.26,4309.27,4309.82,709.0
2026-09-14 17:38:00,FX:XAUUSD,4309.82,4311.43,4309.82,4311.12,565.0
2026-09-14 17:39:00,FX:XAUUSD,4311.12,4311.76,4310.98,4311.19,499.0
2026-09-14 17:40:00,FX:XAUUSD,4311.19,4311.96,4309.95,4310.28,622.0
2026-09-14 17:41:00,FX:XAUUSD,4310.28,4310.42,4309.21,4309.75,567.0
2026-09-14 17:42:00,FX:XAUUSD,4309.75,4310.79,4309.5,4310.09,721.0
2026-09-14 17:43:00,FX:XAUUSD,4310.09,4311.17,4310.09,4310.83,684.0
2026-09-14 17:44:00,FX:XAUUSD,4310.83,4311.17,4309.82,4309.98,612.0
2026-09-14 17:45:00,FX:XAUUSD,4309.98,4310.17,4309.44,4310.07,651.0
2026-09-14 17:46:00,FX:XAUUSD,4310.07,4311.4,4310.07,4310.15,785.0
2026-09-14 17:47:00,FX:XAUUSD,4310.15,4310.31,4308.9,4309.22,693.0
2026-09-14 17:48:00,FX:XAUUSD,4309.22,4310.4,4309.22,4310.32,633.0
2026-09-14 17:49:00,FX:XAUUSD,4310.32,4310.93,4308.94,4309.1,581.0
2026-09-14 17:50:00,FX:XAUUSD,4309.1,4309.47,4308.67,4308.85,518.0
2026-09-14 17:51:00,FX:XAUUSD,4308.85,4309.76,4308.66,4309.46,604.0
2026-09-14 17:52:00,FX:XAUUSD,4309.46,4311.56,4309.25,4311.24,627.0
2026-09-14 17:53:00,FX:XAUUSD,4311.24,4312.06,4310.55,4312.05,689.0
2026-09-14 17:54:00,FX:XAUUSD,4312.05,4313.54,4311.53,4312.11,919.0
2026-09-14 17:55:00,FX:XAUUSD,4312.11,4312.35,4311.67,4312.04,671.0
2026-09-14 17:56:00,FX:XAUUSD,4312.04,4313.83,4311.91,4313.45,593.0
2026-09-14 17:57:00,FX:XAUUSD,4313.45,4313.56,4311.91,4312.07,687.0
2026-09-14 17:58:00,FX:XAUUSD,4312.07,4312.84,4311.48,4311.6,448.0
2026-09-14 17:59:00,FX:XAUUSD,4311.6,4311.81,4310.43,4310.95,673.0
2026-09-14 18:00:00,FX:XAUUSD,4310.95,4314.94,4310.95,4313.03,1365.0
2026-09-14 18:01:00,FX:XAUUSD,4313.03,4315.05,4312.77,4314.46,1066.0
2026-09-14 18:02:00,FX:XAUUSD,4314.46,4314.69,4313.48,4313.61,758.0
2026-09-14 18:03:00,FX:XAUUSD,4313.61,4313.7,4311.45,4312.07,872.0
2026-09-14 18:04:00,FX:XAUUSD,4312.07,4312.25,4309.84,4310.07,857.0
2026-09-14 18:05:00,FX:XAUUSD,4310.07,4310.44,4308.27,4308.43,895.0
2026-09-14 18:06:00,FX:XAUUSD,4308.43,4310.31,4308.29,4309.56,813.0
2026-09-14 18:07:00,FX:XAUUSD,4309.56,4310.79,4309.2,4310.36,785.0
2026-09-14 18:08:00,FX:XAUUSD,4310.36,4311.38,4310.12,4311.3,628.0
2026-09-14 18:09:00,FX:XAUUSD,4311.3,4311.3,4309.99,4310.24,638.0
2026-09-14 18:10:00,FX:XAUUSD,4310.24,4312.21,4310.16,4312.12,550.0
2026-09-14 18:11:00,FX:XAUUSD,4312.12,4312.63,4311.23,4311.28,529.0
2026-09-14 18:12:00,FX:XAUUSD,4311.28,4311.3,4310.45,4310.97,640.0
2026-09-14 18:13:00,FX:XAUUSD,4310.97,4311.66,4310.8,4311.66,613.0
2026-09-14 18:14:00,FX:XAUUSD,4311.66,4312.74,4311.4,4312.54,504.0
2026-09-14 18:15:00,FX:XAUUSD,4312.54,4312.6,4311.46,4312.41,638.0
2026-09-14 18:16:00,FX:XAUUSD,4312.41,4312.48,4312.0,4312.22,514.0
2026-09-14 18:17:00,FX:XAUUSD,4312.22,4312.23,4311.3,4311.69,451.0
2026-09-14 18:18:00,FX:XAUUSD,4311.69,4312.22,4311.51,4311.59,538.0
2026-09-14 18:19:00,FX:XAUUSD,4311.59,4311.81,4311.23,4311.52,471.0
2026-09-14 18:20:00,FX:XAUUSD,4311.52,4311.87,4311.35,4311.35,796.0
2026-09-14 18:21:00,FX:XAUUSD,4311.35,4312.06,4310.53,4310.85,705.0
2026-09-14 18:22:00,FX:XAUUSD,4310.85,4310.85,4309.26,4309.48,557.0
2026-09-14 18:23:00,FX:XAUUSD,4309.48,4309.48,4308.06,4308.19,581.0
2026-09-14 18:24:00,FX:XAUUSD,4308.19,4308.74,4307.98,4308.01,418.0
2026-09-14 18:25:00,FX:XAUUSD,4308.01,4308.6,4307.87,4308.02,642.0
2026-09-14 18:26:00,FX:XAUUSD,4308.02,4308.22,4307.13,4307.25,552.0
2026-09-14 18:27:00,FX:XAUUSD,4307.25,4307.62,4306.48,4306.83,648.0
2026-09-14 18:28:00,FX:XAUUSD,4306.83,4307.75,4306.28,4307.74,729.0
2026-09-14 18:29:00,FX:XAUUSD,4307.74,4309.66,4307.51,4309.66,691.0
2026-09-14 18:30:00,FX:XAUUSD,4309.66,4309.8,4308.51,4309.2,763.0
2026-09-14 18:31:00,FX:XAUUSD,4309.2,4309.47,4308.66,4308.84,662.0
2026-09-14 18:32:00,FX:XAUUSD,4308.84,4310.12,4308.84,4310.11,582.0
2026-09-14 18:33:00,FX:XAUUSD,4310.11,4312.44,4309.93,4312.29,760.0
2026-09-14 18:34:00,FX:XAUUSD,4312.29,4313.2,4311.44,4311.44,808.0
2026-09-14 18:35:00,FX:XAUUSD,4311.44,4312.11,4311.24,4312.1,543.0
2026-09-14 18:36:00,FX:XAUUSD,4312.1,4312.87,4311.32,4312.14,739.0
2026-09-14 18:37:00,FX:XAUUSD,4312.14,4312.33,4311.5,4311.77,456.0
2026-09-14 18:38:00,FX:XAUUSD,4311.77,4312.69,4311.7,4312.52,378.0
2026-09-14 18:39:00,FX:XAUUSD,4312.52,4312.57,4310.83,4310.83,349.0
2026-09-14 18:40:00,FX:XAUUSD,4310.83,4310.83,4309.96,4310.29,459.0
2026-09-14 18:41:00,FX:XAUUSD,4310.29,4311.01,4309.62,4309.8,503.0
2026-09-14 18:42:00,FX:XAUUSD,4309.8,4310.1,4309.18,4309.64,538.0
2026-09-14 18:43:00,FX:XAUUSD,4309.64,4309.87,4309.14,4309.31,443.0
2026-09-14 18:44:00,FX:XAUUSD,4309.31,4309.58,4309.12,4309.33,305.0
2026-09-14 18:45:00,FX:XAUUSD,4309.33,4309.46,4308.94,4308.94,462.0
2026-09-14 18:46:00,FX:XAUUSD,4308.94,4309.65,4307.53,4307.53,835.0
2026-09-14 18:47:00,FX:XAUUSD,4307.53,4307.95,4307.17,4307.49,679.0
2026-09-14 18:48:00,FX:XAUUSD,4307.49,4308.05,4307.22,4307.64,494.0
2026-09-14 18:49:00,FX:XAUUSD,4307.64,4308.52,4307.32,4307.32,488.0
2026-09-14 18:50:00,FX:XAUUSD,4307.32,4307.32,4304.78,4305.34,658.0
2026-09-14 18:51:00,FX:XAUUSD,4305.34,4305.58,4304.83,4304.93,450.0
2026-09-14 18:52:00,FX:XAUUSD,4304.93,4305.74,4304.93,4305.49,397.0
2026-09-14 18:53:00,FX:XAUUSD,4305.49,4305.94,4305.02,4305.46,490.0
2026-09-14 18:54:00,FX:XAUUSD,4305.46,4307.08,4305.4,4306.47,382.0
2026-09-14 18:55:00,FX:XAUUSD,4306.47,4306.61,4305.35,4306.54,713.0
2026-09-14 18:56:00,FX:XAUUSD,4306.54,4307.42,4305.79,4306.06,660.0
2026-09-14 18:57:00,FX:XAUUSD,4306.06,4306.55,4305.98,4306.09,581.0
2026-09-14 18:58:00,FX:XAUUSD,4306.09,4307.03,4305.83,4306.94,698.0
2026-09-14 18:59:00,FX:XAUUSD,4306.94,4307.73,4306.47,4307.32,652.0
2026-09-14 19:00:00,FX:XAUUSD,4307.32,4307.77,4306.5,4307.34,676.0
2026-09-14 19:01:00,FX:XAUUSD,4307.34,4307.36,4305.51,4305.89,594.0
2026-09-14 19:02:00,FX:XAUUSD,4305.89,4306.04,4305.19,4305.96,623.0
2026-09-14 19:03:00,FX:XAUUSD,4305.96,4305.96,4305.4,4305.5,557.0
2026-09-14 19:04:00,FX:XAUUSD,4305.5,4306.49,4304.36,4306.43,1012.0
2026-09-14 19:05:00,FX:XAUUSD,4306.43,4306.49,4305.91,4306.43,522.0
2026-09-14 19:06:00,FX:XAUUSD,4306.43,4306.47,4304.64,4304.74,623.0
2026-09-14 19:07:00,FX:XAUUSD,4304.74,4305.17,4303.68,4303.74,530.0
2026-09-14 19:08:00,FX:XAUUSD,4303.74,4304.38,4302.73,4304.33,489.0
2026-09-14 19:09:00,FX:XAUUSD,4304.33,4304.74,4303.65,4303.75,335.0
2026-09-14 19:10:00,FX:XAUUSD,4303.75,4304.29,4303.43,4303.94,385.0
2026-09-14 19:11:00,FX:XAUUSD,4303.94,4305.37,4303.94,4305.16,432.0
2026-09-14 19:12:00,FX:XAUUSD,4305.16,4305.62,4304.78,4305.37,373.0
2026-09-14 19:13:00,FX:XAUUSD,4305.37,4306.59,4305.37,4305.93,388.0
2026-09-14 19:14:00,FX:XAUUSD,4305.93,4306.53,4305.84,4305.95,384.0
2026-09-14 19:15:00,FX:XAUUSD,4305.95,4305.95,4303.77,4304.12,404.0
2026-09-14 19:16:00,FX:XAUUSD,4304.12,4304.24,4302.91,4303.14,368.0
2026-09-14 19:17:00,FX:XAUUSD,4303.14,4303.26,4302.15,4302.74,597.0
2026-09-14 19:18:00,FX:XAUUSD,4302.74,4303.25,4302.34,4302.57,324.0
2026-09-14 19:19:00,FX:XAUUSD,4302.57,4302.61,4300.22,4301.68,584.0
2026-09-14 19:20:00,FX:XAUUSD,4301.68,4302.19,4301.15,4301.68,487.0
2026-09-14 19:21:00,FX:XAUUSD,4301.68,4302.27,4300.59,4300.66,479.0
2026-09-14 19:22:00,FX:XAUUSD,4300.66,4300.7,4297.37,4297.46,481.0
2026-09-14 19:23:00,FX:XAUUSD,4297.46,4298.0,4297.14,4297.48,529.0
2026-09-14 19:24:00,FX:XAUUSD,4297.48,4297.61,4295.84,4297.29,382.0
2026-09-14 19:25:00,FX:XAUUSD,4297.29,4297.8,4296.84,4297.09,449.0
2026-09-14 19:26:00,FX:XAUUSD,4297.09,4297.87,4297.0,4297.0,410.0
2026-09-14 19:27:00,FX:XAUUSD,4297.0,4298.29,4296.67,4297.1,682.0
2026-09-14 19:28:00,FX:XAUUSD,4297.1,4297.54,4296.8,4296.91,373.0
2026-09-14 19:29:00,FX:XAUUSD,4296.91,4297.27,4296.28,4296.31,421.0
2026-09-14 19:30:00,FX:XAUUSD,4296.31,4296.86,4295.94,4296.1,726.0
2026-09-14 19:31:00,FX:XAUUSD,4296.1,4297.34,4295.93,4296.46,687.0
2026-09-14 19:32:00,FX:XAUUSD,4296.46,4296.76,4295.51,4295.62,547.0
2026-09-14 19:33:00,FX:XAUUSD,4295.62,4296.0,4294.58,4294.74,642.0
2026-09-14 19:34:00,FX:XAUUSD,4294.74,4295.0,4292.8,4293.0,415.0
2026-09-14 19:35:00,FX:XAUUSD,4293.0,4293.62,4291.9,4293.15,630.0
2026-09-14 19:36:00,FX:XAUUSD,4293.15,4294.53,4293.03,4293.71,448.0
2026-09-14 19:37:00,FX:XAUUSD,4293.71,4294.25,4293.02,4293.36,468.0
2026-09-14 19:38:00,FX:XAUUSD,4293.36,4294.26,4292.97,4293.03,492.0
2026-09-14 19:39:00,FX:XAUUSD,4293.03,4293.03,4291.85,4291.98,479.0
2026-09-14 19:40:00,FX:XAUUSD,4291.98,4292.16,4290.92,4291.12,596.0
2026-09-14 19:41:00,FX:XAUUSD,4291.12,4291.5,4290.43,4291.1,561.0
2026-09-14 19:42:00,FX:XAUUSD,4291.1,4292.26,4291.03,4291.43,664.0
2026-09-14 19:43:00,FX:XAUUSD,4291.43,4291.78,4290.81,4291.07,667.0
2026-09-14 19:44:00,FX:XAUUSD,4291.07,4291.95,4290.81,4291.81,771.0
2026-09-14 19:45:00,FX:XAUUSD,4291.81,4291.87,4290.8,4291.36,404.0
2026-09-14 19:46:00,FX:XAUUSD,4291.36,4291.4,4289.76,4290.27,359.0
2026-09-14 19:47:00,FX:XAUUSD,4290.27,4290.5,4289.53,4289.71,337.0
2026-09-14 19:48:00,FX:XAUUSD,4289.71,4289.71,4287.74,4288.73,564.0
2026-09-14 19:49:00,FX:XAUUSD,4288.73,4288.87,4287.76,4287.8,604.0
2026-09-14 19:50:00,FX:XAUUSD,4287.8,4287.93,4285.49,4286.72,802.0
2026-09-14 19:51:00,FX:XAUUSD,4286.72,4287.23,4285.6,4287.23,937.0
2026-09-14 19:52:00,FX:XAUUSD,4287.23,4287.84,4286.13,4286.49,1023.0
2026-09-14 19:53:00,FX:XAUUSD,4286.49,4286.71,4285.42,4286.55,675.0
2026-09-14 19:54:00,FX:XAUUSD,4286.55,4287.41,4284.79,4286.39,979.0
2026-09-14 19:55:00,FX:XAUUSD,4286.39,4286.74,4284.86,4285.52,1401.0
2026-09-14 19:56:00,FX:XAUUSD,4285.52,4285.54,4283.16,4283.51,911.0
2026-09-14 19:57:00,FX:XAUUSD,4283.51,4285.46,4283.3,4285.32,843.0
2026-09-14 19:58:00,FX:XAUUSD,4285.32,4285.85,4283.62,4283.88,744.0
2026-09-14 19:59:00,FX:XAUUSD,4283.88,4284.28,4282.79,4283.42,1166.0
2026-09-14 20:00:00,FX:XAUUSD,4283.42,4285.05,4283.1,4283.61,829.0
2026-09-14 20:01:00,FX:XAUUSD,4283.61,4284.24,4282.32,4282.43,495.0
2026-09-14 20:02:00,FX:XAUUSD,4282.43,4283.13,4282.39,4282.86,322.0
2026-09-14 20:03:00,FX:XAUUSD,4282.86,4283.84,4282.44,4283.84,375.0
2026-09-14 20:04:00,FX:XAUUSD,4283.84,4284.55,4283.75,4284.55,277.0
2026-09-14 20:05:00,FX:XAUUSD,4284.55,4286.23,4284.52,4286.05,276.0
2026-09-14 20:06:00,FX:XAUUSD,4286.05,4286.2,4285.36,4285.67,282.0
2026-09-14 20:07:00,FX:XAUUSD,4285.67,4286.72,4285.43,4285.79,396.0
2026-09-14 20:08:00,FX:XAUUSD,4285.79,4285.87,4284.87,4285.86,271.0
2026-09-14 20:09:00,FX:XAUUSD,4285.86,4286.12,4285.45,4285.87,202.0
2026-09-14 20:10:00,FX:XAUUSD,4285.87,4286.73,4285.56,4286.73,257.0
2026-09-14 20:11:00,FX:XAUUSD,4286.73,4288.11,4286.51,4287.85,390.0
2026-09-14 20:12:00,FX:XAUUSD,4287.85,4288.34,4287.34,4288.33,189.0
2026-09-14 20:13:00,FX:XAUUSD,4288.33,4288.41,4287.63,4287.94,166.0
2026-09-14 20:14:00,FX:XAUUSD,4287.94,4288.29,4287.54,4287.74,214.0
2026-09-14 20:15:00,FX:XAUUSD,4287.74,4290.24,4287.74,4289.89,297.0
2026-09-14 20:16:00,FX:XAUUSD,4289.89,4290.13,4289.43,4290.02,212.0
2026-09-14 20:17:00,FX:XAUUSD,4290.02,4290.57,4289.86,4290.46,201.0
2026-09-14 20:18:00,FX:XAUUSD,4290.46,4291.26,4290.2,4291.18,268.0
2026-09-14 20:19:00,FX:XAUUSD,4291.18,4293.25,4290.71,4293.22,275.0
2026-09-14 20:20:00,FX:XAUUSD,4293.22,4295.47,4293.22,4294.64,456.0
2026-09-14 20:21:00,FX:XAUUSD,4294.64,4295.95,4293.98,4294.28,318.0
2026-09-14 20:22:00,FX:XAUUSD,4294.28,4295.61,4294.25,4294.92,230.0
2026-09-14 20:23:00,FX:XAUUSD,4294.92,4295.4,4293.93,4295.4,166.0
2026-09-14 20:24:00,FX:XAUUSD,4295.4,4295.9,4295.21,4295.75,215.0
2026-09-14 20:25:00,FX:XAUUSD,4295.75,4297.22,4295.71,4296.96,246.0
2026-09-14 20:26:00,FX:XAUUSD,4296.96,4297.58,4296.23,4297.45,364.0
2026-09-14 20:27:00,FX:XAUUSD,4297.45,4297.53,4296.76,4297.42,237.0
2026-09-14 20:28:00,FX:XAUUSD,4297.42,4298.26,4297.42,4297.74,309.0
2026-09-14 20:29:00,FX:XAUUSD,4297.74,4297.82,4296.6,4296.66,295.0
2026-09-14 20:30:00,FX:XAUUSD,4296.66,4298.22,4296.66,4298.15,281.0
2026-09-14 20:31:00,FX:XAUUSD,4298.15,4298.49,4297.56,4297.57,170.0
2026-09-14 20:32:00,FX:XAUUSD,4297.57,4299.41,4297.57,4299.3,197.0
2026-09-14 20:33:00,FX:XAUUSD,4299.3,4299.61,4299.26,4299.34,189.0
2026-09-14 20:34:00,FX:XAUUSD,4299.34,4299.56,4299.06,4299.38,129.0
2026-09-14 20:35:00,FX:XAUUSD,4299.38,4299.38,4297.26,4297.32,230.0
2026-09-14 20:36:00,FX:XAUUSD,4297.32,4297.37,4296.15,4296.49,243.0
2026-09-14 20:37:00,FX:XAUUSD,4296.49,4296.79,4295.54,4295.82,192.0
2026-09-14 20:38:00,FX:XAUUSD,4295.82,4296.05,4294.86,4295.58,258.0
2026-09-14 20:39:00,FX:XAUUSD,4295.58,4296.32,4295.27,4296.26,164.0
2026-09-14 20:40:00,FX:XAUUSD,4296.26,4296.74,4295.65,4296.19,271.0
2026-09-14 20:41:00,FX:XAUUSD,4296.19,4296.23,4295.03,4295.39,183.0
2026-09-14 20:42:00,FX:XAUUSD,4295.39,4295.83,4295.38,4295.42,72.0
2026-09-14 20:43:00,FX:XAUUSD,4295.42,4295.52,4295.11,4295.5,182.0
2026-09-14 20:44:00,FX:XAUUSD,4295.5,4295.5,4294.65,4294.91,221.0
2026-09-14 20:45:00,FX:XAUUSD,4294.91,4295.91,4294.89,4295.84,271.0
2026-09-14 20:46:00,FX:XAUUSD,4295.84,4295.84,4295.04,4295.33,202.0
2026-09-14 20:47:00,FX:XAUUSD,4295.33,4296.1,4295.26,4296.06,366.0
2026-09-14 20:48:00,FX:XAUUSD,4296.06,4297.02,4295.65,4296.46,277.0
2026-09-14 20:49:00,FX:XAUUSD,4296.46,4296.68,4296.22,4296.65,171.0
2026-09-14 20:50:00,FX:XAUUSD,4296.65,4297.22,4296.6,4297.22,215.0
2026-09-14 20:51:00,FX:XAUUSD,4297.22,4297.22,4296.62,4296.72,120.0
2026-09-14 20:52:00,FX:XAUUSD,4296.72,4297.25,4296.72,4297.23,121.0
2026-09-14 20:53:00,FX:XAUUSD,4297.23,4297.57,4297.14,4297.32,146.0
2026-09-14 20:54:00,FX:XAUUSD,4297.32,4297.66,4297.11,4297.61,114.0
2026-09-14 20:55:00,FX:XAUUSD,4297.61,4299.33,4297.5,4298.82,210.0
2026-09-14 20:56:00,FX:XAUUSD,4298.82,4298.87,4297.79,4297.98,199.0
2026-09-14 20:57:00,FX:XAUUSD,4297.98,4298.76,4297.92,4298.56,168.0
2026-09-14 20:58:00,FX:XAUUSD,4298.56,4298.66,4297.93,4298.65,128.0
2026-09-14 20:59:00,FX:XAUUSD,4298.65,4299.59,4298.65,4298.76,237.0
2026-09-14 22:01:00,FX:XAUUSD,4298.76,4300.74,4298.76,4300.45,222.0
2026-09-14 22:02:00,FX:XAUUSD,4300.45,4300.6,4299.45,4299.65,314.0
2026-09-14 22:03:00,FX:XAUUSD,4299.65,4299.93,4298.67,4299.59,458.0
2026-09-14 22:04:00,FX:XAUUSD,4299.59,4299.63,4299.05,4299.43,279.0
2026-09-14 22:05:00,FX:XAUUSD,4299.43,4299.96,4298.77,4299.24,351.0
2026-09-14 22:06:00,FX:XAUUSD,4299.24,4299.24,4297.88,4298.06,302.0
2026-09-14 22:07:00,FX:XAUUSD,4298.06,4298.26,4297.61,4297.77,392.0
2026-09-14 22:08:00,FX:XAUUSD,4297.77,4297.83,4297.15,4297.31,369.0
2026-09-14 22:09:00,FX:XAUUSD,4297.31,4298.0,4297.2,4297.79,317.0
2026-09-14 22:10:00,FX:XAUUSD,4297.79,4297.79,4296.67,4297.16,362.0
2026-09-14 22:11:00,FX:XAUUSD,4297.16,4297.58,4296.95,4297.42,307.0
2026-09-14 22:12:00,FX:XAUUSD,4297.42,4297.67,4297.29,4297.51,216.0
2026-09-14 22:13:00,FX:XAUUSD,4297.51,4297.81,4297.06,4297.2,238.0
2026-09-14 22:14:00,FX:XAUUSD,4297.2,4297.22,4296.86,4297.08,170.0
2026-09-14 22:15:00,FX:XAUUSD,4297.08,4297.68,4296.66,4296.72,285.0
2026-09-14 22:16:00,FX:XAUUSD,4296.72,4297.42,4296.54,4297.12,218.0
2026-09-14 22:17:00,FX:XAUUSD,4297.12,4297.52,4296.8,4297.26,223.0
2026-09-14 22:18:00,FX:XAUUSD,4297.26,4297.61,4296.79,4297.21,397.0
2026-09-14 22:19:00,FX:XAUUSD,4297.21,4297.31,4296.01,4296.34,323.0
2026-09-14 22:20:00,FX:XAUUSD,4296.34,4297.14,4295.81,4295.93,214.0
2026-09-14 22:21:00,FX:XAUUSD,4295.93,4296.95,4295.87,4296.69,406.0
2026-09-14 22:22:00,FX:XAUUSD,4296.69,4298.35,4296.68,4297.64,293.0
2026-09-14 22:23:00,FX:XAUUSD,4297.64,4297.91,4297.05,4297.06,318.0
2026-09-14 22:24:00,FX:XAUUSD,4297.06,4297.17,4295.83,4295.93,213.0
2026-09-14 22:25:00,FX:XAUUSD,4295.93,4296.12,4292.68,4294.27,431.0
2026-09-14 22:26:00,FX:XAUUSD,4294.27,4294.72,4293.5,4294.35,192.0
2026-09-14 22:27:00,FX:XAUUSD,4294.35,4294.92,4294.35,4294.84,128.0
2026-09-14 22:28:00,FX:XAUUSD,4294.84,4295.82,4294.78,4295.69,140.0
2026-09-14 22:29:00,FX:XAUUSD,4295.69,4295.77,4295.22,4295.66,146.0
2026-09-14 22:30:00,FX:XAUUSD,4295.66,4295.76,4295.37,4295.59,96.0
2026-09-14 22:31:00,FX:XAUUSD,4295.59,4296.05,4295.44,4296.05,223.0
2026-09-14 22:32:00,FX:XAUUSD,4296.05,4297.63,4296.05,4297.49,237.0
2026-09-14 22:33:00,FX:XAUUSD,4297.49,4297.49,4296.76,4296.8,98.0
2026-09-14 22:34:00,FX:XAUUSD,4296.8,4297.06,4296.54,4296.88,86.0
2026-09-14 22:35:00,FX:XAUUSD,4296.88,4297.16,4296.46,4296.97,114.0
2026-09-14 22:36:00,FX:XAUUSD,4296.97,4298.04,4296.96,4297.93,94.0
2026-09-14 22:37:00,FX:XAUUSD,4297.93,4298.53,4295.75,4295.8,326.0
2026-09-14 22:38:00,FX:XAUUSD,4295.8,4295.85,4293.56,4295.85,337.0
2026-09-14 22:39:00,FX:XAUUSD,4295.85,4296.48,4295.67,4295.67,115.0
2026-09-14 22:40:00,FX:XAUUSD,4295.67,4296.92,4294.63,4295.87,336.0
2026-09-14 22:41:00,FX:XAUUSD,4295.87,4296.95,4295.87,4296.29,194.0
2026-09-14 22:42:00,FX:XAUUSD,4296.29,4297.62,4295.68,4295.87,333.0
2026-09-14 22:43:00,FX:XAUUSD,4295.87,4296.77,4294.82,4295.01,429.0
2026-09-14 22:44:00,FX:XAUUSD,4295.01,4295.86,4293.51,4295.78,479.0
2026-09-14 22:45:00,FX:XAUUSD,4295.78,4296.13,4295.58,4296.0,152.0
2026-09-14 22:46:00,FX:XAUUSD,4296.0,4296.0,4295.32,4295.72,116.0
2026-09-14 22:47:00,FX:XAUUSD,4295.72,4296.08,4295.05,4295.07,128.0
2026-09-14 22:48:00,FX:XAUUSD,4295.07,4295.15,4294.67,4294.8,101.0
2026-09-14 22:49:00,FX:XAUUSD,4294.8,4295.2,4294.33,4295.2,107.0
2026-09-14 22:50:00,FX:XAUUSD,4295.2,4296.37,4295.2,4296.2,215.0
2026-09-14 22:51:00,FX:XAUUSD,4296.2,4298.15,4295.99,4296.17,260.0
2026-09-14 22:52:00,FX:XAUUSD,4296.17,4296.52,4295.7,4295.74,139.0
2026-09-14 22:53:00,FX:XAUUSD,4295.74,4295.95,4294.01,4295.95,247.0
2026-09-14 22:54:00,FX:XAUUSD,4295.95,4296.34,4295.46,4296.14,191.0
2026-09-14 22:55:00,FX:XAUUSD,4296.14,4297.06,4296.14,4296.81,110.0
2026-09-14 22:56:00,FX:XAUUSD,4296.81,4297.24,4295.51,4296.09,352.0
2026-09-14 22:57:00,FX:XAUUSD,4296.09,4296.41,4295.17,4295.66,283.0
2026-09-14 22:58:00,FX:XAUUSD,4295.66,4296.0,4293.1,4295.35,444.0
2026-09-14 22:59:00,FX:XAUUSD,4295.35,4296.44,4295.35,4295.48,224.0
2026-09-14 23:00:00,FX:XAUUSD,4295.48,4296.63,4294.97,4296.63,165.0
2026-09-14 23:01:00,FX:XAUUSD,4296.63,4297.41,4295.05,4295.15,412.0
2026-09-14 23:02:00,FX:XAUUSD,4295.15,4296.06,4294.49,4295.12,433.0
2026-09-14 23:03:00,FX:XAUUSD,4295.12,4295.17,4294.61,4294.7,120.0
2026-09-14 23:04:00,FX:XAUUSD,4294.7,4294.8,4293.05,4294.08,314.0
2026-09-14 23:05:00,FX:XAUUSD,4294.08,4295.0,4293.68,4294.76,230.0
2026-09-14 23:06:00,FX:XAUUSD,4294.76,4294.81,4292.78,4293.24,246.0
2026-09-14 23:07:00,FX:XAUUSD,4293.24,4294.17,4292.44,4293.72,268.0
2026-09-14 23:08:00,FX:XAUUSD,4293.72,4295.04,4292.89,4293.23,371.0
2026-09-14 23:09:00,FX:XAUUSD,4293.23,4293.7,4292.8,4293.16,242.0
2026-09-14 23:10:00,FX:XAUUSD,4293.16,4293.31,4291.12,4292.33,442.0
2026-09-14 23:11:00,FX:XAUUSD,4292.33,4292.78,4292.06,4292.12,193.0
2026-09-14 23:12:00,FX:XAUUSD,4292.12,4293.26,4291.9,4292.94,302.0
2026-09-14 23:13:00,FX:XAUUSD,4292.94,4294.18,4291.82,4292.23,379.0
2026-09-14 23:14:00,FX:XAUUSD,4292.23,4292.52,4291.9,4292.13,171.0
2026-09-14 23:15:00,FX:XAUUSD,4292.13,4292.3,4291.23,4291.36,149.0
2026-09-14 23:16:00,FX:XAUUSD,4291.36,4291.78,4290.41,4290.83,371.0
2026-09-14 23:17:00,FX:XAUUSD,4290.83,4291.46,4290.74,4290.91,183.0
2026-09-14 23:18:00,FX:XAUUSD,4290.91,4291.51,4290.68,4290.9,235.0
2026-09-14 23:19:00,FX:XAUUSD,4290.9,4290.9,4289.22,4289.44,235.0
2026-09-14 23:20:00,FX:XAUUSD,4289.44,4289.68,4287.96,4288.28,339.0
2026-09-14 23:21:00,FX:XAUUSD,4288.28,4288.59,4287.15,4287.32,207.0
2026-09-14 23:22:00,FX:XAUUSD,4287.32,4289.5,4287.32,4289.44,341.0
2026-09-14 23:23:00,FX:XAUUSD,4289.44,4290.58,4288.9,4290.31,289.0
2026-09-14 23:24:00,FX:XAUUSD,4290.31,4290.76,4289.02,4290.21,223.0
2026-09-14 23:25:00,FX:XAUUSD,4290.21,4290.72,4289.68,4290.13,180.0
2026-09-14 23:26:00,FX:XAUUSD,4290.13,4290.5,4288.78,4289.69,316.0
2026-09-14 23:27:00,FX:XAUUSD,4289.69,4289.69,4287.08,4288.47,470.0
2026-09-14 23:28:00,FX:XAUUSD,4288.47,4289.88,4288.47,4289.88,253.0
2026-09-14 23:29:00,FX:XAUUSD,4289.88,4290.13,4289.4,4290.03,175.0
2026-09-14 23:30:00,FX:XAUUSD,4290.03,4290.73,4289.26,4290.71,251.0
2026-09-14 23:31:00,FX:XAUUSD,4290.71,4291.69,4290.7,4291.61,235.0
2026-09-14 23:32:00,FX:XAUUSD,4291.61,4291.61,4288.38,4288.64,344.0
2026-09-14 23:33:00,FX:XAUUSD,4288.64,4289.55,4287.84,4289.53,254.0
2026-09-14 23:34:00,FX:XAUUSD,4289.53,4290.99,4288.91,4290.8,191.0
2026-09-14 23:35:00,FX:XAUUSD,4290.8,4291.3,4290.14,4290.41,232.0
2026-09-14 23:36:00,FX:XAUUSD,4290.41,4290.56,4290.05,4290.08,96.0
2026-09-14 23:37:00,FX:XAUUSD,4290.08,4290.08,4288.21,4288.93,272.0
2026-09-14 23:38:00,FX:XAUUSD,4288.93,4290.16,4288.71,4290.14,191.0
2026-09-14 23:39:00,FX:XAUUSD,4290.14,4290.14,4289.24,4289.27,128.0
2026-09-14 23:40:00,FX:XAUUSD,4289.27,4291.68,4289.21,4290.31,241.0
2026-09-14 23:41:00,FX:XAUUSD,4290.31,4290.44,4288.7,4289.04,183.0
2026-09-14 23:42:00,FX:XAUUSD,4289.04,4289.25,4288.83,4288.93,104.0
2026-09-14 23:43:00,FX:XAUUSD,4288.93,4289.47,4288.79,4289.35,151.0
2026-09-14 23:44:00,FX:XAUUSD,4289.35,4289.65,4289.35,4289.4,117.0
2026-09-14 23:45:00,FX:XAUUSD,4289.4,4289.49,4287.89,4288.09,363.0
2026-09-14 23:46:00,FX:XAUUSD,4288.09,4288.42,4287.87,4288.14,291.0
2026-09-14 23:47:00,FX:XAUUSD,4288.14,4288.34,4287.25,4288.3,312.0
2026-09-14 23:48:00,FX:XAUUSD,4288.3,4288.3,4287.83,4287.97,199.0
2026-09-14 23:49:00,FX:XAUUSD,4287.97,4288.86,4287.97,4288.8,181.0
2026-09-14 23:50:00,FX:XAUUSD,4288.8,4289.19,4288.6,4288.6,208.0
2026-09-14 23:51:00,FX:XAUUSD,4288.6,4288.77,4288.35,4288.42,142.0
2026-09-14 23:52:00,FX:XAUUSD,4288.42,4288.65,4287.86,4287.97,226.0
2026-09-14 23:53:00,FX:XAUUSD,4287.97,4288.0,4287.25,4287.67,192.0
2026-09-14 23:54:00,FX:XAUUSD,4287.67,4288.14,4287.26,4287.71,453.0
2026-09-14 23:55:00,FX:XAUUSD,4287.71,4288.17,4287.02,4288.15,386.0
2026-09-14 23:56:00,FX:XAUUSD,4288.15,4288.58,4287.72,4287.73,327.0
2026-09-14 23:57:00,FX:XAUUSD,4287.73,4288.75,4287.58,4288.39,344.0
2026-09-14 23:58:00,FX:XAUUSD,4288.39,4288.79,4288.05,4288.37,258.0
2026-09-14 23:59:00,FX:XAUUSD,4288.37,4288.56,4288.15,4288.21,247.0
2026-09-15 00:00:00,FX:XAUUSD,4288.21,4288.8,4287.34,4288.69,774.0
2026-09-15 00:01:00,FX:XAUUSD,4288.69,4288.89,4287.32,4287.76,643.0
2026-09-15 00:02:00,FX:XAUUSD,4287.76,4288.96,4286.96,4287.08,557.0
2026-09-15 00:03:00,FX:XAUUSD,4287.08,4287.51,4286.76,4287.12,484.0
2026-09-15 00:04:00,FX:XAUUSD,4287.12,4287.33,4286.32,4286.35,489.0
2026-09-15 00:05:00,FX:XAUUSD,4286.35,4286.39,4283.63,4285.18,648.0
2026-09-15 00:06:00,FX:XAUUSD,4285.18,4286.32,4285.16,4285.63,615.0
2026-09-15 00:07:00,FX:XAUUSD,4285.63,4287.29,4285.33,4286.92,465.0
2026-09-15 00:08:00,FX:XAUUSD,4286.92,4288.39,4286.25,4286.36,618.0
2026-09-15 00:09:00,FX:XAUUSD,4286.36,4287.4,4286.03,4286.55,620.0
2026-09-15 00:10:00,FX:XAUUSD,4286.55,4286.71,4285.46,4285.58,648.0
2026-09-15 00:11:00,FX:XAUUSD,4285.58,4285.58,4284.05,4284.35,522.0
2026-09-15 00:12:00,FX:XAUUSD,4284.35,4284.65,4284.0,4284.33,559.0
2026-09-15 00:13:00,FX:XAUUSD,4284.33,4285.89,4284.33,4285.86,508.0
2026-09-15 00:14:00,FX:XAUUSD,4285.86,4287.08,4285.65,4286.8,482.0
2026-09-15 00:15:00,FX:XAUUSD,4286.8,4287.25,4286.08,4287.07,612.0
2026-09-15 00:16:00,FX:XAUUSD,4287.07,4287.72,4286.59,4287.48,454.0
2026-09-15 00:17:00,FX:XAUUSD,4287.48,4289.42,4287.23,4288.18,506.0
2026-09-15 00:18:00,FX:XAUUSD,4288.18,4288.2,4286.47,4286.88,343.0
2026-09-15 00:19:00,FX:XAUUSD,4286.88,4287.03,4284.51,4285.12,656.0
2026-09-15 00:20:00,FX:XAUUSD,4285.12,4285.52,4283.6,4285.09,630.0
2026-09-15 00:21:00,FX:XAUUSD,4285.09,4286.04,4284.79,4285.47,380.0
2026-09-15 00:22:00,FX:XAUUSD,4285.47,4285.48,4284.22,4284.5,324.0
2026-09-15 00:23:00,FX:XAUUSD,4284.5,4285.56,4284.47,4285.12,326.0
2026-09-15 00:24:00,FX:XAUUSD,4285.12,4287.46,4285.12,4287.4,470.0
2026-09-15 00:25:00,FX:XAUUSD,4287.4,4287.91,4285.68,4287.91,632.0
2026-09-15 00:26:00,FX:XAUUSD,4287.91,4289.69,4287.91,4288.25,591.0
2026-09-15 00:27:00,FX:XAUUSD,4288.25,4289.5,4286.1,4286.56,543.0
2026-09-15 00:28:00,FX:XAUUSD,4286.56,4288.48,4286.54,4288.1,388.0
2026-09-15 00:29:00,FX:XAUUSD,4288.1,4288.34,4287.62,4288.14,565.0
2026-09-15 00:30:00,FX:XAUUSD,4288.14,4289.06,4286.4,4286.52,567.0
2026-09-15 00:31:00,FX:XAUUSD,4286.52,4287.74,4286.37,4286.67,454.0
2026-09-15 00:32:00,FX:XAUUSD,4286.67,4286.67,4285.77,4285.78,362.0
2026-09-15 00:33:00,FX:XAUUSD,4285.78,4285.87,4284.45,4284.53,315.0
2026-09-15 00:34:00,FX:XAUUSD,4284.53,4285.07,4283.24,4284.43,592.0
2026-09-15 00:35:00,FX:XAUUSD,4284.43,4284.78,4284.07,4284.43,417.0
2026-09-15 00:36:00,FX:XAUUSD,4284.43,4287.94,4284.42,4287.75,448.0
2026-09-15 00:37:00,FX:XAUUSD,4287.75,4288.18,4287.02,4287.37,404.0
2026-09-15 00:38:00,FX:XAUUSD,4287.37,4287.82,4286.76,4287.11,389.0
2026-09-15 00:39:00,FX:XAUUSD,4287.11,4290.6,4287.06,4290.1,719.0
2026-09-15 00:40:00,FX:XAUUSD,4290.1,4290.38,4289.57,4290.13,512.0
2026-09-15 00:41:00,FX:XAUUSD,4290.13,4292.93,4289.99,4291.41,596.0
2026-09-15 00:42:00,FX:XAUUSD,4291.41,4292.46,4291.08,4292.46,417.0
2026-09-15 00:43:00,FX:XAUUSD,4292.46,4293.1,4292.24,4292.94,283.0
2026-09-15 00:44:00,FX:XAUUSD,4292.94,4292.94,4291.9,4292.53,317.0
2026-09-15 00:45:00,FX:XAUUSD,4292.53,4294.12,4292.53,4292.82,631.0
2026-09-15 00:46:00,FX:XAUUSD,4292.82,4293.11,4291.8,4292.3,555.0
2026-09-15 00:47:00,FX:XAUUSD,4292.3,4292.62,4291.8,4292.62,411.0
2026-09-15 00:48:00,FX:XAUUSD,4292.62,4293.1,4292.26,4292.92,340.0
2026-09-15 00:49:00,FX:XAUUSD,4292.92,4294.31,4292.75,4294.24,435.0
2026-09-15 00:50:00,FX:XAUUSD,4294.24,4294.97,4294.08,4294.87,473.0
2026-09-15 00:51:00,FX:XAUUSD,4294.87,4294.87,4293.6,4293.73,431.0
2026-09-15 00:52:00,FX:XAUUSD,4293.73,4296.51,4293.73,4296.51,412.0
2026-09-15 00:53:00,FX:XAUUSD,4296.51,4296.61,4295.47,4295.8,321.0
2026-09-15 00:54:00,FX:XAUUSD,4295.8,4295.8,4294.3,4294.37,566.0
2026-09-15 00:55:00,FX:XAUUSD,4294.37,4294.55,4293.41,4293.92,497.0
2026-09-15 00:56:00,FX:XAUUSD,4293.92,4294.09,4293.49,4294.03,432.0
2026-09-15 00:57:00,FX:XAUUSD,4294.03,4294.28,4293.64,4293.8,427.0
2026-09-15 00:58:00,FX:XAUUSD,4293.8,4293.98,4292.54,4292.64,561.0
2026-09-15 00:59:00,FX:XAUUSD,4292.64,4294.1,4292.63,4293.02,730.0
2026-09-15 01:00:00,FX:XAUUSD,4293.02,4294.74,4290.75,4292.0,2096.0
2026-09-15 01:01:00,FX:XAUUSD,4292.0,4292.73,4290.33,4290.72,1702.0
2026-09-15 01:02:00,FX:XAUUSD,4290.72,4291.3,4287.99,4290.36,1673.0
2026-09-15 01:03:00,FX:XAUUSD,4290.36,4293.75,4289.26,4293.35,1655.0
2026-09-15 01:04:00,FX:XAUUSD,4293.35,4298.28,4292.47,4296.0,1834.0
2026-09-15 01:05:00,FX:XAUUSD,4296.0,4297.7,4295.51,4296.77,1187.0
2026-09-15 01:06:00,FX:XAUUSD,4296.77,4296.81,4293.16,4295.8,1164.0
2026-09-15 01:07:00,FX:XAUUSD,4295.8,4297.72,4295.8,4297.19,1357.0
2026-09-15 01:08:00,FX:XAUUSD,4297.19,4298.61,4296.94,4297.66,915.0
2026-09-15 01:09:00,FX:XAUUSD,4297.66,4297.91,4293.65,4293.84,863.0
2026-09-15 01:10:00,FX:XAUUSD,4293.84,4296.72,4293.74,4296.62,831.0
2026-09-15 01:11:00,FX:XAUUSD,4296.62,4298.08,4296.34,4297.66,726.0
2026-09-15 01:12:00,FX:XAUUSD,4297.66,4298.5,4296.28,4296.32,714.0
2026-09-15 01:13:00,FX:XAUUSD,4296.32,4298.66,4296.29,4298.65,648.0
2026-09-15 01:14:00,FX:XAUUSD,4298.65,4299.91,4298.22,4299.68,627.0
2026-09-15 01:15:00,FX:XAUUSD,4299.68,4300.44,4299.08,4300.35,750.0
2026-09-15 01:16:00,FX:XAUUSD,4300.35,4302.49,4300.04,4301.85,630.0
2026-09-15 01:17:00,FX:XAUUSD,4301.85,4302.07,4300.28,4301.56,597.0
2026-09-15 01:18:00,FX:XAUUSD,4301.56,4302.88,4301.34,4302.09,697.0
2026-09-15 01:19:00,FX:XAUUSD,4302.09,4305.89,4302.09,4304.17,899.0
2026-09-15 01:20:00,FX:XAUUSD,4304.17,4304.23,4302.76,4302.91,653.0
2026-09-15 01:21:00,FX:XAUUSD,4302.91,4304.5,4302.8,4304.24,580.0
2026-09-15 01:22:00,FX:XAUUSD,4304.24,4304.37,4302.78,4303.48,684.0
2026-09-15 01:23:00,FX:XAUUSD,4303.48,4303.48,4302.01,4302.35,542.0
2026-09-15 01:24:00,FX:XAUUSD,4302.35,4303.57,4302.03,4302.22,591.0
2026-09-15 01:25:00,FX:XAUUSD,4302.22,4303.09,4301.11,4301.92,702.0
2026-09-15 01:26:00,FX:XAUUSD,4301.92,4302.33,4301.35,4301.35,459.0
2026-09-15 01:27:00,FX:XAUUSD,4301.35,4301.86,4300.67,4301.19,573.0
2026-09-15 01:28:00,FX:XAUUSD,4301.19,4301.48,4300.4,4301.11,578.0
2026-09-15 01:29:00,FX:XAUUSD,4301.11,4302.34,4300.83,4301.83,516.0
2026-09-15 01:30:00,FX:XAUUSD,4301.83,4303.53,4301.59,4302.93,872.0
2026-09-15 01:31:00,FX:XAUUSD,4302.93,4304.58,4301.92,4304.21,950.0
2026-09-15 01:32:00,FX:XAUUSD,4304.21,4304.92,4303.32,4304.79,632.0
2026-09-15 01:33:00,FX:XAUUSD,4304.79,4306.21,4304.54,4304.94,651.0
2026-09-15 01:34:00,FX:XAUUSD,4304.94,4305.54,4302.29,4302.46,639.0
2026-09-15 01:35:00,FX:XAUUSD,4302.46,4302.65,4300.5,4300.57,873.0
2026-09-15 01:36:00,FX:XAUUSD,4300.57,4301.82,4299.32,4299.43,716.0
2026-09-15 01:37:00,FX:XAUUSD,4299.43,4299.52,4297.54,4297.54,741.0
2026-09-15 01:38:00,FX:XAUUSD,4297.54,4298.03,4295.7,4296.91,695.0
2026-09-15 01:39:00,FX:XAUUSD,4296.91,4298.36,4296.35,4297.41,894.0
2026-09-15 01:40:00,FX:XAUUSD,4297.41,4298.78,4295.86,4296.97,1160.0
2026-09-15 01:41:00,FX:XAUUSD,4296.97,4297.62,4296.39,4296.4,707.0
2026-09-15 01:42:00,FX:XAUUSD,4296.4,4296.64,4295.3,4295.85,732.0
2026-09-15 01:43:00,FX:XAUUSD,4295.85,4299.34,4295.6,4298.54,1034.0
2026-09-15 01:44:00,FX:XAUUSD,4298.54,4299.73,4298.1,4298.6,671.0
2026-09-15 01:45:00,FX:XAUUSD,4298.6,4298.95,4296.53,4298.34,816.0
2026-09-15 01:46:00,FX:XAUUSD,4298.34,4300.66,4298.34,4299.7,581.0
2026-09-15 01:47:00,FX:XAUUSD,4299.7,4300.97,4299.64,4300.06,554.0
2026-09-15 01:48:00,FX:XAUUSD,4300.06,4301.0,4299.8,4300.26,459.0
2026-09-15 01:49:00,FX:XAUUSD,4300.26,4301.8,4299.43,4300.26,685.0
2026-09-15 01:50:00,FX:XAUUSD,4300.26,4300.47,4297.65,4297.65,694.0
2026-09-15 01:51:00,FX:XAUUSD,4297.65,4297.75,4295.53,4295.76,783.0
2026-09-15 01:52:00,FX:XAUUSD,4295.76,4296.61,4294.28,4296.43,683.0
2026-09-15 01:53:00,FX:XAUUSD,4296.43,4298.69,4296.32,4298.62,525.0
2026-09-15 01:54:00,FX:XAUUSD,4298.62,4299.85,4298.16,4299.4,586.0
2026-09-15 01:55:00,FX:XAUUSD,4299.4,4302.42,4299.4,4302.35,560.0
2026-09-15 01:56:00,FX:XAUUSD,4302.35,4303.49,4302.02,4302.52,676.0
2026-09-15 01:57:00,FX:XAUUSD,4302.52,4302.54,4301.04,4301.26,507.0
2026-09-15 01:58:00,FX:XAUUSD,4301.26,4303.84,4301.26,4303.6,496.0
2026-09-15 01:59:00,FX:XAUUSD,4303.6,4304.89,4303.27,4304.36,509.0
2026-09-15 02:00:00,FX:XAUUSD,4304.36,4306.57,4304.33,4305.57,917.0
2026-09-15 02:01:00,FX:XAUUSD,4305.57,4310.68,4305.52,4310.68,1092.0
2026-09-15 02:02:00,FX:XAUUSD,4310.68,4311.59,4308.37,4308.37,1040.0
2026-09-15 02:03:00,FX:XAUUSD,4308.37,4308.52,4306.77,4306.94,627.0
2026-09-15 02:04:00,FX:XAUUSD,4306.94,4307.22,4305.77,4306.92,638.0
2026-09-15 02:05:00,FX:XAUUSD,4306.92,4308.49,4306.17,4306.25,609.0
2026-09-15 02:06:00,FX:XAUUSD,4306.25,4307.09,4306.05,4306.56,592.0
2026-09-15 02:07:00,FX:XAUUSD,4306.56,4308.8,4306.44,4308.8,506.0
2026-09-15 02:08:00,FX:XAUUSD,4308.8,4309.01,4306.77,4307.87,639.0
2026-09-15 02:09:00,FX:XAUUSD,4307.87,4308.62,4306.87,4307.68,455.0
2026-09-15 02:10:00,FX:XAUUSD,4307.68,4308.29,4306.61,4307.05,332.0
2026-09-15 02:11:00,FX:XAUUSD,4307.05,4307.1,4305.13,4305.19,375.0
2026-09-15 02:12:00,FX:XAUUSD,4305.19,4307.06,4305.08,4306.52,446.0
2026-09-15 02:13:00,FX:XAUUSD,4306.52,4306.96,4306.24,4306.84,341.0
2026-09-15 02:14:00,FX:XAUUSD,4306.84,4307.42,4306.7,4307.39,253.0
2026-09-15 02:15:00,FX:XAUUSD,4307.39,4307.73,4305.9,4306.98,320.0
2026-09-15 02:16:00,FX:XAUUSD,4306.98,4307.65,4306.61,4307.16,368.0
2026-09-15 02:17:00,FX:XAUUSD,4307.16,4307.22,4305.56,4305.8,330.0
2026-09-15 02:18:00,FX:XAUUSD,4305.8,4306.97,4305.53,4306.96,271.0
2026-09-15 02:19:00,FX:XAUUSD,4306.96,4306.96,4305.45,4306.23,467.0
2026-09-15 02:20:00,FX:XAUUSD,4306.23,4307.43,4306.23,4307.07,304.0
2026-09-15 02:21:00,FX:XAUUSD,4307.07,4307.12,4306.1,4306.1,199.0
2026-09-15 02:22:00,FX:XAUUSD,4306.1,4307.85,4305.93,4307.39,207.0
2026-09-15 02:23:00,FX:XAUUSD,4307.39,4308.61,4307.39,4308.05,262.0
2026-09-15 02:24:00,FX:XAUUSD,4308.05,4308.83,4307.94,4308.18,285.0
2026-09-15 02:25:00,FX:XAUUSD,4308.18,4309.01,4307.99,4308.94,246.0
2026-09-15 02:26:00,FX:XAUUSD,4308.94,4309.2,4308.62,4308.71,342.0
2026-09-15 02:27:00,FX:XAUUSD,4308.71,4309.66,4308.67,4309.04,239.0
2026-09-15 02:28:00,FX:XAUUSD,4309.04,4309.34,4308.22,4308.87,408.0
2026-09-15 02:29:00,FX:XAUUSD,4308.87,4310.08,4308.87,4310.08,263.0
2026-09-15 02:30:00,FX:XAUUSD,4310.08,4310.5,4307.35,4308.09,975.0
2026-09-15 02:31:00,FX:XAUUSD,4308.09,4310.7,4307.86,4310.61,718.0
2026-09-15 02:32:00,FX:XAUUSD,4310.61,4310.86,4309.15,4309.86,825.0
2026-09-15 02:33:00,FX:XAUUSD,4309.86,4310.85,4309.86,4310.84,432.0
2026-09-15 02:34:00,FX:XAUUSD,4310.84,4312.33,4310.21,4311.83,550.0
2026-09-15 02:35:00,FX:XAUUSD,4311.83,4311.93,4310.98,4311.44,534.0
2026-09-15 02:36:00,FX:XAUUSD,4311.44,4311.49,4309.14,4310.86,761.0
2026-09-15 02:37:00,FX:XAUUSD,4310.86,4312.67,4310.86,4312.59,777.0
2026-09-15 02:38:00,FX:XAUUSD,4312.59,4314.29,4312.49,4314.26,549.0
2026-09-15 02:39:00,FX:XAUUSD,4314.26,4315.27,4313.67,4315.1,564.0
2026-09-15 02:40:00,FX:XAUUSD,4315.1,4317.15,4314.72,4316.66,627.0
2026-09-15 02:41:00,FX:XAUUSD,4316.66,4316.69,4314.17,4314.3,641.0
2026-09-15 02:42:00,FX:XAUUSD,4314.3,4315.23,4313.08,4313.58,740.0
2026-09-15 02:43:00,FX:XAUUSD,4313.58,4313.79,4312.02,4312.86,854.0
2026-09-15 02:44:00,FX:XAUUSD,4312.86,4313.26,4311.37,4311.37,524.0
2026-09-15 02:45:00,FX:XAUUSD,4311.37,4312.39,4311.03,4312.26,443.0
2026-09-15 02:46:00,FX:XAUUSD,4312.26,4315.0,4312.01,4314.21,540.0
2026-09-15 02:47:00,FX:XAUUSD,4314.21,4314.21,4312.49,4313.46,423.0
2026-09-15 02:48:00,FX:XAUUSD,4313.46,4315.76,4312.6,4315.19,709.0
2026-09-15 02:49:00,FX:XAUUSD,4315.19,4317.32,4315.19,4316.67,652.0
2026-09-15 02:50:00,FX:XAUUSD,4316.67,4317.23,4314.71,4314.71,626.0
2026-09-15 02:51:00,FX:XAUUSD,4314.71,4315.85,4313.56,4313.72,727.0
2026-09-15 02:52:00,FX:XAUUSD,4313.72,4315.88,4313.72,4314.66,716.0
2026-09-15 02:53:00,FX:XAUUSD,4314.66,4315.04,4313.11,4313.24,607.0
2026-09-15 02:54:00,FX:XAUUSD,4313.24,4313.26,4311.54,4312.09,550.0
2026-09-15 02:55:00,FX:XAUUSD,4312.09,4312.83,4311.77,4312.53,361.0
2026-09-15 02:56:00,FX:XAUUSD,4312.53,4313.44,4312.28,4313.24,341.0
2026-09-15 02:57:00,FX:XAUUSD,4313.24,4313.51,4312.1,4313.4,404.0
2026-09-15 02:58:00,FX:XAUUSD,4313.4,4313.73,4312.43,4312.79,470.0
2026-09-15 02:59:00,FX:XAUUSD,4312.79,4314.64,4312.62,4314.12,420.0
2026-09-15 03:00:00,FX:XAUUSD,4314.12,4314.43,4311.98,4312.21,634.0
2026-09-15 03:01:00,FX:XAUUSD,4312.21,4312.21,4309.87,4310.48,671.0
2026-09-15 03:02:00,FX:XAUUSD,4310.48,4311.61,4310.25,4311.55,430.0
2026-09-15 03:03:00,FX:XAUUSD,4311.55,4312.0,4310.98,4311.9,426.0
2026-09-15 03:04:00,FX:XAUUSD,4311.9,4313.16,4311.9,4312.42,410.0
2026-09-15 03:05:00,FX:XAUUSD,4312.42,4313.14,4311.91,4312.53,568.0
2026-09-15 03:06:00,FX:XAUUSD,4312.53,4312.79,4311.21,4312.51,522.0
2026-09-15 03:07:00,FX:XAUUSD,4312.51,4313.99,4312.51,4312.88,528.0
2026-09-15 03:08:00,FX:XAUUSD,4312.88,4313.58,4312.12,4313.53,412.0
2026-09-15 03:09:00,FX:XAUUSD,4313.53,4313.96,4313.16,4313.79,331.0
2026-09-15 03:10:00,FX:XAUUSD,4313.79,4314.1,4312.22,4312.35,599.0
2026-09-15 03:11:00,FX:XAUUSD,4312.35,4312.48,4311.31,4311.62,516.0
2026-09-15 03:12:00,FX:XAUUSD,4311.62,4312.15,4311.34,4311.57,390.0
2026-09-15 03:13:00,FX:XAUUSD,4311.57,4311.75,4311.05,4311.3,424.0
2026-09-15 03:14:00,FX:XAUUSD,4311.3,4311.67,4310.64,4310.85,431.0
2026-09-15 03:15:00,FX:XAUUSD,4310.85,4312.43,4310.48,4312.14,447.0
2026-09-15 03:16:00,FX:XAUUSD,4312.14,4312.14,4311.0,4311.0,520.0
2026-09-15 03:17:00,FX:XAUUSD,4311.0,4312.1,4310.05,4311.02,495.0
2026-09-15 03:18:00,FX:XAUUSD,4311.02,4312.28,4311.02,4311.66,349.0
2026-09-15 03:19:00,FX:XAUUSD,4311.66,4313.08,4311.66,4311.77,309.0
2026-09-15 03:20:00,FX:XAUUSD,4311.77,4312.63,4311.61,4311.67,316.0
2026-09-15 03:21:00,FX:XAUUSD,4311.67,4313.0,4311.67,4312.37,420.0
2026-09-15 03:22:00,FX:XAUUSD,4312.37,4313.74,4311.82,4313.57,304.0
2026-09-15 03:23:00,FX:XAUUSD,4313.57,4314.34,4312.41,4313.03,384.0
2026-09-15 03:24:00,FX:XAUUSD,4313.03,4313.62,4310.35,4310.75,385.0
2026-09-15 03:25:00,FX:XAUUSD,4310.75,4311.31,4310.21,4310.38,337.0
2026-09-15 03:26:00,FX:XAUUSD,4310.38,4310.46,4309.8,4310.27,254.0
2026-09-15 03:27:00,FX:XAUUSD,4310.27,4311.48,4310.22,4311.42,330.0
2026-09-15 03:28:00,FX:XAUUSD,4311.42,4311.55,4310.89,4311.07,229.0
2026-09-15 03:29:00,FX:XAUUSD,4311.07,4311.92,4310.52,4310.65,435.0
2026-09-15 03:30:00,FX:XAUUSD,4310.65,4312.54,4310.57,4312.51,470.0
2026-09-15 03:31:00,FX:XAUUSD,4312.51,4312.79,4311.24,4311.24,367.0
2026-09-15 03:32:00,FX:XAUUSD,4311.24,4311.63,4310.92,4311.36,332.0
2026-09-15 03:33:00,FX:XAUUSD,4311.36,4312.48,4311.36,4311.7,329.0
2026-09-15 03:34:00,FX:XAUUSD,4311.7,4312.92,4311.38,4312.8,328.0
2026-09-15 03:35:00,FX:XAUUSD,4312.8,4313.54,4312.58,4312.82,276.0
2026-09-15 03:36:00,FX:XAUUSD,4312.82,4313.23,4311.55,4311.81,292.0
2026-09-15 03:37:00,FX:XAUUSD,4311.81,4311.81,4310.59,4310.71,272.0
2026-09-15 03:38:00,FX:XAUUSD,4310.71,4311.19,4309.9,4309.94,429.0
2026-09-15 03:39:00,FX:XAUUSD,4309.94,4309.94,4309.08,4309.15,503.0
2026-09-15 03:40:00,FX:XAUUSD,4309.15,4310.23,4308.86,4309.86,441.0
2026-09-15 03:41:00,FX:XAUUSD,4309.86,4309.9,4308.87,4309.09,254.0
2026-09-15 03:42:00,FX:XAUUSD,4309.09,4309.41,4308.26,4308.85,283.0
2026-09-15 03:43:00,FX:XAUUSD,4308.85,4309.02,4308.06,4308.34,297.0
2026-09-15 03:44:00,FX:XAUUSD,4308.34,4309.12,4308.23,4308.47,382.0
2026-09-15 03:45:00,FX:XAUUSD,4308.47,4308.69,4308.01,4308.65,453.0
2026-09-15 03:46:00,FX:XAUUSD,4308.65,4309.78,4307.97,4309.5,436.0
2026-09-15 03:47:00,FX:XAUUSD,4309.5,4309.95,4308.66,4308.66,312.0
2026-09-15 03:48:00,FX:XAUUSD,4308.66,4308.71,4306.2,4306.42,518.0
2026-09-15 03:49:00,FX:XAUUSD,4306.42,4306.44,4305.49,4305.5,369.0
2026-09-15 03:50:00,FX:XAUUSD,4305.5,4305.88,4304.89,4305.19,410.0
2026-09-15 03:51:00,FX:XAUUSD,4305.19,4305.2,4304.27,4304.66,312.0
2026-09-15 03:52:00,FX:XAUUSD,4304.66,4304.66,4303.87,4303.9,343.0
2026-09-15 03:53:00,FX:XAUUSD,4303.9,4304.57,4303.79,4304.18,366.0
2026-09-15 03:54:00,FX:XAUUSD,4304.18,4304.71,4303.88,4304.2,338.0
2026-09-15 03:55:00,FX:XAUUSD,4304.2,4304.94,4303.69,4304.03,352.0
2026-09-15 03:56:00,FX:XAUUSD,4304.03,4304.57,4303.28,4303.96,470.0
2026-09-15 03:57:00,FX:XAUUSD,4303.96,4303.97,4303.56,4303.85,167.0
2026-09-15 03:58:00,FX:XAUUSD,4303.85,4304.67,4303.85,4304.55,216.0
2026-09-15 03:59:00,FX:XAUUSD,4304.55,4304.55,4303.42,4303.5,184.0
2026-09-15 04:00:00,FX:XAUUSD,4303.5,4304.29,4302.98,4303.0,283.0
2026-09-15 04:01:00,FX:XAUUSD,4303.0,4303.14,4302.55,4302.84,244.0
2026-09-15 04:02:00,FX:XAUUSD,4302.84,4303.2,4302.49,4302.51,278.0
2026-09-15 04:03:00,FX:XAUUSD,4302.51,4302.75,4302.45,4302.56,117.0
2026-09-15 04:04:00,FX:XAUUSD,4302.56,4303.23,4302.51,4303.12,231.0
2026-09-15 04:05:00,FX:XAUUSD,4303.12,4304.25,4303.02,4304.03,333.0
2026-09-15 04:06:00,FX:XAUUSD,4304.03,4304.03,4303.32,4303.32,219.0
2026-09-15 04:07:00,FX:XAUUSD,4303.32,4303.79,4302.66,4303.55,273.0
2026-09-15 04:08:00,FX:XAUUSD,4303.55,4305.77,4303.44,4305.77,431.0
2026-09-15 04:09:00,FX:XAUUSD,4305.77,4305.98,4305.0,4305.62,504.0
2026-09-15 04:10:00,FX:XAUUSD,4305.62,4306.69,4305.46,4306.36,385.0
2026-09-15 04:11:00,FX:XAUUSD,4306.36,4306.36,4304.35,4304.77,488.0
2026-09-15 04:12:00,FX:XAUUSD,4304.77,4306.99,4304.56,4306.99,372.0
2026-09-15 04:13:00,FX:XAUUSD,4306.99,4308.95,4306.79,4308.95,415.0
2026-09-15 04:14:00,FX:XAUUSD,4308.95,4309.58,4307.12,4307.17,475.0
2026-09-15 04:15:00,FX:XAUUSD,4307.17,4308.47,4306.84,4307.95,382.0
2026-09-15 04:16:00,FX:XAUUSD,4307.95,4307.99,4306.2,4306.35,397.0
2026-09-15 04:17:00,FX:XAUUSD,4306.35,4306.35,4305.17,4305.9,469.0
2026-09-15 04:18:00,FX:XAUUSD,4305.9,4305.9,4304.36,4304.5,309.0
2026-09-15 04:19:00,FX:XAUUSD,4304.5,4304.67,4303.32,4304.1,337.0
2026-09-15 04:20:00,FX:XAUUSD,4304.1,4304.67,4303.96,4304.66,304.0
2026-09-15 04:21:00,FX:XAUUSD,4304.66,4304.91,4303.88,4303.92,347.0
2026-09-15 04:22:00,FX:XAUUSD,4303.92,4303.92,4302.68,4303.37,329.0
2026-09-15 04:23:00,FX:XAUUSD,4303.37,4304.05,4302.72,4303.17,303.0
2026-09-15 04:24:00,FX:XAUUSD,4303.17,4303.48,4302.97,4303.04,315.0
2026-09-15 04:25:00,FX:XAUUSD,4303.04,4303.64,4302.88,4303.03,368.0
2026-09-15 04:26:00,FX:XAUUSD,4303.03,4303.25,4302.66,4303.11,298.0
2026-09-15 04:27:00,FX:XAUUSD,4303.11,4303.81,4302.95,4303.38,195.0
2026-09-15 04:28:00,FX:XAUUSD,4303.38,4304.05,4303.38,4303.52,250.0
2026-09-15 04:29:00,FX:XAUUSD,4303.52,4303.65,4302.77,4303.58,334.0
2026-09-15 04:30:00,FX:XAUUSD,4303.58,4303.67,4303.29,4303.51,130.0
2026-09-15 04:31:00,FX:XAUUSD,4303.51,4303.78,4302.99,4303.12,163.0
2026-09-15 04:32:00,FX:XAUUSD,4303.12,4303.89,4303.1,4303.25,191.0
2026-09-15 04:33:00,FX:XAUUSD,4303.25,4303.47,4302.51,4303.08,206.0
2026-09-15 04:34:00,FX:XAUUSD,4303.08,4304.19,4302.58,4302.77,309.0
2026-09-15 04:35:00,FX:XAUUSD,4302.77,4303.02,4302.34,4302.76,349.0
2026-09-15 04:36:00,FX:XAUUSD,4302.76,4303.05,4301.09,4301.54,259.0
2026-09-15 04:37:00,FX:XAUUSD,4301.54,4302.34,4300.7,4301.15,309.0
2026-09-15 04:38:00,FX:XAUUSD,4301.15,4302.47,4301.12,4302.45,259.0
2026-09-15 04:39:00,FX:XAUUSD,4302.45,4305.09,4302.45,4304.75,568.0
2026-09-15 04:40:00,FX:XAUUSD,4304.75,4304.93,4303.59,4304.76,355.0
2026-09-15 04:41:00,FX:XAUUSD,4304.76,4306.2,4304.76,4305.93,333.0
2026-09-15 04:42:00,FX:XAUUSD,4305.93,4306.18,4305.56,4305.63,283.0
2026-09-15 04:43:00,FX:XAUUSD,4305.63,4305.94,4305.09,4305.14,314.0
2026-09-15 04:44:00,FX:XAUUSD,4305.14,4305.57,4304.62,4304.9,360.0
2026-09-15 04:45:00,FX:XAUUSD,4304.9,4304.98,4304.13,4304.73,426.0
2026-09-15 04:46:00,FX:XAUUSD,4304.73,4305.56,4304.59,4304.9,281.0
2026-09-15 04:47:00,FX:XAUUSD,4304.9,4306.27,4304.58,4305.97,294.0
2026-09-15 04:48:00,FX:XAUUSD,4305.97,4306.89,4305.55,4306.13,354.0
2026-09-15 04:49:00,FX:XAUUSD,4306.13,4306.94,4305.56,4305.56,362.0
2026-09-15 04:50:00,FX:XAUUSD,4305.56,4306.01,4305.16,4305.96,482.0
2026-09-15 04:51:00,FX:XAUUSD,4305.96,4306.26,4304.66,4305.18,396.0
2026-09-15 04:52:00,FX:XAUUSD,4305.18,4305.82,4304.84,4305.04,391.0
2026-09-15 04:53:00,FX:XAUUSD,4305.04,4306.03,4304.32,4304.77,563.0
2026-09-15 04:54:00,FX:XAUUSD,4304.77,4306.14,4304.34,4305.71,404.0
2026-09-15 04:55:00,FX:XAUUSD,4305.71,4307.22,4305.18,4306.35,496.0
2026-09-15 04:56:00,FX:XAUUSD,4306.35,4306.88,4305.6,4306.18,452.0
2026-09-15 04:57:00,FX:XAUUSD,4306.18,4307.67,4306.18,4306.86,468.0
2026-09-15 04:58:00,FX:XAUUSD,4306.86,4306.9,4305.87,4306.06,247.0
2026-09-15 04:59:00,FX:XAUUSD,4306.06,4306.18,4304.5,4304.78,456.0
2026-09-15 05:00:00,FX:XAUUSD,4304.78,4306.43,4304.39,4306.19,525.0
2026-09-15 05:01:00,FX:XAUUSD,4306.19,4306.61,4305.51,4306.18,314.0
2026-09-15 05:02:00,FX:XAUUSD,4306.18,4307.51,4306.12,4307.16,392.0
2026-09-15 05:03:00,FX:XAUUSD,4307.16,4307.16,4304.1,4304.22,428.0
2026-09-15 05:04:00,FX:XAUUSD,4304.22,4304.22,4302.69,4302.73,431.0
2026-09-15 05:05:00,FX:XAUUSD,4302.73,4303.64,4302.62,4302.93,422.0
2026-09-15 05:06:00,FX:XAUUSD,4302.93,4303.01,4302.08,4302.41,417.0
2026-09-15 05:07:00,FX:XAUUSD,4302.41,4302.49,4301.31,4301.65,283.0
2026-09-15 05:08:00,FX:XAUUSD,4301.65,4302.18,4301.61,4301.98,309.0
2026-09-15 05:09:00,FX:XAUUSD,4301.98,4302.84,4301.73,4302.1,320.0
2026-09-15 05:10:00,FX:XAUUSD,4302.1,4302.54,4301.72,4302.14,358.0
2026-09-15 05:11:00,FX:XAUUSD,4302.14,4302.17,4300.86,4300.96,330.0
2026-09-15 05:12:00,FX:XAUUSD,4300.96,4301.21,4300.57,4300.75,318.0
2026-09-15 05:13:00,FX:XAUUSD,4300.75,4300.9,4300.44,4300.74,234.0
2026-09-15 05:14:00,FX:XAUUSD,4300.74,4302.1,4300.52,4301.59,346.0
2026-09-15 05:15:00,FX:XAUUSD,4301.59,4301.81,4299.4,4299.62,711.0
2026-09-15 05:16:00,FX:XAUUSD,4299.62,4299.9,4299.06,4299.18,404.0
2026-09-15 05:17:00,FX:XAUUSD,4299.18,4299.88,4298.98,4298.98,401.0
2026-09-15 05:18:00,FX:XAUUSD,4298.98,4299.96,4298.67,4299.89,335.0
2026-09-15 05:19:00,FX:XAUUSD,4299.89,4300.7,4299.77,4300.11,488.0
2026-09-15 05:20:00,FX:XAUUSD,4300.11,4301.26,4299.62,4299.92,583.0
2026-09-15 05:21:00,FX:XAUUSD,4299.92,4300.15,4297.8,4297.8,456.0
2026-09-15 05:22:00,FX:XAUUSD,4297.8,4298.51,4297.19,4297.97,493.0
2026-09-15 05:23:00,FX:XAUUSD,4297.97,4297.97,4297.22,4297.88,346.0
2026-09-15 05:24:00,FX:XAUUSD,4297.88,4297.88,4297.16,4297.66,262.0
2026-09-15 05:25:00,FX:XAUUSD,4297.66,4298.14,4296.39,4296.95,375.0
2026-09-15 05:26:00,FX:XAUUSD,4296.95,4297.21,4296.69,4296.9,279.0
2026-09-15 05:27:00,FX:XAUUSD,4296.9,4297.58,4296.47,4297.15,331.0
2026-09-15 05:28:00,FX:XAUUSD,4297.15,4298.09,4297.14,4298.08,318.0
2026-09-15 05:29:00,FX:XAUUSD,4298.08,4298.39,4297.23,4297.23,301.0
2026-09-15 05:30:00,FX:XAUUSD,4297.23,4300.14,4296.05,4296.41,1434.0
2026-09-15 05:31:00,FX:XAUUSD,4296.41,4296.56,4294.77,4296.34,1125.0
2026-09-15 05:32:00,FX:XAUUSD,4296.34,4296.34,4293.86,4294.52,961.0
2026-09-15 05:33:00,FX:XAUUSD,4294.52,4294.99,4293.26,4294.43,951.0
2026-09-15 05:34:00,FX:XAUUSD,4294.43,4294.56,4289.07,4292.64,1343.0
2026-09-15 05:35:00,FX:XAUUSD,4292.64,4294.17,4291.74,4293.07,1197.0
2026-09-15 05:36:00,FX:XAUUSD,4293.07,4294.81,4293.07,4293.99,831.0
2026-09-15 05:37:00,FX:XAUUSD,4293.99,4294.33,4291.68,4292.22,880.0
2026-09-15 05:38:00,FX:XAUUSD,4292.22,4293.33,4292.12,4292.58,690.0
2026-09-15 05:39:00,FX:XAUUSD,4292.58,4294.5,4292.48,4294.03,992.0
2026-09-15 05:40:00,FX:XAUUSD,4294.03,4296.03,4293.65,4296.03,938.0
2026-09-15 05:41:00,FX:XAUUSD,4296.03,4296.85,4295.69,4295.77,846.0
2026-09-15 05:42:00,FX:XAUUSD,4295.77,4296.19,4295.09,4295.98,695.0
2026-09-15 05:43:00,FX:XAUUSD,4295.98,4296.59,4294.11,4295.14,799.0
2026-09-15 05:44:00,FX:XAUUSD,4295.14,4297.11,4294.91,4296.26,808.0
2026-09-15 05:45:00,FX:XAUUSD,4296.26,4299.82,4296.06,4298.92,883.0
2026-09-15 05:46:00,FX:XAUUSD,4298.92,4299.37,4297.31,4297.77,737.0
2026-09-15 05:47:00,FX:XAUUSD,4297.77,4297.77,4296.64,4296.87,525.0
2026-09-15 05:48:00,FX:XAUUSD,4296.87,4297.7,4296.51,4297.26,583.0
2026-09-15 05:49:00,FX:XAUUSD,4297.26,4297.88,4294.51,4294.81,841.0
2026-09-15 05:50:00,FX:XAUUSD,4294.81,4296.06,4294.16,4296.01,779.0
2026-09-15 05:51:00,FX:XAUUSD,4296.01,4298.13,4295.69,4296.71,829.0
2026-09-15 05:52:00,FX:XAUUSD,4296.71,4298.81,4296.56,4298.16,694.0
2026-09-15 05:53:00,FX:XAUUSD,4298.16,4298.16,4295.61,4295.83,681.0
2026-09-15 05:54:00,FX:XAUUSD,4295.83,4296.25,4294.92,4295.02,542.0
2026-09-15 05:55:00,FX:XAUUSD,4295.02,4295.02,4293.5,4293.54,630.0
2026-09-15 05:56:00,FX:XAUUSD,4293.54,4293.54,4292.05,4292.24,690.0
2026-09-15 05:57:00,FX:XAUUSD,4292.24,4293.27,4291.83,4292.19,606.0
2026-09-15 05:58:00,FX:XAUUSD,4292.19,4292.19,4291.24,4291.24,414.0
2026-09-15 05:59:00,FX:XAUUSD,4291.24,4291.57,4290.7,4290.93,714.0
2026-09-15 06:00:00,FX:XAUUSD,4290.93,4294.12,4290.86,4292.05,1154.0
2026-09-15 06:01:00,FX:XAUUSD,4292.05,4293.68,4291.72,4292.62,830.0
2026-09-15 06:02:00,FX:XAUUSD,4292.62,4292.85,4292.01,4292.24,718.0
2026-09-15 06:03:00,FX:XAUUSD,4292.24,4293.42,4290.59,4291.89,1000.0
2026-09-15 06:04:00,FX:XAUUSD,4291.89,4292.07,4291.04,4291.74,805.0
2026-09-15 06:05:00,FX:XAUUSD,4291.74,4291.75,4288.29,4288.29,725.0
2026-09-15 06:06:00,FX:XAUUSD,4288.29,4288.41,4287.0,4287.47,1062.0
2026-09-15 06:07:00,FX:XAUUSD,4287.47,4287.64,4286.2,4287.28,803.0
2026-09-15 06:08:00,FX:XAUUSD,4287.28,4289.6,4287.28,4288.93,1017.0
2026-09-15 06:09:00,FX:XAUUSD,4288.93,4291.1,4288.58,4288.72,919.0
2026-09-15 06:10:00,FX:XAUUSD,4288.72,4289.36,4287.86,4287.95,511.0
2026-09-15 06:11:00,FX:XAUUSD,4287.95,4288.52,4286.14,4286.24,829.0
2026-09-15 06:12:00,FX:XAUUSD,4286.24,4287.62,4286.23,4287.18,722.0
2026-09-15 06:13:00,FX:XAUUSD,4287.18,4290.53,4286.99,4289.97,676.0
2026-09-15 06:14:00,FX:XAUUSD,4289.97,4290.28,4289.36,4289.78,587.0
2026-09-15 06:15:00,FX:XAUUSD,4289.78,4289.98,4288.9,4289.8,747.0
2026-09-15 06:16:00,FX:XAUUSD,4289.8,4291.3,4289.32,4290.53,740.0
2026-09-15 06:17:00,FX:XAUUSD,4290.53,4292.27,4290.31,4291.78,672.0
2026-09-15 06:18:00,FX:XAUUSD,4291.78,4292.21,4289.76,4290.52,713.0
2026-09-15 06:19:00,FX:XAUUSD,4290.52,4290.52,4289.42,4289.92,626.0
2026-09-15 06:20:00,FX:XAUUSD,4289.92,4289.92,4288.67,4288.86,705.0
2026-09-15 06:21:00,FX:XAUUSD,4288.86,4290.08,4288.48,4289.49,760.0
2026-09-15 06:22:00,FX:XAUUSD,4289.49,4291.58,4289.49,4290.21,689.0
2026-09-15 06:23:00,FX:XAUUSD,4290.21,4291.51,4289.84,4289.84,566.0
2026-09-15 06:24:00,FX:XAUUSD,4289.84,4290.64,4289.83,4289.97,461.0
2026-09-15 06:25:00,FX:XAUUSD,4289.97,4290.22,4287.72,4288.0,864.0
2026-09-15 06:26:00,FX:XAUUSD,4288.0,4289.19,4287.57,4288.4,733.0
2026-09-15 06:27:00,FX:XAUUSD,4288.4,4288.41,4287.24,4287.8,675.0
2026-09-15 06:28:00,FX:XAUUSD,4287.8,4289.38,4287.69,4289.37,596.0
2026-09-15 06:29:00,FX:XAUUSD,4289.37,4290.2,4289.2,4289.5,511.0
2026-09-15 06:30:00,FX:XAUUSD,4289.5,4289.6,4287.93,4287.95,681.0
2026-09-15 06:31:00,FX:XAUUSD,4287.95,4288.08,4286.82,4287.57,633.0
2026-09-15 06:32:00,FX:XAUUSD,4287.57,4288.03,4286.24,4286.97,668.0
2026-09-15 06:33:00,FX:XAUUSD,4286.97,4287.09,4285.91,4287.05,563.0
2026-09-15 06:34:00,FX:XAUUSD,4287.05,4287.91,4286.81,4287.07,444.0
2026-09-15 06:35:00,FX:XAUUSD,4287.07,4288.92,4287.07,4287.97,682.0
2026-09-15 06:36:00,FX:XAUUSD,4287.97,4288.18,4287.67,4287.99,372.0
2026-09-15 06:37:00,FX:XAUUSD,4287.99,4288.69,4287.68,4288.64,297.0
2026-09-15 06:38:00,FX:XAUUSD,4288.64,4289.75,4288.11,4289.73,521.0
2026-09-15 06:39:00,FX:XAUUSD,4289.73,4291.21,4289.26,4291.08,674.0
2026-09-15 06:40:00,FX:XAUUSD,4291.08,4291.08,4289.82,4289.97,611.0
2026-09-15 06:41:00,FX:XAUUSD,4289.97,4291.13,4289.69,4289.97,629.0
2026-09-15 06:42:00,FX:XAUUSD,4289.97,4290.65,4288.49,4288.91,514.0
2026-09-15 06:43:00,FX:XAUUSD,4288.91,4290.43,4288.79,4290.37,616.0
2026-09-15 06:44:00,FX:XAUUSD,4290.37,4291.02,4290.24,4290.88,535.0
2026-09-15 06:45:00,FX:XAUUSD,4290.88,4294.27,4290.62,4291.94,1024.0
2026-09-15 06:46:00,FX:XAUUSD,4291.94,4292.18,4290.68,4291.15,466.0
2026-09-15 06:47:00,FX:XAUUSD,4291.15,4292.16,4290.74,4291.66,474.0
2026-09-15 06:48:00,FX:XAUUSD,4291.66,4292.39,4291.17,4292.32,375.0
2026-09-15 06:49:00,FX:XAUUSD,4292.32,4292.74,4291.85,4292.41,364.0
2026-09-15 06:50:00,FX:XAUUSD,4292.41,4293.32,4292.06,4292.86,379.0
2026-09-15 06:51:00,FX:XAUUSD,4292.86,4293.64,4292.49,4293.22,334.0
2026-09-15 06:52:00,FX:XAUUSD,4293.22,4293.84,4292.27,4292.69,437.0
2026-09-15 06:53:00,FX:XAUUSD,4292.69,4293.41,4292.65,4292.84,541.0
2026-09-15 06:54:00,FX:XAUUSD,4292.84,4293.65,4292.83,4292.83,499.0
2026-09-15 06:55:00,FX:XAUUSD,4292.83,4293.18,4292.52,4293.02,532.0
2026-09-15 06:56:00,FX:XAUUSD,4293.02,4294.48,4292.75,4294.15,519.0
2026-09-15 06:57:00,FX:XAUUSD,4294.15,4295.24,4293.92,4295.12,435.0
2026-09-15 06:58:00,FX:XAUUSD,4295.12,4295.24,4293.3,4293.65,434.0
2026-09-15 06:59:00,FX:XAUUSD,4293.65,4294.28,4293.31,4293.4,454.0
2026-09-15 07:00:00,FX:XAUUSD,4293.4,4295.32,4292.01,4294.52,1011.0
2026-09-15 07:01:00,FX:XAUUSD,4294.52,4294.52,4292.03,4292.08,582.0
2026-09-15 07:02:00,FX:XAUUSD,4292.08,4292.16,4289.92,4290.77,673.0
2026-09-15 07:03:00,FX:XAUUSD,4290.77,4292.24,4289.42,4291.84,604.0
2026-09-15 07:04:00,FX:XAUUSD,4291.84,4292.55,4291.38,4291.49,319.0
2026-09-15 07:05:00,FX:XAUUSD,4291.49,4292.28,4289.1,4289.36,379.0
2026-09-15 07:06:00,FX:XAUUSD,4289.36,4290.83,4288.65,4290.58,432.0
2026-09-15 07:07:00,FX:XAUUSD,4290.58,4290.81,4289.87,4290.3,365.0
2026-09-15 07:08:00,FX:XAUUSD,4290.3,4291.12,4290.3,4290.34,337.0
2026-09-15 07:09:00,FX:XAUUSD,4290.34,4291.26,4289.66,4290.75,407.0
2026-09-15 07:10:00,FX:XAUUSD,4290.75,4291.73,4289.37,4289.37,520.0
2026-09-15 07:11:00,FX:XAUUSD,4289.37,4289.5,4287.45,4287.82,556.0
2026-09-15 07:12:00,FX:XAUUSD,4287.82,4288.15,4287.14,4287.14,562.0
2026-09-15 07:13:00,FX:XAUUSD,4287.14,4288.73,4287.14,4287.33,573.0
2026-09-15 07:14:00,FX:XAUUSD,4287.33,4288.45,4286.62,4288.13,621.0
2026-09-15 07:15:00,FX:XAUUSD,4288.13,4288.73,4288.04,4288.62,485.0
2026-09-15 07:16:00,FX:XAUUSD,4288.62,4291.55,4288.62,4291.38,604.0
2026-09-15 07:17:00,FX:XAUUSD,4291.38,4291.38,4289.73,4290.59,483.0
2026-09-15 07:18:00,FX:XAUUSD,4290.59,4291.26,4289.35,4290.38,437.0
2026-09-15 07:19:00,FX:XAUUSD,4290.38,4291.89,4289.58,4291.57,468.0
2026-09-15 07:20:00,FX:XAUUSD,4291.57,4291.8,4289.09,4289.7,656.0
2026-09-15 07:21:00,FX:XAUUSD,4289.7,4290.23,4289.35,4289.35,613.0
2026-09-15 07:22:00,FX:XAUUSD,4289.35,4289.66,4288.39,4288.75,452.0
2026-09-15 07:23:00,FX:XAUUSD,4288.75,4288.97,4287.83,4288.42,562.0
2026-09-15 07:24:00,FX:XAUUSD,4288.42,4289.1,4287.61,4288.77,651.0
2026-09-15 07:25:00,FX:XAUUSD,4288.77,4289.14,4287.64,4287.87,581.0
2026-09-15 07:26:00,FX:XAUUSD,4287.87,4288.74,4287.62,4288.09,636.0
2026-09-15 07:27:00,FX:XAUUSD,4288.09,4290.15,4287.72,4289.99,606.0
2026-09-15 07:28:00,FX:XAUUSD,4289.99,4290.69,4289.76,4290.4,505.0
2026-09-15 07:29:00,FX:XAUUSD,4290.4,4292.28,4289.98,4291.96,532.0
2026-09-15 07:30:00,FX:XAUUSD,4291.96,4292.17,4290.99,4291.16,582.0
2026-09-15 07:31:00,FX:XAUUSD,4291.16,4292.82,4290.15,4292.26,687.0
2026-09-15 07:32:00,FX:XAUUSD,4292.26,4292.37,4290.49,4290.66,589.0
2026-09-15 07:33:00,FX:XAUUSD,4290.66,4291.56,4290.39,4291.01,448.0
2026-09-15 07:34:00,FX:XAUUSD,4291.01,4291.3,4289.98,4290.34,416.0
2026-09-15 07:35:00,FX:XAUUSD,4290.34,4290.34,4287.27,4288.88,729.0
2026-09-15 07:36:00,FX:XAUUSD,4288.88,4288.88,4286.47,4287.0,548.0
2026-09-15 07:37:00,FX:XAUUSD,4287.0,4287.07,4285.28,4285.53,450.0
2026-09-15 07:38:00,FX:XAUUSD,4285.53,4285.9,4284.95,4285.57,467.0
2026-09-15 07:39:00,FX:XAUUSD,4285.57,4286.27,4285.56,4285.64,298.0
2026-09-15 07:40:00,FX:XAUUSD,4285.64,4286.67,4284.23,4284.4,421.0
2026-09-15 07:41:00,FX:XAUUSD,4284.4,4284.71,4282.47,4282.47,791.0
2026-09-15 07:42:00,FX:XAUUSD,4282.47,4282.94,4280.94,4281.7,807.0
2026-09-15 07:43:00,FX:XAUUSD,4281.7,4284.38,4281.0,4282.68,712.0
2026-09-15 07:44:00,FX:XAUUSD,4282.68,4284.92,4282.12,4283.87,688.0
2026-09-15 07:45:00,FX:XAUUSD,4283.87,4287.8,4283.63,4286.81,1139.0
2026-09-15 07:46:00,FX:XAUUSD,4286.81,4287.71,4285.76,4286.99,694.0
2026-09-15 07:47:00,FX:XAUUSD,4286.99,4289.77,4286.14,4286.23,1437.0
2026-09-15 07:48:00,FX:XAUUSD,4286.23,4286.29,4284.83,4285.83,762.0
2026-09-15 07:49:00,FX:XAUUSD,4285.83,4286.09,4284.65,4284.75,629.0
2026-09-15 07:50:00,FX:XAUUSD,4284.75,4284.93,4281.83,4282.16,679.0
2026-09-15 07:51:00,FX:XAUUSD,4282.16,4282.33,4279.37,4279.85,878.0
2026-09-15 07:52:00,FX:XAUUSD,4279.85,4280.22,4277.54,4277.54,958.0
2026-09-15 07:53:00,FX:XAUUSD,4277.54,4278.45,4276.29,4277.18,681.0
2026-09-15 07:54:00,FX:XAUUSD,4277.18,4277.73,4276.21,4277.66,772.0
2026-09-15 07:55:00,FX:XAUUSD,4277.66,4278.83,4276.31,4278.19,1047.0
2026-09-15 07:56:00,FX:XAUUSD,4278.19,4278.65,4276.97,4278.44,764.0
2026-09-15 07:57:00,FX:XAUUSD,4278.44,4278.68,4277.77,4278.41,630.0
2026-09-15 07:58:00,FX:XAUUSD,4278.41,4280.02,4278.12,4279.96,687.0
2026-09-15 07:59:00,FX:XAUUSD,4279.96,4280.72,4279.51,4280.59,664.0
2026-09-15 08:00:00,FX:XAUUSD,4280.59,4280.72,4274.72,4274.98,1613.0
2026-09-15 08:01:00,FX:XAUUSD,4274.98,4275.66,4272.57,4273.42,1178.0
2026-09-15 08:02:00,FX:XAUUSD,4273.42,4274.0,4270.96,4271.06,1089.0
2026-09-15 08:03:00,FX:XAUUSD,4271.06,4271.06,4269.09,4269.42,979.0
2026-09-15 08:04:00,FX:XAUUSD,4269.42,4269.89,4266.62,4266.7,959.0
2026-09-15 08:05:00,FX:XAUUSD,4266.7,4268.75,4266.19,4268.24,987.0
2026-09-15 08:06:00,FX:XAUUSD,4268.24,4268.35,4266.06,4267.55,874.0
2026-09-15 08:07:00,FX:XAUUSD,4267.55,4267.99,4266.74,4267.35,770.0
2026-09-15 08:08:00,FX:XAUUSD,4267.35,4267.35,4264.33,4264.43,843.0
2026-09-15 08:09:00,FX:XAUUSD,4264.43,4265.24,4264.23,4264.98,677.0
2026-09-15 08:10:00,FX:XAUUSD,4264.98,4265.24,4263.73,4263.95,766.0
2026-09-15 08:11:00,FX:XAUUSD,4263.95,4265.87,4263.56,4264.38,864.0
2026-09-15 08:12:00,FX:XAUUSD,4264.38,4266.35,4264.05,4265.31,651.0
2026-09-15 08:13:00,FX:XAUUSD,4265.31,4267.79,4263.69,4267.03,695.0
2026-09-15 08:14:00,FX:XAUUSD,4267.03,4267.89,4265.51,4267.69,1104.0
2026-09-15 08:15:00,FX:XAUUSD,4267.69,4269.83,4267.08,4269.82,902.0
2026-09-15 08:16:00,FX:XAUUSD,4269.82,4271.36,4268.58,4270.97,815.0
2026-09-15 08:17:00,FX:XAUUSD,4270.97,4272.82,4270.38,4270.82,672.0
2026-09-15 08:18:00,FX:XAUUSD,4270.82,4273.25,4270.82,4273.25,485.0
2026-09-15 08:19:00,FX:XAUUSD,4273.25,4273.94,4271.85,4273.65,715.0
2026-09-15 08:20:00,FX:XAUUSD,4273.65,4274.1,4272.37,4272.9,480.0
2026-09-15 08:21:00,FX:XAUUSD,4272.9,4273.76,4271.75,4273.06,631.0
2026-09-15 08:22:00,FX:XAUUSD,4273.06,4274.78,4272.9,4274.18,512.0
2026-09-15 08:23:00,FX:XAUUSD,4274.18,4274.5,4272.24,4272.24,509.0
2026-09-15 08:24:00,FX:XAUUSD,4272.24,4272.24,4271.33,4271.48,564.0
2026-09-15 08:25:00,FX:XAUUSD,4271.48,4272.02,4271.27,4271.36,479.0
2026-09-15 08:26:00,FX:XAUUSD,4271.36,4272.19,4270.85,4271.74,599.0
2026-09-15 08:27:00,FX:XAUUSD,4271.74,4273.38,4271.67,4272.17,518.0
2026-09-15 08:28:00,FX:XAUUSD,4272.17,4274.89,4271.49,4273.17,697.0
2026-09-15 08:29:00,FX:XAUUSD,4273.17,4273.65,4271.13,4273.14,829.0
2026-09-15 08:30:00,FX:XAUUSD,4273.14,4273.98,4271.55,4273.98,797.0
2026-09-15 08:31:00,FX:XAUUSD,4273.98,4274.5,4272.91,4273.42,480.0
2026-09-15 08:32:00,FX:XAUUSD,4273.42,4274.47,4273.07,4273.61,458.0
2026-09-15 08:33:00,FX:XAUUSD,4273.61,4274.84,4273.0,4274.68,508.0
2026-09-15 08:34:00,FX:XAUUSD,4274.68,4274.68,4272.87,4273.09,569.0
2026-09-15 08:35:00,FX:XAUUSD,4273.09,4274.63,4272.75,4274.23,669.0
2026-09-15 08:36:00,FX:XAUUSD,4274.23,4274.77,4272.42,4272.52,805.0
2026-09-15 08:37:00,FX:XAUUSD,4272.52,4273.0,4271.48,4271.76,561.0
2026-09-15 08:38:00,FX:XAUUSD,4271.76,4273.71,4270.71,4270.82,853.0
2026-09-15 08:39:00,FX:XAUUSD,4270.82,4271.06,4270.03,4270.9,514.0
2026-09-15 08:40:00,FX:XAUUSD,4270.9,4270.9,4269.0,4270.18,543.0
2026-09-15 08:41:00,FX:XAUUSD,4270.18,4270.65,4269.23,4269.56,510.0
2026-09-15 08:42:00,FX:XAUUSD,4269.56,4269.98,4268.9,4269.9,676.0
2026-09-15 08:43:00,FX:XAUUSD,4269.9,4269.9,4267.96,4268.59,573.0
2026-09-15 08:44:00,FX:XAUUSD,4268.59,4268.59,4267.07,4267.53,289.0
2026-09-15 08:45:00,FX:XAUUSD,4267.53,4268.59,4267.42,4268.49,347.0
2026-09-15 08:46:00,FX:XAUUSD,4268.49,4269.18,4268.45,4269.18,186.0
